Date,Company,Open,High,Low,Close,Adj Close,Volume
2022-07-11,Bharti_Airtel,675.0,681.0,658.9500122070312,660.5499877929688,645.5950927734375,18687521
2022-07-12,Bharti_Airtel,663.25,666.9000244140625,660.0,663.0,647.9896240234375,7416645
2022-07-13,Bharti_Airtel,670.0,670.0,641.0,643.5,628.9310302734375,12030163
2022-07-14,Bharti_Airtel,650.0,652.2000122070312,628.75,641.6500244140625,627.1229858398438,11379990
2022-07-15,Bharti_Airtel,648.9500122070312,657.5,643.25,651.7999877929688,637.043212890625,5567877
2022-07-18,Bharti_Airtel,657.0,670.0,649.1500244140625,663.0499877929688,648.0384521484375,8982417
2022-07-19,Bharti_Airtel,675.0,677.0,663.0999755859375,672.9000244140625,657.66552734375,7836419
2022-07-20,Bharti_Airtel,680.0,680.0,668.2000122070312,670.6500244140625,655.4664306640625,4458819
2022-07-21,Bharti_Airtel,671.5,679.9500122070312,671.2000122070312,678.3499755859375,662.9921264648438,3550107
2022-07-22,Bharti_Airtel,679.7000122070312,681.9000244140625,675.2000122070312,678.8499755859375,663.4807739257812,2415220
2022-07-25,Bharti_Airtel,680.0,686.5499877929688,676.5499877929688,678.4000244140625,663.0409545898438,2913348
2022-07-26,Bharti_Airtel,682.5999755859375,685.3499755859375,670.25,684.0999755859375,668.6118774414062,5016687
2022-07-27,Bharti_Airtel,683.9500122070312,683.9500122070312,669.7000122070312,674.9000244140625,659.6202392578125,6237523
2022-07-28,Bharti_Airtel,678.7999877929688,679.4000244140625,664.2000122070312,666.8499755859375,651.7525024414062,7374170
2022-07-29,Bharti_Airtel,672.7999877929688,680.6500244140625,671.0,677.9500122070312,662.60107421875,7669970
2022-08-01,Bharti_Airtel,677.9500122070312,697.7999877929688,677.0499877929688,694.4500122070312,681.744384765625,8812526
2022-08-02,Bharti_Airtel,700.0,700.2999877929688,681.1500244140625,686.7999877929688,674.2343139648438,6236599
2022-08-03,Bharti_Airtel,688.0,696.8499755859375,687.0,693.1500244140625,680.4682006835938,5237250
2022-08-04,Bharti_Airtel,698.2000122070312,698.5,680.7000122070312,694.2999877929688,681.5971069335938,6352142
2022-08-05,Bharti_Airtel,698.0,710.0,696.3499755859375,703.6500244140625,690.7760620117188,5811092
2022-08-08,Bharti_Airtel,707.9500122070312,709.8499755859375,699.0,704.3499755859375,691.4631958007812,5918607
2022-08-10,Bharti_Airtel,713.9000244140625,718.0,706.0,715.25,702.163818359375,12201239
2022-08-11,Bharti_Airtel,718.7999877929688,719.4000244140625,705.7000122070312,709.7999877929688,696.8134765625,7142902
2022-08-12,Bharti_Airtel,709.8499755859375,712.5,706.6500244140625,709.7000122070312,696.71533203125,4540159
2022-08-16,Bharti_Airtel,715.0,716.0,700.5,704.0999755859375,691.2178344726562,6679663
2022-08-17,Bharti_Airtel,707.0,724.6500244140625,702.2999877929688,722.9500122070312,709.7229614257812,8812954
2022-08-18,Bharti_Airtel,725.0,736.0,720.9000244140625,733.2000122070312,719.785400390625,10354897
2022-08-19,Bharti_Airtel,730.2000122070312,737.5999755859375,726.0,732.2999877929688,718.9017944335938,13743828
2022-08-22,Bharti_Airtel,731.8499755859375,734.4000244140625,724.4000244140625,727.5999755859375,714.2877807617188,8118490
2022-08-23,Bharti_Airtel,725.0,742.5999755859375,722.5499877929688,737.5999755859375,724.1048583984375,8229797
2022-08-24,Bharti_Airtel,722.8499755859375,754.2000122070312,718.0,738.75,725.2338256835938,14922081
2022-08-25,Bharti_Airtel,744.7999877929688,754.0499877929688,735.25,741.0,727.4426879882812,9849958
2022-08-26,Bharti_Airtel,741.5,741.5,728.0,730.8499755859375,717.4783325195312,5928897
2022-08-29,Bharti_Airtel,717.7000122070312,724.9000244140625,715.0999755859375,720.5999755859375,707.4158935546875,5878942
2022-08-30,Bharti_Airtel,722.0,730.0999755859375,711.7999877929688,726.5999755859375,713.30615234375,8894800
2022-09-01,Bharti_Airtel,726.5,746.0,726.5,735.0499877929688,721.6015625,11869518
2022-09-02,Bharti_Airtel,725.0,740.9000244140625,719.6500244140625,735.0,721.552490234375,5693707
2022-09-05,Bharti_Airtel,735.0,741.9500122070312,733.25,740.4000244140625,726.8536987304688,3660135
2022-09-06,Bharti_Airtel,740.4000244140625,765.0,740.4000244140625,761.25,747.3221435546875,10166270
2022-09-07,Bharti_Airtel,755.5,761.9000244140625,686.2000122070312,753.0999755859375,739.3212280273438,126794211
2022-09-08,Bharti_Airtel,759.0,776.0,757.0499877929688,769.7999877929688,755.7157592773438,10648073
2022-09-09,Bharti_Airtel,773.0,774.7999877929688,762.9000244140625,765.75,751.7398681640625,4627905
2022-09-12,Bharti_Airtel,767.0,771.4000244140625,764.5,769.1500244140625,755.07763671875,2654087
2022-09-13,Bharti_Airtel,774.0,788.9000244140625,770.0,784.25,769.9013671875,8335652
2022-09-14,Bharti_Airtel,776.0,788.4000244140625,775.75,783.3499755859375,769.0177612304688,6645392
2022-09-15,Bharti_Airtel,788.0,790.6500244140625,782.0,785.0999755859375,770.73583984375,5485310
2022-09-16,Bharti_Airtel,788.0,788.0,776.4500122070312,779.6500244140625,765.3856201171875,20211162
2022-09-19,Bharti_Airtel,773.5,786.0,772.2000122070312,782.75,768.4288330078125,5760313
2022-09-20,Bharti_Airtel,786.7000122070312,796.9500122070312,785.0,792.1500244140625,777.6568603515625,7936714
2022-09-21,Bharti_Airtel,792.1500244140625,797.0,779.0,780.2000122070312,765.9254760742188,9966193
2022-09-22,Bharti_Airtel,791.2000122070312,794.7999877929688,776.3499755859375,784.0999755859375,769.7540893554688,7721133
2022-09-23,Bharti_Airtel,788.0,788.0,768.7000122070312,771.3499755859375,757.2373657226562,9271829
2022-09-26,Bharti_Airtel,769.9500122070312,771.1500244140625,753.2000122070312,755.0499877929688,741.235595703125,13144297
2022-09-27,Bharti_Airtel,758.8499755859375,765.0,757.2000122070312,760.5999755859375,746.6840209960938,5965026
2022-09-28,Bharti_Airtel,755.5,771.0,755.0,761.4500122070312,747.5184936523438,5546932
2022-09-29,Bharti_Airtel,763.9500122070312,769.0,759.2999877929688,764.6500244140625,750.6599731445312,5413233
2022-09-30,Bharti_Airtel,765.9500122070312,809.0,761.4500122070312,799.9000244140625,785.2650756835938,7469164
2022-10-03,Bharti_Airtel,803.4000244140625,815.5499877929688,798.0499877929688,803.3499755859375,788.6519775390625,12619046
2022-10-04,Bharti_Airtel,813.0,816.75,807.5,808.7000122070312,793.904052734375,5772140
2022-10-06,Bharti_Airtel,810.5499877929688,815.8499755859375,786.6500244140625,788.5999755859375,774.1717529296875,6503205
2022-10-07,Bharti_Airtel,792.0,796.7999877929688,784.7000122070312,793.0999755859375,778.5894165039062,6025982
2022-10-10,Bharti_Airtel,784.9500122070312,794.7999877929688,779.7000122070312,792.3499755859375,777.8531494140625,3519416
2022-10-11,Bharti_Airtel,797.5,797.5,776.0,780.2999877929688,766.023681640625,3699862
2022-10-12,Bharti_Airtel,780.2999877929688,781.3499755859375,769.2000122070312,775.5499877929688,761.360595703125,5984299
2022-10-13,Bharti_Airtel,775.0,779.0,767.6500244140625,768.9000244140625,754.832275390625,2842056
2022-10-14,Bharti_Airtel,779.9500122070312,779.9500122070312,763.0499877929688,765.9500122070312,751.9362182617188,3608210
2022-10-17,Bharti_Airtel,761.0,771.0,759.8499755859375,766.0,751.9852905273438,4566333
2022-10-18,Bharti_Airtel,769.8499755859375,785.5999755859375,768.6500244140625,783.1500244140625,768.8214721679688,4391263
2022-10-19,Bharti_Airtel,787.9500122070312,788.6500244140625,779.5,783.4000244140625,769.0669555664062,5219180
2022-10-20,Bharti_Airtel,782.0,794.0,778.2999877929688,792.9000244140625,778.3931274414062,4756732
2022-10-21,Bharti_Airtel,790.0,802.8499755859375,789.75,797.4500122070312,782.8599243164062,4807736
2022-10-24,Bharti_Airtel,800.0,807.5,800.0,802.0999755859375,787.4247436523438,522406
2022-10-25,Bharti_Airtel,806.1500244140625,806.3499755859375,798.7000122070312,802.2999877929688,787.62109375,3184277
2022-10-27,Bharti_Airtel,806.5,822.2000122070312,804.2000122070312,817.0999755859375,802.1503295898438,8159181
2022-10-28,Bharti_Airtel,819.0,824.4000244140625,811.2999877929688,816.8499755859375,801.9049072265625,3905093
2022-10-31,Bharti_Airtel,823.0,833.7999877929688,820.0,832.0,816.7777709960938,5487233
2022-11-01,Bharti_Airtel,828.0,841.4500122070312,821.0499877929688,835.5499877929688,820.2628173828125,10488759
2022-11-02,Bharti_Airtel,830.0,830.0,807.25,809.8499755859375,795.032958984375,11729925
2022-11-03,Bharti_Airtel,809.75,824.4000244140625,804.2000122070312,818.6500244140625,803.6719970703125,5897840
2022-11-04,Bharti_Airtel,815.7000122070312,821.7999877929688,809.2000122070312,816.4000244140625,801.4631958007812,3768226
2022-11-07,Bharti_Airtel,817.0,824.0499877929688,809.0,822.7000122070312,807.6478881835938,7171570
2022-11-09,Bharti_Airtel,824.2000122070312,825.5,814.4500122070312,819.0499877929688,804.064697265625,3969171
2022-11-10,Bharti_Airtel,819.7999877929688,830.7000122070312,817.5499877929688,825.75,810.64208984375,4425290
2022-11-11,Bharti_Airtel,830.75,836.9000244140625,823.7999877929688,826.9000244140625,811.7711181640625,4325441
2022-11-14,Bharti_Airtel,818.0,830.7999877929688,817.0,821.9000244140625,806.862548828125,10406576
2022-11-15,Bharti_Airtel,822.6500244140625,838.75,822.6500244140625,835.25,819.96826171875,6229710
2022-11-16,Bharti_Airtel,837.5,844.0499877929688,828.0499877929688,841.2000122070312,825.8093872070312,3445345
2022-11-17,Bharti_Airtel,841.7999877929688,849.4000244140625,838.4000244140625,846.1500244140625,830.6689453125,4545534
2022-11-18,Bharti_Airtel,849.9500122070312,851.8499755859375,831.0999755859375,837.2999877929688,821.980712890625,7405949
2022-11-21,Bharti_Airtel,837.0,852.7999877929688,835.0,851.2000122070312,835.62646484375,5527122
2022-11-22,Bharti_Airtel,853.4000244140625,860.5499877929688,845.0999755859375,847.5999755859375,832.09228515625,7601660
2022-11-23,Bharti_Airtel,851.8499755859375,851.8499755859375,841.5999755859375,843.25,827.8219604492188,4596816
2022-11-24,Bharti_Airtel,846.0,851.0,837.75,848.3499755859375,832.8285522460938,3455310
2022-11-25,Bharti_Airtel,852.0,860.0,841.5999755859375,846.8499755859375,831.3560791015625,2991065
2022-11-28,Bharti_Airtel,840.25,852.5499877929688,836.0499877929688,837.4000244140625,822.0789184570312,3668846
2022-11-29,Bharti_Airtel,839.0,844.7999877929688,835.0,835.8499755859375,820.5573120117188,2680296
2022-11-30,Bharti_Airtel,834.7999877929688,852.0,832.5999755859375,848.75,833.2212524414062,6874390
2022-12-01,Bharti_Airtel,853.0,853.2000122070312,841.5999755859375,848.5999755859375,833.0740356445312,4506664
2022-12-02,Bharti_Airtel,851.4000244140625,851.9500122070312,839.0999755859375,848.6500244140625,833.1231079101562,3505272
2022-12-05,Bharti_Airtel,851.0,851.5999755859375,840.8499755859375,844.0999755859375,828.6563110351562,3311316
2022-12-06,Bharti_Airtel,844.9000244140625,845.0,829.7000122070312,833.3499755859375,818.10302734375,5567349
2022-12-07,Bharti_Airtel,837.5499877929688,841.5999755859375,832.0,834.0,818.7411499023438,3771882
2022-12-08,Bharti_Airtel,833.0,840.2000122070312,826.2999877929688,832.5999755859375,817.3667602539062,4822179
2022-12-09,Bharti_Airtel,830.2999877929688,836.5999755859375,823.9500122070312,834.9000244140625,819.624755859375,4615843
2022-12-12,Bharti_Airtel,832.5999755859375,836.9500122070312,825.4000244140625,828.4000244140625,813.24365234375,3149823
2022-12-13,Bharti_Airtel,822.0,840.0,822.0,838.0499877929688,822.717041015625,3832999
2022-12-14,Bharti_Airtel,840.6500244140625,842.0,828.1500244140625,829.2000122070312,814.0289916992188,7491333
2022-12-15,Bharti_Airtel,829.0,831.0,824.3499755859375,826.3499755859375,811.2310180664062,2996482
2022-12-16,Bharti_Airtel,825.0,832.7000122070312,819.9000244140625,822.75,807.6969604492188,4309644
2022-12-19,Bharti_Airtel,822.7000122070312,845.0499877929688,822.0,840.4000244140625,825.0240478515625,6397169
2022-12-20,Bharti_Airtel,839.75,839.75,822.0,828.9500122070312,813.7835083007812,2828863
2022-12-21,Bharti_Airtel,833.0,833.0499877929688,812.3499755859375,814.0,799.1071166992188,5079337
2022-12-22,Bharti_Airtel,819.0,824.7000122070312,809.5,816.5999755859375,801.6594848632812,3626834
2022-12-23,Bharti_Airtel,814.0,817.9500122070312,805.0,808.6500244140625,793.85498046875,2804496
2022-12-26,Bharti_Airtel,805.0499877929688,815.2000122070312,801.1500244140625,811.0,796.1619873046875,6023206
2022-12-27,Bharti_Airtel,815.0,819.4500122070312,805.0,814.7999877929688,799.8923950195312,1782053
2022-12-28,Bharti_Airtel,813.0,813.9000244140625,801.4500122070312,803.7999877929688,789.0936279296875,2907741
2022-12-29,Bharti_Airtel,807.0499877929688,824.75,760.0999755859375,820.75,805.7335815429688,6110313
2022-12-30,Bharti_Airtel,824.7000122070312,824.7999877929688,804.9500122070312,806.0999755859375,791.3516235351562,3113243
2023-01-02,Bharti_Airtel,806.25,816.2000122070312,805.5999755859375,813.5,798.6162719726562,1626846
2023-01-03,Bharti_Airtel,810.3499755859375,818.7999877929688,808.5,817.5999755859375,802.6411743164062,1717603
2023-01-04,Bharti_Airtel,818.9500122070312,820.4500122070312,806.2000122070312,811.7999877929688,796.9473266601562,2970216
2023-01-05,Bharti_Airtel,825.0,825.0,803.75,807.0999755859375,792.3333129882812,5297349
2023-01-06,Bharti_Airtel,807.5499877929688,812.25,792.0,796.0,781.4364013671875,3199618
2023-01-09,Bharti_Airtel,802.7000122070312,821.5,801.0499877929688,819.4000244140625,804.4082641601562,4340729
2023-01-10,Bharti_Airtel,826.0999755859375,826.0999755859375,790.2999877929688,792.8499755859375,778.343994140625,8392344
2023-01-11,Bharti_Airtel,775.0,779.6500244140625,751.6500244140625,765.5499877929688,751.54345703125,28389020
2023-01-12,Bharti_Airtel,765.0,769.2999877929688,753.5499877929688,756.9000244140625,743.0518188476562,12732671
2023-01-13,Bharti_Airtel,757.0,765.9500122070312,752.0,764.2999877929688,750.31640625,12279288
2023-01-16,Bharti_Airtel,766.4000244140625,768.0999755859375,754.6500244140625,759.1500244140625,745.2606201171875,5779293
2023-01-17,Bharti_Airtel,759.1500244140625,768.9000244140625,758.75,765.7000122070312,751.6907958984375,6594428
2023-01-18,Bharti_Airtel,768.2000122070312,780.0,766.0,776.5499877929688,762.34228515625,5800899
2023-01-19,Bharti_Airtel,776.0,776.5,765.6500244140625,772.0,757.87548828125,4169463
2023-01-20,Bharti_Airtel,775.8499755859375,775.8499755859375,758.2999877929688,764.4500122070312,750.463623046875,6289718
2023-01-23,Bharti_Airtel,767.9000244140625,776.0,763.8499755859375,772.7000122070312,758.5626831054688,2685320
2023-01-24,Bharti_Airtel,773.0,777.5499877929688,761.0,775.6500244140625,761.458740234375,5012125
2023-01-25,Bharti_Airtel,774.9500122070312,780.5,768.0,776.5,762.2931518554688,6560514
2023-01-27,Bharti_Airtel,774.9500122070312,778.9000244140625,765.7999877929688,774.5,760.3297119140625,6745926
2023-01-30,Bharti_Airtel,771.5999755859375,774.9500122070312,763.0,770.2000122070312,756.1084594726562,5420851
2023-01-31,Bharti_Airtel,775.0,779.0,768.4000244140625,770.2999877929688,756.2066650390625,8537557
2023-02-01,Bharti_Airtel,775.9500122070312,784.6500244140625,756.5999755859375,769.0999755859375,755.028564453125,4472974
2023-02-02,Bharti_Airtel,765.0999755859375,781.0,765.0499877929688,777.75,763.5203247070312,2841909
2023-02-03,Bharti_Airtel,779.9000244140625,794.9500122070312,778.4000244140625,792.9000244140625,778.3931274414062,5493687
2023-02-06,Bharti_Airtel,789.7000122070312,794.6500244140625,778.7999877929688,789.25,774.8098754882812,2407975
2023-02-07,Bharti_Airtel,793.9000244140625,795.8499755859375,783.0,785.9000244140625,771.521240234375,4126502
2023-02-08,Bharti_Airtel,778.0,781.0,765.0,775.0999755859375,760.9187622070312,9951783
2023-02-09,Bharti_Airtel,770.0,775.0999755859375,761.2999877929688,766.6500244140625,752.6234130859375,5913945
2023-02-10,Bharti_Airtel,768.9500122070312,773.2000122070312,761.0,771.9500122070312,757.8264770507812,2954992
2023-02-13,Bharti_Airtel,771.0,779.5999755859375,766.7000122070312,768.5999755859375,754.5377197265625,3705892
2023-02-14,Bharti_Airtel,769.0,777.5999755859375,766.2000122070312,775.2000122070312,761.0169677734375,3502010
2023-02-15,Bharti_Airtel,775.0,787.1500244140625,772.2000122070312,785.4000244140625,771.0303955078125,3602838
2023-02-16,Bharti_Airtel,789.6500244140625,790.5,780.5999755859375,784.4500122070312,770.0977172851562,3399428
2023-02-17,Bharti_Airtel,785.9500122070312,787.4500122070312,770.2999877929688,776.7999877929688,762.587646484375,3093216
2023-02-20,Bharti_Airtel,781.25,793.7999877929688,777.0999755859375,779.1500244140625,764.894775390625,3381774
2023-02-21,Bharti_Airtel,783.0499877929688,788.0,778.1500244140625,779.0499877929688,764.7965087890625,2769616
2023-02-22,Bharti_Airtel,777.0,781.6500244140625,766.5,772.1500244140625,758.0228271484375,3261898
2023-02-23,Bharti_Airtel,774.0,777.5,761.8499755859375,762.9500122070312,748.9910888671875,4062194
2023-02-24,Bharti_Airtel,775.7000122070312,775.7999877929688,755.0,757.0999755859375,743.2481079101562,4357223
2023-02-27,Bharti_Airtel,753.0,754.4000244140625,738.4500122070312,752.9000244140625,739.1249389648438,6719439
2023-02-28,Bharti_Airtel,755.0,757.0999755859375,739.6500244140625,742.25,728.6697998046875,10562614
2023-03-01,Bharti_Airtel,742.4000244140625,753.4500122070312,741.0,750.2000122070312,736.474365234375,3744982
2023-03-02,Bharti_Airtel,751.0,751.7999877929688,735.7999877929688,740.0999755859375,726.5591430664062,4910541
2023-03-03,Bharti_Airtel,745.0,765.9000244140625,743.5499877929688,764.4000244140625,750.41455078125,5759333
2023-03-06,Bharti_Airtel,766.7000122070312,775.9000244140625,765.0999755859375,766.5999755859375,752.5742797851562,4597345
2023-03-08,Bharti_Airtel,764.0,769.9000244140625,760.7000122070312,766.5499877929688,752.5252075195312,3546995
2023-03-09,Bharti_Airtel,795.0,795.0,770.2000122070312,773.4000244140625,759.2498779296875,5240056
2023-03-10,Bharti_Airtel,773.0,778.9500122070312,768.2000122070312,773.75,759.593505859375,4113931
2023-03-13,Bharti_Airtel,777.4500122070312,777.7999877929688,763.1500244140625,765.2999877929688,751.298095703125,3447889
2023-03-14,Bharti_Airtel,764.0,776.75,764.0,771.7999877929688,757.6791381835938,3753502
2023-03-15,Bharti_Airtel,758.0,765.5499877929688,752.5,756.6500244140625,742.806396484375,8101060
2023-03-16,Bharti_Airtel,750.0,759.0,743.5,745.9500122070312,732.3021240234375,7465693
2023-03-17,Bharti_Airtel,750.0,759.4500122070312,739.1500244140625,757.25,743.3953857421875,9306857
2023-03-20,Bharti_Airtel,754.9500122070312,759.7999877929688,748.7999877929688,754.7999877929688,740.9901733398438,3566109
2023-03-21,Bharti_Airtel,760.0,766.0,755.1500244140625,756.9500122070312,743.1008911132812,5332221
2023-03-22,Bharti_Airtel,761.0,763.2000122070312,753.1500244140625,756.7000122070312,742.8554077148438,2680654
2023-03-23,Bharti_Airtel,758.0,765.7999877929688,756.8499755859375,763.5499877929688,749.580078125,2454948
2023-03-24,Bharti_Airtel,763.5499877929688,767.0,758.8499755859375,762.4500122070312,748.500244140625,2336818
2023-03-27,Bharti_Airtel,763.0,769.7000122070312,759.3499755859375,761.75,747.81298828125,2258853
2023-03-28,Bharti_Airtel,765.5999755859375,765.5999755859375,742.7999877929688,748.4500122070312,734.7564086914062,4166723
2023-03-29,Bharti_Airtel,751.0,754.9000244140625,738.8499755859375,743.5999755859375,729.9951171875,4891868
2023-03-31,Bharti_Airtel,752.1500244140625,753.0,742.0499877929688,749.0,735.2963256835938,5796532
2023-04-03,Bharti_Airtel,755.0,761.9000244140625,752.0499877929688,760.5499877929688,746.6349487304688,2120667
2023-04-05,Bharti_Airtel,768.0,768.0,756.0,763.4500122070312,749.48193359375,3197932
2023-04-06,Bharti_Airtel,762.5999755859375,768.7000122070312,759.0999755859375,765.9500122070312,751.9362182617188,1777379
2023-04-10,Bharti_Airtel,768.9500122070312,776.2999877929688,766.4500122070312,769.75,755.6666870117188,1701065
2023-04-11,Bharti_Airtel,776.0,776.0,768.1500244140625,774.1500244140625,759.9862060546875,3485481
2023-04-12,Bharti_Airtel,774.0,774.5499877929688,765.0999755859375,771.0999755859375,756.9918823242188,3794841
2023-04-13,Bharti_Airtel,770.0,771.1500244140625,765.4500122070312,767.0499877929688,753.0160522460938,4292170
2023-04-17,Bharti_Airtel,789.0,789.0,754.3499755859375,759.6500244140625,745.75146484375,9083437
2023-04-18,Bharti_Airtel,765.0,765.0,752.5499877929688,759.75,745.8496704101562,4051481
2023-04-19,Bharti_Airtel,761.3499755859375,766.8499755859375,756.0,764.6500244140625,750.6599731445312,3429794
2023-04-20,Bharti_Airtel,764.0,773.75,762.5999755859375,772.2999877929688,758.1699829101562,2355441
2023-04-21,Bharti_Airtel,769.5999755859375,775.25,764.4500122070312,765.2000122070312,751.199951171875,4524208
2023-04-24,Bharti_Airtel,765.2000122070312,767.4000244140625,755.6500244140625,760.25,746.3404541015625,5271105
2023-04-25,Bharti_Airtel,764.9500122070312,777.0,761.75,772.5999755859375,758.4644775390625,5773233
2023-04-26,Bharti_Airtel,779.9000244140625,779.9000244140625,767.0999755859375,773.4500122070312,759.2990112304688,5057352
2023-04-27,Bharti_Airtel,772.0,789.2000122070312,771.3499755859375,786.5,772.1102294921875,4129769
2023-04-28,Bharti_Airtel,789.8499755859375,802.0499877929688,787.2000122070312,799.2999877929688,784.676025390625,6572656
2023-05-02,Bharti_Airtel,800.25,806.7999877929688,788.5499877929688,790.2000122070312,775.7425537109375,6301210
2023-05-03,Bharti_Airtel,794.5,794.5,777.2000122070312,779.2999877929688,765.0419311523438,3908267
2023-05-04,Bharti_Airtel,779.2999877929688,792.7000122070312,773.6500244140625,789.0999755859375,774.6626586914062,2457671
2023-05-05,Bharti_Airtel,789.0999755859375,790.9500122070312,780.25,787.2999877929688,772.8956298828125,1438467
2023-05-08,Bharti_Airtel,789.9000244140625,795.2999877929688,785.2000122070312,793.75,779.2276000976562,2489174
2023-05-09,Bharti_Airtel,796.9000244140625,798.3499755859375,790.5,793.5999755859375,779.0802612304688,2486331
2023-05-10,Bharti_Airtel,797.0,797.5499877929688,788.0499877929688,796.0499877929688,781.4854736328125,2737334
2023-05-11,Bharti_Airtel,794.5499877929688,794.5499877929688,783.7000122070312,788.5999755859375,774.1717529296875,4808171
2023-05-12,Bharti_Airtel,787.5,793.7000122070312,784.5,791.9500122070312,777.4605102539062,2576010
2023-05-15,Bharti_Airtel,793.0,802.5,789.5499877929688,797.0499877929688,782.4671630859375,7569060
2023-05-16,Bharti_Airtel,800.8499755859375,801.25,784.0,787.3499755859375,772.9446411132812,4846217
2023-05-17,Bharti_Airtel,788.0,797.6500244140625,783.9000244140625,792.25,777.7550048828125,6529233
2023-05-18,Bharti_Airtel,797.9500122070312,803.0,794.6500244140625,799.3499755859375,784.72509765625,11383252
2023-05-19,Bharti_Airtel,799.3499755859375,808.3499755859375,793.25,805.75,791.0079956054688,3432240
2023-05-22,Bharti_Airtel,801.0,804.0,799.5,801.8499755859375,787.1793823242188,9996762
2023-05-23,Bharti_Airtel,808.9500122070312,808.9500122070312,797.9500122070312,799.9500122070312,785.3141479492188,6516636
2023-05-24,Bharti_Airtel,802.9000244140625,802.9000244140625,795.0,801.4000244140625,786.7376098632812,9104329
2023-05-25,Bharti_Airtel,799.5999755859375,825.5,797.8499755859375,822.7000122070312,807.6478881835938,9570396
2023-05-26,Bharti_Airtel,827.9000244140625,829.3499755859375,813.4000244140625,817.9500122070312,802.9848022460938,6150206
2023-05-29,Bharti_Airtel,829.4000244140625,829.4000244140625,818.0,821.25,806.2244262695312,3684829
2023-05-30,Bharti_Airtel,821.25,826.3499755859375,812.7999877929688,818.4500122070312,803.4756469726562,5148256
2023-05-31,Bharti_Airtel,819.0,888.75,818.0,849.9000244140625,834.3502807617188,47342125
2023-06-01,Bharti_Airtel,837.9500122070312,837.9500122070312,823.0,827.9500122070312,812.8018188476562,9713155
2023-06-02,Bharti_Airtel,832.7999877929688,839.2999877929688,826.9500122070312,836.5,821.1954345703125,6834131
2023-06-05,Bharti_Airtel,838.5,841.3499755859375,832.1500244140625,834.5,819.2319946289062,5298053
2023-06-06,Bharti_Airtel,834.5,838.25,826.1500244140625,829.4500122070312,814.2743530273438,2722174
2023-06-07,Bharti_Airtel,828.9000244140625,847.5,827.25,844.25,828.8036499023438,4110739
2023-06-08,Bharti_Airtel,847.7000122070312,849.4000244140625,834.5499877929688,836.0,820.7045288085938,4050621
2023-06-09,Bharti_Airtel,838.5499877929688,839.7999877929688,828.9500122070312,833.5,818.2503051757812,3332436
2023-06-12,Bharti_Airtel,834.8499755859375,843.0999755859375,831.75,836.3499755859375,821.0481567382812,1569715
2023-06-13,Bharti_Airtel,838.0999755859375,844.0,832.75,834.3499755859375,819.084716796875,3224345
2023-06-14,Bharti_Airtel,832.0,833.9500122070312,819.0,827.9500122070312,812.8018188476562,5108720
2023-06-15,Bharti_Airtel,827.0,833.7999877929688,824.2000122070312,829.7000122070312,814.5198364257812,3865201
2023-06-16,Bharti_Airtel,822.5,840.0,820.7999877929688,837.7999877929688,822.4715576171875,4907797
2023-06-19,Bharti_Airtel,840.0,840.0,827.5,828.1500244140625,812.9981689453125,3017364
2023-06-20,Bharti_Airtel,828.0999755859375,833.7000122070312,826.8499755859375,831.2000122070312,815.992431640625,2691557
2023-06-21,Bharti_Airtel,832.0,840.75,830.4000244140625,839.0,823.649658203125,3022724
2023-06-22,Bharti_Airtel,836.7000122070312,843.5,834.7000122070312,842.7999877929688,827.380126953125,4380046
2023-06-23,Bharti_Airtel,844.0,862.75,841.3499755859375,854.7999877929688,839.1605834960938,7667340
2023-06-26,Bharti_Airtel,857.3499755859375,857.3499755859375,846.3499755859375,851.9500122070312,836.3627319335938,4431992
2023-06-27,Bharti_Airtel,856.5,871.3499755859375,853.5999755859375,864.9000244140625,849.0758056640625,5533649
2023-06-28,Bharti_Airtel,869.5,873.5999755859375,863.5999755859375,872.2000122070312,856.2422485351562,6272649
2023-06-30,Bharti_Airtel,880.0,883.0,867.0499877929688,878.75,862.6724243164062,5217511
2023-07-03,Bharti_Airtel,880.0,884.1500244140625,874.5999755859375,879.1500244140625,863.0650634765625,3333167
2023-07-04,Bharti_Airtel,873.7999877929688,873.7999877929688,853.2999877929688,865.1500244140625,849.3212890625,7397493
2023-07-05,Bharti_Airtel,868.0,871.0,863.0499877929688,866.6500244140625,850.7938232421875,4284477
2023-07-06,Bharti_Airtel,864.3499755859375,877.9000244140625,863.4500122070312,869.6500244140625,853.7388916015625,6365222
2023-07-07,Bharti_Airtel,865.0,883.5999755859375,862.5,870.4500122070312,854.5242309570312,18763997
2023-07-10,Bharti_Airtel,867.0,889.5999755859375,865.0,885.4000244140625,869.2007446289062,4310681
2023-07-11,Bharti_Airtel,890.0,893.1500244140625,886.2999877929688,891.9000244140625,875.5818481445312,3353977
2023-07-12,Bharti_Airtel,889.9500122070312,895.7000122070312,883.0999755859375,889.9500122070312,873.6675415039062,3033186
2023-07-13,Bharti_Airtel,891.3499755859375,893.2999877929688,883.25,885.0499877929688,868.857177734375,4228714
2023-07-14,Bharti_Airtel,885.0,890.25,879.6500244140625,886.5,870.2805786132812,3860080
2023-07-17,Bharti_Airtel,886.0,896.6500244140625,876.0,878.0999755859375,862.0343017578125,5614592
2023-07-18,Bharti_Airtel,877.0499877929688,880.2000122070312,863.1500244140625,875.4500122070312,859.4328002929688,4731911
2023-07-19,Bharti_Airtel,875.4500122070312,877.0,867.2000122070312,870.75,854.8187255859375,6641825
2023-07-20,Bharti_Airtel,871.0,886.7000122070312,868.0,884.8499755859375,868.6607666015625,3779959
2023-07-21,Bharti_Airtel,878.0999755859375,891.9000244140625,874.7999877929688,886.0,869.7897338867188,7001587
2023-07-24,Bharti_Airtel,885.0,892.5999755859375,880.7999877929688,888.1500244140625,871.9005126953125,4125577
2023-07-25,Bharti_Airtel,888.0,894.7000122070312,879.0999755859375,883.6500244140625,867.4827880859375,3652262
2023-07-26,Bharti_Airtel,886.5,896.5,883.2999877929688,889.4000244140625,873.1275634765625,2845581
2023-07-27,Bharti_Airtel,889.3499755859375,901.4000244140625,888.1500244140625,895.1500244140625,878.7723388671875,3445446
2023-07-28,Bharti_Airtel,899.9000244140625,899.9000244140625,890.5499877929688,895.0999755859375,878.7232666015625,2314339
2023-07-31,Bharti_Airtel,894.0,897.7999877929688,885.25,889.9000244140625,873.618408203125,4424817
2023-08-01,Bharti_Airtel,894.5,897.4000244140625,888.1500244140625,891.6500244140625,875.3363647460938,2087412
2023-08-02,Bharti_Airtel,883.2000122070312,890.6500244140625,872.5999755859375,878.0999755859375,862.0343017578125,3328903
2023-08-03,Bharti_Airtel,875.0,882.0499877929688,865.0999755859375,871.7000122070312,855.7514038085938,4642067
2023-08-04,Bharti_Airtel,869.0,892.9500122070312,866.2000122070312,889.6500244140625,873.373046875,7066276
2023-08-07,Bharti_Airtel,885.1500244140625,900.5499877929688,884.0999755859375,891.4000244140625,875.0909423828125,4086452
2023-08-08,Bharti_Airtel,892.0,894.2999877929688,880.4500122070312,885.4000244140625,869.2007446289062,3282856
2023-08-09,Bharti_Airtel,885.0,897.4500122070312,878.7999877929688,883.7000122070312,867.5317993164062,3185159
2023-08-10,Bharti_Airtel,882.0,883.9000244140625,868.2000122070312,874.7999877929688,858.794677734375,3439922
2023-08-11,Bharti_Airtel,872.0,873.7000122070312,865.0,870.5499877929688,858.548095703125,2812690
2023-08-14,Bharti_Airtel,870.5,870.5999755859375,857.5999755859375,867.0499877929688,855.0963745117188,2665905
2023-08-16,Bharti_Airtel,870.0,874.0,853.2000122070312,856.9500122070312,845.1356201171875,3962408
2023-08-17,Bharti_Airtel,857.2000122070312,859.8499755859375,850.0,856.7000122070312,844.8890991210938,3013019
2023-08-18,Bharti_Airtel,856.7000122070312,862.0,852.25,856.25,844.4452514648438,4929835
2023-08-21,Bharti_Airtel,855.6500244140625,874.0,854.0999755859375,871.9500122070312,859.9287719726562,3220142
2023-08-22,Bharti_Airtel,871.0,879.9500122070312,866.2000122070312,877.6500244140625,865.5502319335938,3333869
2023-08-23,Bharti_Airtel,877.0,877.0,866.7999877929688,868.1500244140625,856.1812744140625,1860153
2023-08-24,Bharti_Airtel,873.0,874.7000122070312,864.2000122070312,869.4500122070312,857.4632568359375,2842728
2023-08-25,Bharti_Airtel,869.4500122070312,875.9500122070312,861.0999755859375,873.5,861.4574584960938,3124339
2023-08-28,Bharti_Airtel,874.0499877929688,875.75,865.8499755859375,870.3499755859375,858.350830078125,3094455
2023-08-29,Bharti_Airtel,870.0,870.0,848.5,855.2000122070312,843.4097900390625,14064286
2023-08-30,Bharti_Airtel,859.8499755859375,862.5999755859375,856.4500122070312,857.75,845.924560546875,3261665
2023-08-31,Bharti_Airtel,855.5,859.5,847.0499877929688,856.4000244140625,844.59326171875,12528190
2023-09-01,Bharti_Airtel,853.1500244140625,867.5499877929688,852.75,865.9500122070312,854.0115356445312,4427899
2023-09-04,Bharti_Airtel,865.75,869.4500122070312,859.7000122070312,865.2999877929688,853.3704833984375,3102649
2023-09-05,Bharti_Airtel,863.0999755859375,867.7999877929688,858.4000244140625,865.9000244140625,853.9622192382812,2216754
2023-09-06,Bharti_Airtel,867.1500244140625,882.4000244140625,865.7999877929688,880.2999877929688,868.1636352539062,4235096
2023-09-07,Bharti_Airtel,880.2999877929688,883.7000122070312,873.1500244140625,875.2999877929688,863.2326049804688,4532834
2023-09-08,Bharti_Airtel,881.7999877929688,890.6500244140625,878.1500244140625,885.8499755859375,873.6371459960938,3741470
2023-09-11,Bharti_Airtel,888.0,892.2999877929688,883.5999755859375,890.7999877929688,878.5189208984375,2733894
2023-09-12,Bharti_Airtel,894.9000244140625,896.5,885.0,890.4000244140625,878.1244506835938,4106031
2023-09-13,Bharti_Airtel,888.0499877929688,918.0,885.5499877929688,915.1500244140625,902.533203125,5222561
2023-09-14,Bharti_Airtel,920.2999877929688,920.5999755859375,910.0999755859375,914.9500122070312,902.3359985351562,5513106
2023-09-15,Bharti_Airtel,912.5999755859375,948.7000122070312,910.0,936.1500244140625,923.2437133789062,14003428
2023-09-18,Bharti_Airtel,929.4000244140625,935.7999877929688,918.0,920.2000122070312,907.5136108398438,2977375
2023-09-20,Bharti_Airtel,911.0,919.2999877929688,904.7999877929688,910.7000122070312,898.1445922851562,5241903
2023-09-21,Bharti_Airtel,910.2000122070312,920.1500244140625,903.3499755859375,917.9500122070312,905.2946166992188,4896202
2023-09-22,Bharti_Airtel,917.9500122070312,922.3499755859375,903.7999877929688,911.4000244140625,898.8349609375,6112928
2023-09-25,Bharti_Airtel,912.0,913.3499755859375,902.0499877929688,910.4000244140625,897.8487548828125,5278045
2023-09-26,Bharti_Airtel,910.0,920.9500122070312,908.0,912.7000122070312,900.1170043945312,5355047
2023-09-27,Bharti_Airtel,914.9500122070312,921.0499877929688,907.4500122070312,920.25,907.5629272460938,4713145
2023-09-28,Bharti_Airtel,926.0,932.0,918.5999755859375,925.6500244140625,912.8884887695312,7386917
2023-09-29,Bharti_Airtel,932.0,936.4000244140625,921.7999877929688,926.4000244140625,913.6281127929688,5608557
2023-10-03,Bharti_Airtel,918.25,928.25,916.0499877929688,925.2999877929688,912.5432739257812,4338272
2023-10-04,Bharti_Airtel,918.2999877929688,925.9500122070312,918.2999877929688,924.25,911.5077514648438,5603669
2023-10-05,Bharti_Airtel,925.0499877929688,929.5999755859375,919.4000244140625,928.8499755859375,916.0443725585938,7063132
2023-10-06,Bharti_Airtel,929.2000122070312,929.2000122070312,924.2999877929688,926.0499877929688,913.282958984375,2420855
2023-10-09,Bharti_Airtel,918.0,928.0499877929688,916.5499877929688,924.5499877929688,911.8036499023438,2248103
2023-10-10,Bharti_Airtel,924.5499877929688,954.0499877929688,921.0499877929688,948.3499755859375,935.2755126953125,7897875
2023-10-11,Bharti_Airtel,948.5,956.7999877929688,948.0,955.5999755859375,942.425537109375,5645289
2023-10-12,Bharti_Airtel,955.5999755859375,956.7999877929688,947.0,950.3499755859375,937.2479248046875,5544735
2023-10-13,Bharti_Airtel,946.2999877929688,955.9500122070312,946.2999877929688,954.2000122070312,941.0448608398438,4421671
2023-10-16,Bharti_Airtel,957.9500122070312,958.75,943.8499755859375,946.5499877929688,933.5003051757812,1881721
2023-10-17,Bharti_Airtel,946.5499877929688,960.25,946.0,953.6500244140625,940.5025024414062,3863410
2023-10-18,Bharti_Airtel,953.0,958.9000244140625,950.6500244140625,952.8499755859375,939.7135009765625,2334392
2023-10-19,Bharti_Airtel,945.7999877929688,951.2999877929688,941.3499755859375,942.9500122070312,929.949951171875,4306963
2023-10-20,Bharti_Airtel,937.7999877929688,947.5,937.0,945.2000122070312,932.1689453125,3125104
2023-10-23,Bharti_Airtel,941.5999755859375,949.0999755859375,937.0,939.2999877929688,926.3502807617188,2180066
2023-10-25,Bharti_Airtel,924.5999755859375,939.6500244140625,919.0,922.5999755859375,909.8804931640625,6365249
2023-10-26,Bharti_Airtel,921.6500244140625,924.5999755859375,900.0499877929688,905.5,893.0162353515625,6595332
2023-10-27,Bharti_Airtel,910.75,918.4000244140625,906.4500122070312,914.5999755859375,901.9907836914062,3508393
2023-10-30,Bharti_Airtel,914.7999877929688,931.9500122070312,910.3499755859375,926.25,913.480224609375,3686768
2023-10-31,Bharti_Airtel,920.2999877929688,923.5499877929688,912.4000244140625,914.4000244140625,901.7935791015625,5697563
2023-11-01,Bharti_Airtel,903.0,914.5499877929688,895.4500122070312,913.4500122070312,900.8566284179688,4821458
2023-11-02,Bharti_Airtel,920.0,925.9500122070312,916.4000244140625,923.8499755859375,911.11328125,6611573
2023-11-03,Bharti_Airtel,925.0,933.7000122070312,922.2000122070312,930.75,917.9181518554688,3895154
2023-11-06,Bharti_Airtel,934.2000122070312,940.7000122070312,930.0,939.2000122070312,926.251708984375,2760800
2023-11-07,Bharti_Airtel,936.0499877929688,938.9500122070312,932.4500122070312,937.1500244140625,924.2299194335938,3616946
2023-11-08,Bharti_Airtel,941.7999877929688,941.7999877929688,934.4000244140625,936.75,923.8353881835938,1808553
2023-11-09,Bharti_Airtel,936.75,937.2999877929688,930.5499877929688,932.3499755859375,919.49609375,3914416
2023-11-10,Bharti_Airtel,929.0,937.0,929.0,935.5,922.6026611328125,1345614
2023-11-13,Bharti_Airtel,938.0,940.2999877929688,933.7999877929688,935.0,922.1095581054688,1656368
2023-11-15,Bharti_Airtel,948.0,952.7000122070312,936.2000122070312,950.0,936.9027709960938,4816316
2023-11-16,Bharti_Airtel,949.0,953.9000244140625,943.25,949.5499877929688,936.458984375,5310736
2023-11-17,Bharti_Airtel,948.7999877929688,954.0,946.0,947.2999877929688,934.2399291992188,3249469
2023-11-20,Bharti_Airtel,949.0,964.2999877929688,941.9500122070312,961.4000244140625,948.1456298828125,4646962
2023-11-21,Bharti_Airtel,967.0,976.3499755859375,961.0,970.8499755859375,957.46533203125,5704644
2023-11-22,Bharti_Airtel,974.2999877929688,976.2999877929688,965.9500122070312,969.75,956.3804931640625,3309732
2023-11-23,Bharti_Airtel,970.0,981.0,963.7000122070312,976.6500244140625,963.1854248046875,2749555
2023-11-24,Bharti_Airtel,975.0,977.1500244140625,971.0,973.1500244140625,959.733642578125,2322104
2023-11-28,Bharti_Airtel,974.0499877929688,988.0,971.2000122070312,984.9000244140625,971.3216552734375,5096984
2023-11-29,Bharti_Airtel,995.9000244140625,1007.0999755859375,990.9500122070312,995.4000244140625,981.6768798828125,5647918
2023-11-30,Bharti_Airtel,995.0,1018.2000122070312,992.7000122070312,1014.7000122070312,1000.7107543945312,9934052
2023-12-01,Bharti_Airtel,1015.0,1022.5499877929688,1008.2000122070312,1014.7000122070312,1000.7107543945312,5544950
2023-12-04,Bharti_Airtel,1036.0,1044.0,1025.199951171875,1032.9000244140625,1018.6598510742188,5164902
2023-12-05,Bharti_Airtel,1038.800048828125,1045.949951171875,1022.0999755859375,1031.0999755859375,1016.8847045898438,4266159
2023-12-06,Bharti_Airtel,1029.0999755859375,1035.0,1013.4500122070312,1024.449951171875,1010.3262939453125,4121251
2023-12-07,Bharti_Airtel,1015.0,1019.7000122070312,998.0,1000.0,986.2134399414062,13805235
2023-12-08,Bharti_Airtel,998.7000122070312,1004.0,991.2999877929688,1000.25,986.4599609375,6630766
2023-12-11,Bharti_Airtel,996.0999755859375,1004.5999755859375,992.0499877929688,1000.8499755859375,987.0516967773438,6195119
2023-12-12,Bharti_Airtel,999.25,1000.8499755859375,987.0,995.25,981.5289306640625,7119331
2023-12-13,Bharti_Airtel,993.2000122070312,1002.0,991.5,999.9000244140625,986.1148681640625,4153219
2023-12-14,Bharti_Airtel,1006.0,1011.2000122070312,999.1500244140625,1005.2000122070312,991.341796875,6541673
2023-12-15,Bharti_Airtel,999.6500244140625,1010.8499755859375,988.25,992.5499877929688,978.8661499023438,10119597
2023-12-18,Bharti_Airtel,995.0,998.7999877929688,982.1500244140625,990.25,976.5978393554688,5750263
2023-12-19,Bharti_Airtel,995.4500122070312,997.9500122070312,985.9000244140625,988.4500122070312,974.8226928710938,3912964
2023-12-20,Bharti_Airtel,992.9000244140625,993.6500244140625,969.0,971.5499877929688,958.1556396484375,3990591
2023-12-21,Bharti_Airtel,968.0,981.5499877929688,960.0,977.9000244140625,964.4181518554688,4294277
2023-12-22,Bharti_Airtel,981.9000244140625,998.9500122070312,975.5499877929688,989.5499877929688,975.907470703125,4605120
2023-12-26,Bharti_Airtel,995.0,1002.5,989.6500244140625,999.8499755859375,986.0654296875,2460643
2023-12-27,Bharti_Airtel,1000.0,1024.050048828125,998.0,1021.2000122070312,1007.1211547851562,4791379
2023-12-28,Bharti_Airtel,1023.9000244140625,1041.949951171875,1022.2000122070312,1036.699951171875,1022.4074096679688,5288328
2023-12-29,Bharti_Airtel,1033.1500244140625,1043.25,1024.4000244140625,1032.199951171875,1017.9694213867188,4631749
2024-01-01,Bharti_Airtel,1031.949951171875,1031.949951171875,1007.0,1013.0499877929688,999.08349609375,3804406
2024-01-02,Bharti_Airtel,1017.4000244140625,1025.449951171875,1016.0,1021.7000122070312,1007.6142578125,6865791
2024-01-03,Bharti_Airtel,1031.949951171875,1037.0,1021.3499755859375,1035.199951171875,1020.9281005859375,3604276
2024-01-04,Bharti_Airtel,1035.25,1058.800048828125,1027.550048828125,1047.9000244140625,1033.4530029296875,4664043
2024-01-05,Bharti_Airtel,1053.800048828125,1063.6500244140625,1038.949951171875,1046.5999755859375,1032.1710205078125,4008221
2024-01-08,Bharti_Airtel,1050.0,1059.0,1045.25,1049.050048828125,1034.5872802734375,4489695
2024-01-09,Bharti_Airtel,1057.0,1067.9000244140625,1048.050048828125,1064.5,1049.82421875,3371125
2024-01-10,Bharti_Airtel,1066.949951171875,1073.300048828125,1055.300048828125,1062.699951171875,1048.0489501953125,3111573
2024-01-11,Bharti_Airtel,1065.75,1073.9000244140625,1057.3499755859375,1062.8499755859375,1048.1968994140625,2604325
2024-01-12,Bharti_Airtel,1058.0999755859375,1078.550048828125,1051.5999755859375,1076.3499755859375,1061.5107421875,3394013
2024-01-15,Bharti_Airtel,1078.050048828125,1104.699951171875,1074.550048828125,1102.4000244140625,1087.2017822265625,3312897
2024-01-16,Bharti_Airtel,1107.0,1117.0,1093.0,1095.9000244140625,1080.791259765625,5025540
2024-01-17,Bharti_Airtel,1092.0,1108.949951171875,1078.800048828125,1085.25,1070.2882080078125,4568700
2024-01-18,Bharti_Airtel,1075.199951171875,1096.0,1075.199951171875,1087.050048828125,1072.0633544921875,4407330
2024-01-19,Bharti_Airtel,1091.0,1136.3499755859375,1089.800048828125,1125.0,1109.4901123046875,11753391
2024-01-23,Bharti_Airtel,1145.0,1172.550048828125,1135.0,1158.0,1142.03515625,18194595
2024-01-24,Bharti_Airtel,1140.0999755859375,1194.0,1140.0999755859375,1189.949951171875,1173.544677734375,9546592
2024-01-25,Bharti_Airtel,1186.0,1200.6500244140625,1157.050048828125,1160.550048828125,1144.550048828125,11424697
2024-01-29,Bharti_Airtel,1158.0,1169.75,1158.0,1162.1500244140625,1146.1279296875,4015858
2024-01-30,Bharti_Airtel,1162.1500244140625,1180.8499755859375,1154.550048828125,1158.6500244140625,1142.67626953125,3902023
2024-01-31,Bharti_Airtel,1159.0,1175.050048828125,1146.199951171875,1170.699951171875,1154.56005859375,5981966
2024-02-01,Bharti_Airtel,1165.050048828125,1170.199951171875,1148.949951171875,1151.199951171875,1135.328857421875,3606209
2024-02-02,Bharti_Airtel,1155.0,1175.199951171875,1145.300048828125,1150.800048828125,1134.9344482421875,4969983
2024-02-05,Bharti_Airtel,1154.3499755859375,1159.6500244140625,1110.0,1113.550048828125,1098.1981201171875,7809331
2024-02-06,Bharti_Airtel,1125.0,1156.0999755859375,1123.0,1134.050048828125,1118.4154052734375,9863065
2024-02-07,Bharti_Airtel,1138.800048828125,1148.25,1131.800048828125,1134.300048828125,1118.661865234375,2770694
2024-02-08,Bharti_Airtel,1144.4000244140625,1146.5,1116.199951171875,1142.1500244140625,1126.4036865234375,6519392
2024-02-09,Bharti_Airtel,1145.949951171875,1145.949951171875,1116.25,1120.25,1104.8056640625,4203171
2024-02-12,Bharti_Airtel,1122.9000244140625,1129.0,1111.300048828125,1118.699951171875,1103.2769775390625,3887976
2024-02-13,Bharti_Airtel,1111.0,1125.0,1103.800048828125,1117.8499755859375,1102.438720703125,3211554
2024-02-14,Bharti_Airtel,1110.0,1121.1500244140625,1104.699951171875,1115.8499755859375,1100.4661865234375,4653070
2024-02-15,Bharti_Airtel,1122.300048828125,1131.449951171875,1109.4000244140625,1120.699951171875,1105.2493896484375,5056712
2024-02-16,Bharti_Airtel,1124.0,1127.050048828125,1116.8499755859375,1120.0,1104.55908203125,3091952
2024-02-19,Bharti_Airtel,1121.050048828125,1145.0,1118.3499755859375,1142.199951171875,1126.4530029296875,4711035
2024-02-20,Bharti_Airtel,1145.0,1151.5999755859375,1135.0,1143.949951171875,1128.1788330078125,5397418
2024-02-21,Bharti_Airtel,1155.0,1159.1500244140625,1132.5999755859375,1139.9000244140625,1124.1846923828125,4570259
2024-02-22,Bharti_Airtel,1137.5999755859375,1138.75,1097.6500244140625,1135.550048828125,1119.8946533203125,8642368
2024-02-23,Bharti_Airtel,1127.0,1131.8499755859375,1115.300048828125,1125.75,1110.229736328125,6709844
2024-02-26,Bharti_Airtel,1118.0999755859375,1125.9000244140625,1104.3499755859375,1110.050048828125,1094.7462158203125,3186134
2024-02-27,Bharti_Airtel,1113.0,1131.0,1101.300048828125,1127.5,1111.9556884765625,7149094
2024-02-28,Bharti_Airtel,1133.4000244140625,1152.6500244140625,1123.5,1128.75,1113.1883544921875,5302711
2024-02-29,Bharti_Airtel,1118.8499755859375,1137.949951171875,1099.0,1123.3499755859375,1107.86279296875,13818650
2024-03-01,Bharti_Airtel,1128.0,1140.75,1117.4000244140625,1128.699951171875,1113.13916015625,5927490
2024-03-04,Bharti_Airtel,1132.0,1149.25,1132.0,1133.5,1117.8729248046875,5855090
2024-03-05,Bharti_Airtel,1133.050048828125,1179.75,1133.050048828125,1168.9000244140625,1152.784912109375,5375008
2024-03-06,Bharti_Airtel,1173.949951171875,1196.5999755859375,1157.3499755859375,1193.699951171875,1177.242919921875,5464839
2024-03-07,Bharti_Airtel,1209.8499755859375,1213.5999755859375,1189.449951171875,1199.699951171875,1183.1602783203125,8903981
2024-03-11,Bharti_Airtel,1186.0,1218.300048828125,1186.0,1196.5999755859375,1180.1029052734375,6679208
2024-03-12,Bharti_Airtel,1200.0,1208.0,1197.800048828125,1204.25,1187.6475830078125,4249548
2024-03-13,Bharti_Airtel,1212.0,1212.0,1151.699951171875,1168.75,1152.636962890625,7528096
2024-03-14,Bharti_Airtel,1173.949951171875,1199.699951171875,1163.550048828125,1194.5999755859375,1178.1304931640625,8569080
2024-03-15,Bharti_Airtel,1190.0,1222.800048828125,1187.8499755859375,1220.0,1203.180419921875,10115416
2024-03-18,Bharti_Airtel,1225.0,1230.550048828125,1215.199951171875,1225.300048828125,1208.4073486328125,4141080
2024-03-19,Bharti_Airtel,1216.199951171875,1240.4000244140625,1214.5999755859375,1228.3499755859375,1211.415283203125,7703719
2024-03-20,Bharti_Airtel,1228.25,1239.0,1223.6500244140625,1231.800048828125,1214.8177490234375,6596032
2024-03-21,Bharti_Airtel,1238.0,1242.9000244140625,1214.0999755859375,1220.800048828125,1203.969482421875,9952250
2024-03-22,Bharti_Airtel,1226.949951171875,1245.0,1222.0,1236.0999755859375,1219.058349609375,7840007
2024-03-26,Bharti_Airtel,1225.0,1234.0,1210.0,1213.0999755859375,1196.37548828125,10898138
2024-03-27,Bharti_Airtel,1210.550048828125,1228.25,1210.550048828125,1224.800048828125,1207.914306640625,5779169
2024-03-28,Bharti_Airtel,1226.949951171875,1238.5,1220.300048828125,1228.5999755859375,1211.661865234375,10518377
2024-04-01,Bharti_Airtel,1228.0,1231.9000244140625,1208.0,1217.3499755859375,1200.56689453125,5461473
2024-04-02,Bharti_Airtel,1225.0,1227.75,1203.199951171875,1208.25,1191.5924072265625,3625577
2024-04-03,Bharti_Airtel,1195.0,1240.5999755859375,1189.449951171875,1225.699951171875,1208.8017578125,9532291
2024-04-04,Bharti_Airtel,1231.949951171875,1233.0,1201.300048828125,1206.8499755859375,1190.211669921875,7327626
2024-04-05,Bharti_Airtel,1205.9000244140625,1211.3499755859375,1188.949951171875,1191.0,1174.5802001953125,4227519
2024-04-08,Bharti_Airtel,1188.0,1210.550048828125,1183.0999755859375,1204.699951171875,1188.09130859375,4827733
2024-04-09,Bharti_Airtel,1214.949951171875,1214.949951171875,1198.300048828125,1204.449951171875,1187.8447265625,3372798
2024-04-10,Bharti_Airtel,1213.25,1230.699951171875,1208.75,1229.4000244140625,1212.4508056640625,6442196
2024-04-12,Bharti_Airtel,1226.0999755859375,1231.8499755859375,1219.550048828125,1225.550048828125,1208.6539306640625,7877073
2024-04-15,Bharti_Airtel,1210.5999755859375,1235.0,1210.3499755859375,1224.550048828125,1207.667724609375,4281602
2024-04-16,Bharti_Airtel,1223.9000244140625,1233.949951171875,1212.050048828125,1216.449951171875,1199.6793212890625,5235632
2024-04-18,Bharti_Airtel,1220.0,1281.8499755859375,1215.800048828125,1265.75,1248.2996826171875,19939924
2024-04-19,Bharti_Airtel,1280.0,1296.5,1253.3499755859375,1289.0,1271.2291259765625,13103862
2024-04-22,Bharti_Airtel,1304.0,1305.4000244140625,1288.25,1297.550048828125,1279.6612548828125,7894656
2024-04-23,Bharti_Airtel,1310.0,1351.0,1302.0999755859375,1342.3499755859375,1323.843505859375,12074766
2024-04-24,Bharti_Airtel,1352.0,1354.0,1333.550048828125,1336.4000244140625,1317.9755859375,6277492
2024-04-25,Bharti_Airtel,1331.0,1343.800048828125,1324.3499755859375,1338.699951171875,1320.243896484375,8512627
2024-04-26,Bharti_Airtel,1338.0,1345.699951171875,1322.0,1326.0,1307.718994140625,5289771
2024-04-29,Bharti_Airtel,1324.5,1346.0,1320.0,1332.449951171875,1314.080078125,3195888
2024-04-30,Bharti_Airtel,1323.1500244140625,1334.800048828125,1319.949951171875,1322.300048828125,1304.070068359375,5272565
2024-05-02,Bharti_Airtel,1315.25,1319.9000244140625,1293.5999755859375,1304.050048828125,1286.0716552734375,7995432
2024-05-03,Bharti_Airtel,1306.0,1310.5,1258.1500244140625,1277.4000244140625,1259.7890625,11290875
2024-05-06,Bharti_Airtel,1275.0,1298.449951171875,1273.199951171875,1283.4000244140625,1265.706298828125,5555467
2024-05-07,Bharti_Airtel,1286.3499755859375,1294.449951171875,1271.0,1286.1500244140625,1268.41845703125,5767030
2024-05-08,Bharti_Airtel,1276.1500244140625,1299.4000244140625,1274.699951171875,1288.5999755859375,1270.8345947265625,2682816
2024-05-09,Bharti_Airtel,1283.0,1295.300048828125,1270.050048828125,1275.449951171875,1257.8658447265625,4809145
2024-05-10,Bharti_Airtel,1275.050048828125,1308.5,1271.75,1301.1500244140625,1283.2115478515625,5532513
2024-05-13,Bharti_Airtel,1301.1500244140625,1302.9000244140625,1281.4000244140625,1285.949951171875,1268.22119140625,3703942
2024-05-14,Bharti_Airtel,1290.550048828125,1299.9000244140625,1280.699951171875,1284.300048828125,1266.593994140625,3262908
2024-05-15,Bharti_Airtel,1281.550048828125,1318.25,1280.5,1309.9000244140625,1291.8409423828125,6891004
2024-05-16,Bharti_Airtel,1328.0,1356.8499755859375,1321.300048828125,1345.0999755859375,1326.5557861328125,11932181
2024-05-17,Bharti_Airtel,1353.5999755859375,1360.0,1339.25,1344.449951171875,1325.9146728515625,6614017
2024-05-21,Bharti_Airtel,1356.0,1362.75,1335.75,1344.300048828125,1325.766845703125,5422220
2024-05-22,Bharti_Airtel,1342.1500244140625,1351.0,1329.550048828125,1347.9000244140625,1329.3170166015625,3026723
2024-05-23,Bharti_Airtel,1350.75,1377.300048828125,1344.300048828125,1374.050048828125,1355.1065673828125,7147341
2024-05-24,Bharti_Airtel,1375.5,1397.75,1374.050048828125,1388.5,1369.357421875,5622368
2024-05-27,Bharti_Airtel,1396.0,1407.0,1378.0,1384.3499755859375,1365.2645263671875,6553974
2024-05-28,Bharti_Airtel,1384.800048828125,1386.949951171875,1366.9000244140625,1371.050048828125,1352.14794921875,2068963
2024-05-29,Bharti_Airtel,1355.5,1390.25,1355.5,1377.0999755859375,1358.114501953125,4445083
2024-05-30,Bharti_Airtel,1378.800048828125,1386.449951171875,1363.5,1377.1500244140625,1358.1639404296875,7100303
2024-05-31,Bharti_Airtel,1380.0,1388.0,1338.0,1372.75,1353.8245849609375,24825643
2024-06-03,Bharti_Airtel,1415.300048828125,1420.449951171875,1385.0,1391.0999755859375,1371.92138671875,6017122
2024-06-04,Bharti_Airtel,1391.0999755859375,1397.0,1219.050048828125,1299.699951171875,1281.7816162109375,19924421
2024-06-05,Bharti_Airtel,1325.6500244140625,1348.75,1279.8499755859375,1344.3499755859375,1325.81591796875,12175520
2024-06-06,Bharti_Airtel,1359.0,1376.25,1329.0,1370.5999755859375,1351.7041015625,10279789
2024-06-07,Bharti_Airtel,1370.5999755859375,1430.6500244140625,1363.1500244140625,1425.25,1405.6007080078125,12280748
2024-06-10,Bharti_Airtel,1421.050048828125,1436.6500244140625,1421.050048828125,1426.050048828125,1406.3897705078125,5318477
2024-06-11,Bharti_Airtel,1426.0,1434.5999755859375,1413.0,1427.25,1407.5731201171875,4416792
2024-06-12,Bharti_Airtel,1425.0,1447.8499755859375,1422.0999755859375,1438.4000244140625,1418.5694580078125,4876138
2024-06-13,Bharti_Airtel,1449.0,1455.949951171875,1420.449951171875,1425.75,1406.09375,7990376
2024-06-14,Bharti_Airtel,1434.0,1434.0,1420.949951171875,1427.4000244140625,1407.7210693359375,3978442
2024-06-18,Bharti_Airtel,1444.0,1444.0,1418.0,1428.3499755859375,1408.6578369140625,8671131
2024-06-19,Bharti_Airtel,1433.949951171875,1434.800048828125,1388.300048828125,1392.3499755859375,1373.1541748046875,8640918
2024-06-20,Bharti_Airtel,1405.949951171875,1406.949951171875,1376.25,1381.1500244140625,1362.108642578125,8742855
2024-06-21,Bharti_Airtel,1384.949951171875,1423.949951171875,1372.8499755859375,1416.050048828125,1396.527587890625,43929578
2024-06-24,Bharti_Airtel,1402.0,1423.800048828125,1389.3499755859375,1419.800048828125,1400.225830078125,6195831
2024-06-25,Bharti_Airtel,1434.0,1434.0,1409.8499755859375,1414.949951171875,1395.4427490234375,6353748
2024-06-26,Bharti_Airtel,1414.949951171875,1479.949951171875,1408.949951171875,1459.5,1439.3785400390625,9579826
2024-06-27,Bharti_Airtel,1464.0,1489.0,1440.050048828125,1475.800048828125,1455.453857421875,19675528
2024-06-28,Bharti_Airtel,1536.25,1536.25,1436.6500244140625,1444.050048828125,1424.1414794921875,29145832
2024-07-01,Bharti_Airtel,1450.0,1466.800048828125,1449.25,1454.0,1433.954345703125,6011806
2024-07-02,Bharti_Airtel,1462.0,1473.4000244140625,1417.0,1418.949951171875,1399.3875732421875,7792632
2024-07-03,Bharti_Airtel,1427.949951171875,1432.4000244140625,1408.449951171875,1419.8499755859375,1400.275146484375,8261388
2024-07-04,Bharti_Airtel,1418.0,1441.0999755859375,1411.5,1423.050048828125,1403.4310302734375,9570938
2024-07-05,Bharti_Airtel,1422.5,1433.5999755859375,1416.8499755859375,1429.699951171875,1409.9893798828125,4881198
2024-07-08,Bharti_Airtel,1431.0,1438.8499755859375,1423.1500244140625,1435.1500244140625,1415.3642578125,3261797
2024-07-09,Bharti_Airtel,1436.0,1441.6500244140625,1428.1500244140625,1435.550048828125,1415.7586669921875,2897480
2024-07-10,Bharti_Airtel,1441.0,1448.75,1426.1500244140625,1445.050048828125,1425.127685546875,3416762
2024-07-11,Bharti_Airtel,1450.0,1450.8499755859375,1428.0,1437.949951171875,1418.12548828125,4178558
2024-07-12,Bharti_Airtel,1442.0,1447.5999755859375,1421.449951171875,1433.25,1413.490478515625,6342135
2024-07-15,Bharti_Airtel,1433.25,1440.0,1426.050048828125,1437.5999755859375,1417.7803955078125,3324806
2024-07-16,Bharti_Airtel,1452.0,1473.300048828125,1445.0,1466.5,1446.281982421875,6967651
2024-07-18,Bharti_Airtel,1466.0,1485.949951171875,1459.050048828125,1483.6500244140625,1463.1956787109375,6470342
2024-07-19,Bharti_Airtel,1480.0,1480.0,1451.949951171875,1461.75,1441.5975341796875,3858596
2024-07-22,Bharti_Airtel,1450.0,1472.0,1449.050048828125,1465.4000244140625,1445.1971435546875,3560584
2024-07-23,Bharti_Airtel,1470.0,1470.0,1428.449951171875,1465.699951171875,1445.4930419921875,2936143
2024-07-24,Bharti_Airtel,1466.0,1475.5999755859375,1436.550048828125,1455.199951171875,1435.1376953125,4529339
2024-07-25,Bharti_Airtel,1445.0,1454.0,1440.0999755859375,1449.1500244140625,1429.1712646484375,4277756
2024-07-26,Bharti_Airtel,1450.25,1520.0,1449.1500244140625,1514.4000244140625,1493.5216064453125,9564987
2024-07-29,Bharti_Airtel,1525.0,1525.0,1477.050048828125,1481.3499755859375,1460.92724609375,4589313
2024-07-30,Bharti_Airtel,1484.4000244140625,1484.9000244140625,1464.050048828125,1470.3499755859375,1450.078857421875,4263689
2024-07-31,Bharti_Airtel,1477.8499755859375,1504.1500244140625,1473.1500244140625,1491.550048828125,1470.9866943359375,5634305
2024-08-01,Bharti_Airtel,1485.0,1511.0,1485.0,1505.5,1484.744384765625,4531379
2024-08-02,Bharti_Airtel,1494.0999755859375,1505.1500244140625,1483.5999755859375,1493.800048828125,1473.2056884765625,3335905
2024-08-05,Bharti_Airtel,1482.0,1488.0,1451.5,1465.699951171875,1445.4930419921875,5111901
2024-08-06,Bharti_Airtel,1483.0999755859375,1492.9000244140625,1431.0999755859375,1443.550048828125,1423.6484375,8249573
2024-08-07,Bharti_Airtel,1452.0,1454.9000244140625,1422.5999755859375,1441.75,1429.7969970703125,5700734
2024-08-08,Bharti_Airtel,1435.0,1466.5,1430.0,1451.800048828125,1439.7637939453125,5986360
2024-08-09,Bharti_Airtel,1465.0,1482.0,1457.300048828125,1464.0999755859375,1451.961669921875,3615910
2024-08-12,Bharti_Airtel,1466.0,1477.5,1445.0,1458.5999755859375,1446.50732421875,4028226
2024-08-13,Bharti_Airtel,1468.0,1478.4000244140625,1450.3499755859375,1459.699951171875,1447.59814453125,4495208
2024-08-14,Bharti_Airtel,1453.0999755859375,1480.0999755859375,1453.0999755859375,1471.699951171875,1459.4986572265625,5891784
2024-08-16,Bharti_Airtel,1480.0,1491.0,1468.0999755859375,1483.550048828125,1471.25048828125,7176426
2024-08-19,Bharti_Airtel,1487.0,1489.0999755859375,1464.300048828125,1469.6500244140625,1457.4658203125,4404075
2024-08-20,Bharti_Airtel,1480.0,1484.75,1446.5,1449.1500244140625,1437.1357421875,10046892
2024-08-21,Bharti_Airtel,1453.0,1466.5999755859375,1447.699951171875,1463.449951171875,1451.317138671875,6175510
2024-08-22,Bharti_Airtel,1473.699951171875,1499.9000244140625,1465.0,1486.3499755859375,1474.0272216796875,6781325
2024-08-23,Bharti_Airtel,1493.0,1510.0,1479.3499755859375,1506.75,1494.2581787109375,6238112
2024-08-26,Bharti_Airtel,1509.0,1520.699951171875,1505.0,1513.550048828125,1501.0018310546875,4307432
2024-08-27,Bharti_Airtel,1518.0,1526.3499755859375,1502.0,1522.75,1510.12548828125,3965066
2024-08-28,Bharti_Airtel,1527.949951171875,1564.5,1521.6500244140625,1556.3499755859375,1543.4468994140625,6225319
2024-08-29,Bharti_Airtel,1565.0,1571.699951171875,1545.949951171875,1565.9000244140625,1552.9178466796875,8036748
2024-08-30,Bharti_Airtel,1576.0,1608.4000244140625,1561.5999755859375,1589.050048828125,1575.8758544921875,37820442
2024-09-02,Bharti_Airtel,1605.0,1605.0,1565.5,1571.3499755859375,1558.322509765625,4890314
2024-09-03,Bharti_Airtel,1579.0,1579.0,1558.5999755859375,1560.5999755859375,1547.6617431640625,4546295
2024-09-04,Bharti_Airtel,1558.0,1566.0,1542.0,1561.9000244140625,1548.950927734375,5213811
2024-09-05,Bharti_Airtel,1559.0,1563.0,1541.5,1547.199951171875,1534.372802734375,5652812
2024-09-06,Bharti_Airtel,1552.800048828125,1555.5999755859375,1530.199951171875,1539.25,1526.48876953125,5497805
2024-09-09,Bharti_Airtel,1523.25,1546.75,1523.25,1542.6500244140625,1529.860595703125,3912508
2024-09-10,Bharti_Airtel,1545.1500244140625,1586.0,1545.1500244140625,1577.8499755859375,1564.7686767578125,6163457
2024-09-11,Bharti_Airtel,1578.449951171875,1598.9000244140625,1574.449951171875,1577.800048828125,1564.7191162109375,5994914
2024-09-12,Bharti_Airtel,1596.1500244140625,1652.800048828125,1590.0999755859375,1646.75,1633.097412109375,12204496
2024-09-13,Bharti_Airtel,1651.0,1654.9000244140625,1631.050048828125,1634.449951171875,1620.8994140625,5609618
2024-09-16,Bharti_Airtel,1634.449951171875,1652.949951171875,1630.0999755859375,1635.449951171875,1621.89111328125,3762063
2024-09-17,Bharti_Airtel,1650.0,1666.050048828125,1638.5,1661.75,1647.97314453125,4223072
2024-09-18,Bharti_Airtel,1655.199951171875,1670.949951171875,1647.8499755859375,1654.9000244140625,1641.179931640625,3171195
2024-09-19,Bharti_Airtel,1647.699951171875,1711.699951171875,1647.699951171875,1664.8499755859375,1651.04736328125,8498240
2024-09-20,Bharti_Airtel,1671.0,1723.4000244140625,1666.0,1711.75,1697.55859375,21646275
2024-09-23,Bharti_Airtel,1719.0,1754.25,1719.0,1750.449951171875,1735.937744140625,5001827
2024-09-24,Bharti_Airtel,1752.0,1767.550048828125,1746.0999755859375,1756.6500244140625,1742.0863037109375,7579205
2024-09-25,Bharti_Airtel,1755.550048828125,1766.9000244140625,1745.0,1760.4000244140625,1745.8052978515625,4017103
2024-09-26,Bharti_Airtel,1770.0,1779.0,1746.1500244140625,1771.0999755859375,1756.41650390625,7417423
2024-09-27,Bharti_Airtel,1755.199951171875,1763.449951171875,1722.5,1734.5999755859375,1720.2191162109375,7116861
2024-09-30,Bharti_Airtel,1714.0,1733.0,1704.199951171875,1709.550048828125,1695.3768310546875,6907288
2024-10-01,Bharti_Airtel,1705.0,1722.8499755859375,1696.0,1698.699951171875,1684.61669921875,3649090
2024-10-03,Bharti_Airtel,1665.0,1695.0,1665.0,1673.449951171875,1659.5760498046875,7200276
2024-10-04,Bharti_Airtel,1670.050048828125,1686.699951171875,1630.1500244140625,1640.9000244140625,1627.2960205078125,8576527
2024-10-07,Bharti_Airtel,1651.0,1670.0,1642.449951171875,1662.050048828125,1648.2706298828125,5387707
2024-10-08,Bharti_Airtel,1662.5999755859375,1679.5,1652.0,1657.449951171875,1643.708740234375,5224335
2024-10-09,Bharti_Airtel,1666.75,1704.5999755859375,1661.050048828125,1678.0999755859375,1664.1875,3414614
2024-10-10,Bharti_Airtel,1686.5999755859375,1698.949951171875,1665.0,1678.0999755859375,1664.1875,5047657
2024-10-11,Bharti_Airtel,1678.0999755859375,1690.25,1658.6500244140625,1687.4000244140625,1673.4105224609375,2367678
2024-10-14,Bharti_Airtel,1686.0,1710.050048828125,1679.3499755859375,1695.5999755859375,1681.54248046875,2069815
2024-10-15,Bharti_Airtel,1708.0,1732.75,1699.949951171875,1717.25,1703.012939453125,5891334
2024-10-16,Bharti_Airtel,1720.0,1742.25,1717.0999755859375,1733.949951171875,1719.574462890625,3299887
2024-10-17,Bharti_Airtel,1736.75,1737.949951171875,1694.4000244140625,1701.1500244140625,1687.0465087890625,4373392
2024-10-18,Bharti_Airtel,1710.0,1716.0999755859375,1685.199951171875,1707.8499755859375,1693.69091796875,4154915
2024-10-21,Bharti_Airtel,1705.550048828125,1708.949951171875,1662.0,1692.550048828125,1678.517822265625,3836168
2024-10-22,Bharti_Airtel,1692.0,1712.9000244140625,1687.3499755859375,1692.25,1678.22021484375,3070057
2024-10-23,Bharti_Airtel,1690.0,1701.3499755859375,1680.0999755859375,1685.800048828125,1671.82373046875,2764757
2024-10-24,Bharti_Airtel,1687.0,1693.0,1657.4000244140625,1678.449951171875,1664.53466796875,3669575
2024-10-25,Bharti_Airtel,1681.0999755859375,1684.75,1655.8499755859375,1666.0,1652.1878662109375,3434386
2024-10-28,Bharti_Airtel,1658.1500244140625,1677.8499755859375,1645.6500244140625,1663.3499755859375,1649.559814453125,2811651
2024-10-29,Bharti_Airtel,1650.5,1667.949951171875,1610.0,1637.0999755859375,1623.5274658203125,6990747
2024-10-30,Bharti_Airtel,1627.800048828125,1651.0,1617.800048828125,1633.3499755859375,1619.80859375,4622628
2024-10-31,Bharti_Airtel,1634.0,1638.800048828125,1602.1500244140625,1612.5999755859375,1599.2305908203125,4921681
2024-11-01,Bharti_Airtel,1620.0,1626.3499755859375,1605.3499755859375,1616.449951171875,1603.048583984375,279441
2024-11-04,Bharti_Airtel,1619.1500244140625,1623.8499755859375,1573.050048828125,1591.25,1578.0576171875,6094029
2024-11-05,Bharti_Airtel,1583.25,1593.9000244140625,1566.0,1578.4000244140625,1565.314208984375,6473278
2024-11-06,Bharti_Airtel,1583.0,1610.75,1566.5,1598.800048828125,1585.5450439453125,6631728
2024-11-07,Bharti_Airtel,1595.949951171875,1608.550048828125,1569.6500244140625,1575.800048828125,1562.7357177734375,5160994
2024-11-08,Bharti_Airtel,1571.0,1579.5,1558.8499755859375,1569.9000244140625,1556.8846435546875,3096384
2024-11-11,Bharti_Airtel,1561.0,1581.5999755859375,1551.800048828125,1560.550048828125,1547.6121826171875,3664301
2024-11-12,Bharti_Airtel,1568.800048828125,1595.0,1550.0999755859375,1555.6500244140625,1542.7528076171875,4479934
2024-11-13,Bharti_Airtel,1559.9000244140625,1572.5,1546.3499755859375,1550.449951171875,1537.5958251953125,5816699
2024-11-14,Bharti_Airtel,1550.0,1568.0,1536.550048828125,1550.5,1537.6453857421875,5139154
2024-11-18,Bharti_Airtel,1568.949951171875,1568.949951171875,1529.449951171875,1537.0,1524.25732421875,4816078
2024-11-19,Bharti_Airtel,1537.0,1558.0,1519.300048828125,1525.5,1512.8526611328125,6238241
2024-11-21,Bharti_Airtel,1538.0,1542.050048828125,1511.0,1525.1500244140625,1512.505615234375,7356679
2024-11-22,Bharti_Airtel,1533.0,1575.0,1520.199951171875,1569.300048828125,1556.2896728515625,7640321
2024-11-25,Bharti_Airtel,1581.949951171875,1609.25,1562.550048828125,1578.75,1565.6612548828125,12155641
2024-11-26,Bharti_Airtel,1590.0,1604.8499755859375,1566.0,1577.25,1564.1737060546875,4030593
2024-11-27,Bharti_Airtel,1569.1500244140625,1583.75,1554.1500244140625,1577.6500244140625,1564.5704345703125,4982785
2024-11-28,Bharti_Airtel,1571.0,1588.5,1556.949951171875,1560.4000244140625,1547.46337890625,6714728
2024-11-29,Bharti_Airtel,1551.1500244140625,1648.9000244140625,1551.1500244140625,1627.1500244140625,1613.6600341796875,10775801
2024-12-02,Bharti_Airtel,1627.1500244140625,1646.199951171875,1617.199951171875,1643.5999755859375,1629.9735107421875,3790108
2024-12-03,Bharti_Airtel,1652.9000244140625,1652.9000244140625,1613.1500244140625,1620.550048828125,1607.11474609375,9131055
2024-12-04,Bharti_Airtel,1629.75,1630.5,1582.4000244140625,1584.0999755859375,1570.966796875,8772014
2024-12-05,Bharti_Airtel,1600.0,1622.050048828125,1585.3499755859375,1615.3499755859375,1601.957763671875,10324005
2024-12-06,Bharti_Airtel,1618.0,1624.6500244140625,1594.800048828125,1597.8499755859375,1584.6029052734375,4296866
2024-12-09,Bharti_Airtel,1595.9000244140625,1605.9000244140625,1589.050048828125,1602.550048828125,1589.263916015625,4264409
2024-12-10,Bharti_Airtel,1610.550048828125,1611.8499755859375,1570.050048828125,1578.6500244140625,1565.5621337890625,14645786
2024-12-11,Bharti_Airtel,1588.0,1588.0,1571.199951171875,1586.0,1572.85107421875,3853182
2024-12-12,Bharti_Airtel,1578.5,1617.9000244140625,1578.5,1610.550048828125,1597.1976318359375,13120939
2024-12-13,Bharti_Airtel,1618.0,1685.0,1606.800048828125,1681.75,1667.8072509765625,12900707
2024-12-16,Bharti_Airtel,1681.75,1687.0,1660.1500244140625,1662.550048828125,1648.7664794921875,4375126
2024-12-17,Bharti_Airtel,1650.5,1658.6500244140625,1608.5,1615.300048828125,1601.908203125,6182486
2024-12-18,Bharti_Airtel,1621.4000244140625,1623.0,1596.0999755859375,1601.9000244140625,1588.619384765625,3905144
2024-12-19,Bharti_Airtel,1586.4000244140625,1609.75,1585.449951171875,1600.300048828125,1587.0325927734375,5865855
2024-12-20,Bharti_Airtel,1610.0,1622.300048828125,1573.4000244140625,1578.0999755859375,1565.0166015625,9738879
2024-12-23,Bharti_Airtel,1586.0,1607.449951171875,1578.3499755859375,1586.9000244140625,1573.74365234375,4363599
2024-12-24,Bharti_Airtel,1590.0,1598.800048828125,1575.0,1583.9000244140625,1570.7685546875,3610076
2024-12-26,Bharti_Airtel,1583.9000244140625,1606.8499755859375,1581.0999755859375,1599.5,1586.2392578125,3400479
2024-12-27,Bharti_Airtel,1599.5,1628.449951171875,1596.300048828125,1599.8499755859375,1586.5863037109375,2559578
2024-12-30,Bharti_Airtel,1605.0,1613.050048828125,1581.0999755859375,1586.9000244140625,1573.74365234375,4438130
2024-12-31,Bharti_Airtel,1583.0,1597.199951171875,1563.3499755859375,1587.75,1574.586669921875,2249626
2025-01-01,Bharti_Airtel,1593.0,1606.550048828125,1584.050048828125,1595.699951171875,1582.470703125,1405565
2025-01-02,Bharti_Airtel,1599.9000244140625,1619.5999755859375,1588.4000244140625,1609.699951171875,1596.3546142578125,3728040
2025-01-03,Bharti_Airtel,1615.0,1617.0,1593.300048828125,1598.8499755859375,1585.5946044921875,3669685
2025-01-06,Bharti_Airtel,1596.1500244140625,1609.8499755859375,1567.0999755859375,1588.449951171875,1575.28076171875,4584188
2025-01-07,Bharti_Airtel,1594.0,1603.0,1584.050048828125,1590.8499755859375,1577.660888671875,2830856
2025-01-08,Bharti_Airtel,1598.75,1613.449951171875,1577.8499755859375,1599.199951171875,1585.941650390625,3674564
2025-01-09,Bharti_Airtel,1600.0,1620.199951171875,1592.4000244140625,1607.050048828125,1593.7266845703125,4684859
2025-01-10,Bharti_Airtel,1608.0,1625.0,1591.800048828125,1615.9000244140625,1602.5032958984375,4145892
2025-01-13,Bharti_Airtel,1580.0,1614.699951171875,1578.0999755859375,1597.199951171875,1583.958251953125,3705039
2025-01-14,Bharti_Airtel,1604.699951171875,1633.4000244140625,1578.5,1600.0999755859375,1586.834228515625,7284572
2025-01-15,Bharti_Airtel,1608.050048828125,1613.8499755859375,1593.0,1607.449951171875,1594.123291015625,2960985
2025-01-16,Bharti_Airtel,1619.050048828125,1635.0,1600.550048828125,1630.199951171875,1616.6846923828125,5299325
2025-01-17,Bharti_Airtel,1630.0999755859375,1639.0,1623.0,1627.5,1614.007080078125,2678801
2025-01-20,Bharti_Airtel,1638.0,1645.0,1618.0999755859375,1641.1500244140625,1627.5439453125,3933044
2025-01-21,Bharti_Airtel,1654.0,1656.699951171875,1620.300048828125,1626.1500244140625,1612.6683349609375,7958844
2025-01-22,Bharti_Airtel,1627.5,1641.0,1622.550048828125,1631.75,1618.2218017578125,3262136
2025-01-23,Bharti_Airtel,1624.5,1645.4000244140625,1617.199951171875,1636.0,1622.4366455078125,2457080
2025-01-24,Bharti_Airtel,1634.050048828125,1661.9000244140625,1634.050048828125,1644.800048828125,1631.1636962890625,3620058
2025-01-27,Bharti_Airtel,1638.949951171875,1647.199951171875,1593.699951171875,1602.5999755859375,1589.3134765625,6622807
2025-01-28,Bharti_Airtel,1607.6500244140625,1630.300048828125,1597.0,1618.3499755859375,1604.932861328125,5216471
2025-01-29,Bharti_Airtel,1620.0,1626.9000244140625,1593.1500244140625,1600.449951171875,1587.1812744140625,5009227
2025-01-30,Bharti_Airtel,1606.699951171875,1644.949951171875,1595.199951171875,1640.75,1627.147216796875,4283637
2025-01-31,Bharti_Airtel,1639.0999755859375,1639.0999755859375,1574.25,1626.300048828125,1612.8170166015625,8340866
2025-02-01,Bharti_Airtel,1627.0,1644.0,1609.199951171875,1623.25,1609.7923583984375,2741589
2025-02-03,Bharti_Airtel,1619.9000244140625,1661.0,1608.0999755859375,1652.3499755859375,1638.6510009765625,4146970
2025-02-04,Bharti_Airtel,1662.1500244140625,1668.300048828125,1629.050048828125,1661.449951171875,1647.675537109375,6385876
2025-02-05,Bharti_Airtel,1670.0,1675.199951171875,1649.0999755859375,1660.449951171875,1646.683837890625,3920893
2025-02-06,Bharti_Airtel,1665.9000244140625,1667.300048828125,1613.25,1619.75,1606.3212890625,5229162
2025-02-07,Bharti_Airtel,1635.050048828125,1707.550048828125,1635.0,1676.75,1662.8487548828125,14873255
2025-02-10,Bharti_Airtel,1698.8499755859375,1700.0,1678.050048828125,1693.050048828125,1679.013671875,6782878
2025-02-11,Bharti_Airtel,1706.0,1706.6500244140625,1686.199951171875,1696.75,1682.6829833984375,8965266
2025-02-12,Bharti_Airtel,1704.0,1713.699951171875,1684.5,1711.550048828125,1697.3603515625,7148192
2025-02-13,Bharti_Airtel,1710.0,1728.4000244140625,1703.9000244140625,1714.5999755859375,1700.3848876953125,5356002
2025-02-14,Bharti_Airtel,1714.0,1724.0999755859375,1705.25,1717.050048828125,1702.814697265625,5125863
2025-02-17,Bharti_Airtel,1711.75,1716.9000244140625,1666.25,1675.550048828125,1661.65869140625,4906462
2025-02-18,Bharti_Airtel,1692.0,1695.949951171875,1655.800048828125,1668.9000244140625,1655.0638427734375,7529598
2025-02-19,Bharti_Airtel,1670.0,1673.449951171875,1638.449951171875,1645.199951171875,1631.560302734375,7776555
2025-02-20,Bharti_Airtel,1639.8499755859375,1649.800048828125,1627.25,1643.5,1629.8743896484375,5524503
2025-02-21,Bharti_Airtel,1643.5,1658.699951171875,1629.199951171875,1639.25,1625.65966796875,5447583
2025-02-24,Bharti_Airtel,1627.0,1637.550048828125,1598.0,1601.300048828125,1588.0242919921875,4673190
2025-02-25,Bharti_Airtel,1597.0,1649.1500244140625,1597.0,1641.4000244140625,1627.7918701171875,6286808
2025-02-27,Bharti_Airtel,1643.4000244140625,1656.0,1638.6500244140625,1650.4000244140625,1636.71728515625,7568745
2025-02-28,Bharti_Airtel,1641.949951171875,1648.449951171875,1559.5,1570.199951171875,1557.18212890625,13640211
2025-03-03,Bharti_Airtel,1579.0,1602.75,1572.75,1595.800048828125,1582.5699462890625,6993525
2025-03-04,Bharti_Airtel,1589.0,1590.5,1568.0,1575.3499755859375,1562.2894287109375,5219668
2025-03-05,Bharti_Airtel,1578.0,1626.0999755859375,1577.0999755859375,1618.25,1604.833740234375,6295425
2025-03-06,Bharti_Airtel,1618.0,1631.75,1590.449951171875,1626.9000244140625,1613.412109375,5174009
2025-03-07,Bharti_Airtel,1629.0,1642.4000244140625,1615.5999755859375,1630.699951171875,1617.1805419921875,3035558
2025-03-10,Bharti_Airtel,1640.0,1654.9000244140625,1626.5999755859375,1630.949951171875,1617.428466796875,3778450
2025-03-11,Bharti_Airtel,1630.0,1676.4000244140625,1624.050048828125,1662.949951171875,1649.1630859375,6078564
2025-03-12,Bharti_Airtel,1690.0,1716.6500244140625,1634.0,1642.8499755859375,1629.229736328125,9907628
2025-03-13,Bharti_Airtel,1650.800048828125,1656.9000244140625,1629.5999755859375,1632.5,1618.965576171875,8317331
2025-03-17,Bharti_Airtel,1612.199951171875,1648.4000244140625,1612.199951171875,1639.1500244140625,1625.560546875,6405522
2025-03-18,Bharti_Airtel,1639.1500244140625,1639.1500244140625,1639.1500244140625,1639.1500244140625,1625.560546875,0
2025-03-19,Bharti_Airtel,1635.0,1642.050048828125,1627.5,1637.1500244140625,1623.5770263671875,6283464
2025-03-20,Bharti_Airtel,1660.0,1709.6500244140625,1646.0999755859375,1705.25,1691.1124267578125,12074465
2025-03-21,Bharti_Airtel,1709.6500244140625,1731.4000244140625,1692.0,1725.800048828125,1711.4921875,14715349
2025-03-24,Bharti_Airtel,1740.0,1740.0,1714.8499755859375,1718.800048828125,1704.5501708984375,4120999
2025-03-25,Bharti_Airtel,1725.0,1740.5,1706.0999755859375,1730.5,1716.153076171875,4857399
2025-03-26,Bharti_Airtel,1739.1500244140625,1765.0,1726.1500244140625,1738.550048828125,1724.136474609375,7142394
2025-03-27,Bharti_Airtel,1739.949951171875,1746.4000244140625,1713.25,1724.699951171875,1710.401123046875,6222339
2025-03-28,Bharti_Airtel,1733.300048828125,1745.75,1660.0,1733.4000244140625,1719.0291748046875,4133264
2025-04-01,Bharti_Airtel,1715.0,1765.0,1708.449951171875,1724.1500244140625,1709.8558349609375,6773056
2025-04-02,Bharti_Airtel,1720.0,1760.4000244140625,1716.949951171875,1754.5999755859375,1740.0533447265625,6431226
2025-04-03,Bharti_Airtel,1748.0,1754.949951171875,1735.449951171875,1746.0,1731.524658203125,2341989
2025-04-04,Bharti_Airtel,1754.5,1770.800048828125,1740.0,1743.449951171875,1728.9957275390625,7817334
2025-04-07,Bharti_Airtel,1730.0,1774.75,1669.4000244140625,1686.6500244140625,1672.666748046875,14870388
2025-04-08,Bharti_Airtel,1720.699951171875,1742.300048828125,1706.800048828125,1720.4000244140625,1706.1368408203125,7206935
2025-04-09,Bharti_Airtel,1719.6500244140625,1726.8499755859375,1711.5999755859375,1715.550048828125,1701.3271484375,5600666
2025-04-11,Bharti_Airtel,1760.0,1767.0,1732.3499755859375,1756.5999755859375,1742.0367431640625,8340002
2025-04-15,Bharti_Airtel,1808.199951171875,1820.0,1781.0999755859375,1798.800048828125,1783.886962890625,10313411
2025-04-16,Bharti_Airtel,1802.4000244140625,1826.5,1794.0999755859375,1822.5999755859375,1807.489501953125,6180958
2025-04-17,Bharti_Airtel,1834.0,1897.699951171875,1825.699951171875,1889.0999755859375,1873.438232421875,10894325
2025-04-21,Bharti_Airtel,1898.4000244140625,1904.300048828125,1868.5999755859375,1883.4000244140625,1867.7855224609375,3501123
2025-04-22,Bharti_Airtel,1888.0,1888.0,1836.800048828125,1852.199951171875,1836.8441162109375,6155127
2025-04-23,Bharti_Airtel,1867.0,1885.9000244140625,1836.0999755859375,1881.5999755859375,1866.0003662109375,6855027
2025-04-24,Bharti_Airtel,1874.5,1877.800048828125,1839.5,1845.5999755859375,1830.298828125,5180688
2025-04-25,Bharti_Airtel,1846.699951171875,1861.699951171875,1806.0,1817.199951171875,1802.13427734375,4570083
2025-04-28,Bharti_Airtel,1836.0,1838.9000244140625,1813.4000244140625,1821.800048828125,1806.6962890625,3301891
2025-04-29,Bharti_Airtel,1823.699951171875,1847.800048828125,1817.5999755859375,1823.800048828125,1808.6796875,4684155
2025-04-30,Bharti_Airtel,1837.0,1876.9000244140625,1827.0,1864.5,1849.042236328125,9139821
2025-05-02,Bharti_Airtel,1852.0,1883.5999755859375,1832.0999755859375,1848.199951171875,1832.8773193359375,3866806
2025-05-05,Bharti_Airtel,1868.0,1873.5,1849.199951171875,1866.0,1850.52978515625,3548839
2025-05-06,Bharti_Airtel,1888.300048828125,1912.0,1882.5999755859375,1901.0,1885.2396240234375,8597920
2025-05-07,Bharti_Airtel,1901.0,1917.0,1885.5,1896.800048828125,1881.074462890625,5554616
2025-05-08,Bharti_Airtel,1897.0,1905.800048828125,1862.4000244140625,1874.9000244140625,1859.35595703125,5500724
2025-05-09,Bharti_Airtel,1855.0,1871.0999755859375,1836.5,1848.4000244140625,1833.07568359375,3686209
2025-05-12,Bharti_Airtel,1868.9000244140625,1883.4000244140625,1854.0,1870.800048828125,1855.2900390625,3936019
2025-05-13,Bharti_Airtel,1870.0,1883.699951171875,1816.5999755859375,1820.5999755859375,1805.506103515625,8817763
2025-05-14,Bharti_Airtel,1830.0,1870.699951171875,1820.199951171875,1834.199951171875,1818.993408203125,7401614
2025-05-15,Bharti_Airtel,1849.9000244140625,1869.9000244140625,1825.0,1867.199951171875,1851.7197265625,8788351
2025-05-16,Bharti_Airtel,1834.0,1834.0,1810.0999755859375,1814.0,1798.9608154296875,100662047
2025-05-19,Bharti_Airtel,1822.0,1828.699951171875,1809.0,1818.300048828125,1803.2252197265625,5799804
2025-05-20,Bharti_Airtel,1809.800048828125,1824.9000244140625,1799.5,1808.9000244140625,1793.9031982421875,12512596
2025-05-21,Bharti_Airtel,1813.0,1826.5,1805.300048828125,1822.5,1807.390380859375,6849562
2025-05-22,Bharti_Airtel,1819.9000244140625,1836.699951171875,1816.300048828125,1831.4000244140625,1816.2166748046875,6496923
2025-05-23,Bharti_Airtel,1825.0,1841.800048828125,1821.5,1831.699951171875,1816.5140380859375,3460945
2025-05-26,Bharti_Airtel,1834.0,1850.0,1830.9000244140625,1847.4000244140625,1832.083984375,3254715
2025-05-27,Bharti_Airtel,1844.0,1857.5999755859375,1833.699951171875,1843.800048828125,1828.513916015625,5847725
2025-05-28,Bharti_Airtel,1848.0,1867.0,1845.0999755859375,1856.0999755859375,1840.7117919921875,3713699
2025-05-29,Bharti_Airtel,1858.0,1867.0,1850.5,1863.5999755859375,1848.149658203125,5786774
2025-05-30,Bharti_Airtel,1854.0,1867.0,1843.0,1856.199951171875,1840.8109130859375,16712960
2025-06-02,Bharti_Airtel,1844.0,1859.0,1831.5,1854.0999755859375,1838.7283935546875,3199499
2025-06-03,Bharti_Airtel,1867.0,1869.5,1832.0,1841.300048828125,1826.0345458984375,5596977
2025-06-04,Bharti_Airtel,1855.0,1884.5999755859375,1850.0,1875.4000244140625,1859.851806640625,5892170
2025-06-05,Bharti_Airtel,1884.0,1889.0,1868.5999755859375,1878.800048828125,1863.2236328125,8999675
2025-06-06,Bharti_Airtel,1872.0999755859375,1881.9000244140625,1867.300048828125,1870.199951171875,1854.6949462890625,4644174
2025-06-09,Bharti_Airtel,1874.0,1875.0,1848.699951171875,1865.0999755859375,1849.63720703125,3649505
2025-06-10,Bharti_Airtel,1866.5999755859375,1875.5999755859375,1850.300048828125,1857.0999755859375,1841.7034912109375,7925901
2025-06-11,Bharti_Airtel,1857.9000244140625,1866.5,1847.800048828125,1860.199951171875,1844.77783203125,8907265
2025-06-12,Bharti_Airtel,1871.9000244140625,1883.0,1831.5999755859375,1844.199951171875,1828.910400390625,7346031
2025-06-13,Bharti_Airtel,1815.0,1844.5999755859375,1815.0,1840.4000244140625,1825.1419677734375,4613000
2025-06-16,Bharti_Airtel,1842.0999755859375,1870.0,1838.800048828125,1861.300048828125,1845.8687744140625,5722187
2025-06-17,Bharti_Airtel,1879.0,1879.0,1847.5999755859375,1854.800048828125,1839.422607421875,6561555
2025-06-18,Bharti_Airtel,1847.5999755859375,1871.0,1843.0999755859375,1865.9000244140625,1850.4306640625,5069427
2025-06-19,Bharti_Airtel,1872.0,1879.0,1864.0999755859375,1877.0,1861.4385986328125,4712312
2025-06-20,Bharti_Airtel,1880.0,1949.0,1874.0,1936.699951171875,1920.6435546875,16228526
2025-06-23,Bharti_Airtel,1930.0,1949.0,1927.0999755859375,1936.300048828125,1920.2469482421875,2946463
2025-06-24,Bharti_Airtel,1950.9000244140625,1963.0,1929.0999755859375,1933.5999755859375,1917.5693359375,6837210
2025-06-25,Bharti_Airtel,1942.0,1970.0,1938.0,1965.5999755859375,1949.303955078125,4152765
2025-06-26,Bharti_Airtel,1970.0,2018.4000244140625,1966.300048828125,2014.300048828125,1997.600341796875,9413241
2025-06-27,Bharti_Airtel,2010.0,2039.0,2008.5999755859375,2027.0999755859375,2010.2940673828125,6405854
2025-06-30,Bharti_Airtel,2018.0,2023.9000244140625,2000.199951171875,2009.5999755859375,1992.939208984375,5597484
2025-07-01,Bharti_Airtel,2009.0,2030.800048828125,2006.9000244140625,2019.4000244140625,2002.657958984375,3769165
2025-07-02,Bharti_Airtel,2037.0,2045.800048828125,2018.300048828125,2033.300048828125,2016.4427490234375,6513288
2025-07-03,Bharti_Airtel,2041.800048828125,2044.9000244140625,2012.9000244140625,2019.300048828125,2002.558837890625,5558647
2025-07-04,Bharti_Airtel,2027.0,2036.5,2005.0999755859375,2017.199951171875,2000.4761962890625,2178315
2025-07-07,Bharti_Airtel,2018.0,2036.0,2010.5999755859375,2033.9000244140625,2017.037841796875,4165432
2025-07-08,Bharti_Airtel,2026.0,2035.0,2014.800048828125,2030.0,2013.1700439453125,3624619
2025-07-09,Bharti_Airtel,2035.0,2040.699951171875,1998.5,2019.699951171875,2002.9554443359375,2937734
2025-07-10,Bharti_Airtel,2028.5999755859375,2028.5999755859375,1962.300048828125,1964.5,1948.213134765625,5695845
2025-07-11,Bharti_Airtel,1942.0,1959.0999755859375,1914.199951171875,1921.9000244140625,1905.96630859375,13103980
2025-07-14,Bharti_Airtel,1915.0,1927.5,1900.199951171875,1920.9000244140625,1904.974609375,5269381
2025-07-15,Bharti_Airtel,1924.800048828125,1943.0,1923.199951171875,1934.199951171875,1918.164306640625,4163140
2025-07-16,Bharti_Airtel,1944.0,1944.0,1928.800048828125,1936.5999755859375,1920.54443359375,4211258
2025-07-17,Bharti_Airtel,1943.699951171875,1944.9000244140625,1927.5999755859375,1929.9000244140625,1913.9000244140625,6256455
2025-07-18,Bharti_Airtel,1915.0999755859375,1916.0,1891.800048828125,1901.0,1901.0,4643961
2025-07-21,Bharti_Airtel,1894.800048828125,1919.9000244140625,1892.5999755859375,1909.199951171875,1909.199951171875,5109654
2025-07-22,Bharti_Airtel,1909.199951171875,1911.300048828125,1883.0,1906.800048828125,1906.800048828125,4513541
2025-07-23,Bharti_Airtel,1920.0,1949.0,1907.300048828125,1943.800048828125,1943.800048828125,5194282
2025-07-24,Bharti_Airtel,1943.800048828125,1970.4000244140625,1933.699951171875,1936.0999755859375,1936.0999755859375,4150685
2025-07-25,Bharti_Airtel,1936.0999755859375,1952.699951171875,1925.0,1937.9000244140625,1937.9000244140625,3896884
2025-07-28,Bharti_Airtel,1930.0,1930.0,1885.0,1890.300048828125,1890.300048828125,3575044
2025-07-29,Bharti_Airtel,1880.0,1923.5999755859375,1880.0,1918.300048828125,1918.300048828125,3748040
2025-07-30,Bharti_Airtel,1934.0,1939.199951171875,1922.0999755859375,1932.5999755859375,1932.5999755859375,5044683
2025-07-31,Bharti_Airtel,1913.0,1926.5,1895.5999755859375,1914.300048828125,1914.300048828125,4674966
2025-08-01,Bharti_Airtel,1914.0,1919.699951171875,1878.0,1884.4000244140625,1884.4000244140625,5192594
2025-08-04,Bharti_Airtel,1892.0,1919.9000244140625,1878.5,1914.5999755859375,1914.5999755859375,3074380
2025-08-05,Bharti_Airtel,1920.0,1937.5999755859375,1912.0999755859375,1931.800048828125,1931.800048828125,5167672
2025-08-06,Bharti_Airtel,1930.0,1964.800048828125,1921.5999755859375,1929.699951171875,1929.699951171875,5461349
2025-08-07,Bharti_Airtel,1928.0999755859375,1933.300048828125,1909.0999755859375,1922.5999755859375,1922.5999755859375,4268534
2025-08-08,Bharti_Airtel,1886.300048828125,1893.800048828125,1856.0,1858.5999755859375,1858.5999755859375,93801105
2025-08-11,Bharti_Airtel,1863.0,1866.0,1845.699951171875,1857.4000244140625,1857.4000244140625,5266532
2025-08-12,Bharti_Airtel,1857.4000244140625,1865.0,1847.0999755859375,1850.300048828125,1850.300048828125,4645011
2025-08-13,Bharti_Airtel,1853.0,1872.5,1851.800048828125,1867.4000244140625,1867.4000244140625,6697206
2025-08-14,Bharti_Airtel,1873.0,1883.0,1866.800048828125,1873.800048828125,1873.800048828125,3958631
2025-08-18,Bharti_Airtel,1892.5,1912.5999755859375,1870.300048828125,1892.300048828125,1892.300048828125,7146376
2025-08-19,Bharti_Airtel,1901.0999755859375,1931.800048828125,1900.0,1909.699951171875,1909.699951171875,5706265
2025-08-20,Bharti_Airtel,1937.0,1952.0,1926.0,1928.4000244140625,1928.4000244140625,6962619
2025-08-21,Bharti_Airtel,1930.0,1940.9000244140625,1927.699951171875,1929.9000244140625,1929.9000244140625,3376913
2025-08-22,Bharti_Airtel,1934.0,1947.699951171875,1917.4000244140625,1933.300048828125,1933.300048828125,3271920
2025-08-25,Bharti_Airtel,1940.0,1940.0999755859375,1913.199951171875,1930.699951171875,1930.699951171875,2451388
2025-08-26,Bharti_Airtel,1922.0999755859375,1925.800048828125,1896.199951171875,1904.699951171875,1904.699951171875,5984656
2025-08-28,Bharti_Airtel,1893.0,1899.800048828125,1878.199951171875,1881.0999755859375,1881.0999755859375,5494113
2025-08-29,Bharti_Airtel,1872.5,1900.0999755859375,1872.5,1888.800048828125,1888.800048828125,4339042
2025-09-01,Bharti_Airtel,1889.0,1904.800048828125,1884.199951171875,1900.5999755859375,1900.5999755859375,3421488
2025-09-02,Bharti_Airtel,1904.5,1917.5,1878.0,1887.199951171875,1887.199951171875,4423049
2025-09-03,Bharti_Airtel,1891.0,1892.0999755859375,1870.0,1883.9000244140625,1883.9000244140625,3803044
2025-09-04,Bharti_Airtel,1899.0,1903.5,1876.5999755859375,1880.4000244140625,1880.4000244140625,5205333
2025-09-05,Bharti_Airtel,1887.0,1910.699951171875,1875.699951171875,1895.300048828125,1895.300048828125,2620140
2025-09-08,Bharti_Airtel,1898.0,1899.0,1884.0999755859375,1887.699951171875,1887.699951171875,2547552
2025-09-09,Bharti_Airtel,1892.0,1904.0,1883.0,1893.699951171875,1893.699951171875,4517793
2025-09-10,Bharti_Airtel,1904.0,1905.0,1883.0,1891.4000244140625,1891.4000244140625,3566139
2025-09-11,Bharti_Airtel,1884.0,1916.0,1882.0999755859375,1913.0,1913.0,4718266
2025-09-12,Bharti_Airtel,1925.0,1925.0,1901.5999755859375,1902.5999755859375,1902.5999755859375,3192824
2025-09-15,Bharti_Airtel,1904.0,1913.0,1898.4000244140625,1904.5,1904.5,3553258
2025-09-16,Bharti_Airtel,1903.300048828125,1942.0,1902.5,1939.5,1939.5,5427586
2025-09-17,Bharti_Airtel,1938.0999755859375,1950.0999755859375,1932.5999755859375,1941.300048828125,1941.300048828125,4234637
2025-09-18,Bharti_Airtel,1944.5,1949.800048828125,1920.5,1941.0999755859375,1941.0999755859375,5080814
2025-09-19,Bharti_Airtel,1930.199951171875,1976.800048828125,1927.800048828125,1962.4000244140625,1962.4000244140625,11287603
2025-09-22,Bharti_Airtel,1954.0,1966.0,1944.0,1956.199951171875,1956.199951171875,4469137
2025-09-23,Bharti_Airtel,1950.0,1955.0,1930.0999755859375,1938.699951171875,1938.699951171875,4348633
2025-09-24,Bharti_Airtel,1926.0,1937.300048828125,1918.800048828125,1931.0999755859375,1931.0999755859375,5237977
2025-09-25,Bharti_Airtel,1930.0,1950.0,1928.800048828125,1935.5999755859375,1935.5999755859375,7133365
2025-09-26,Bharti_Airtel,1931.0999755859375,1944.699951171875,1911.9000244140625,1916.5999755859375,1916.5999755859375,3239306
2025-09-29,Bharti_Airtel,1928.0,1928.0,1897.5,1902.199951171875,1902.199951171875,5072608
2025-09-30,Bharti_Airtel,1896.0,1907.5999755859375,1875.199951171875,1878.4000244140625,1878.4000244140625,5945625
2025-10-01,Bharti_Airtel,1868.0,1877.0,1855.9000244140625,1867.5999755859375,1867.5999755859375,5675393
2025-10-03,Bharti_Airtel,1851.199951171875,1900.300048828125,1848.0999755859375,1896.699951171875,1896.699951171875,5828332
2025-10-06,Bharti_Airtel,1892.5999755859375,1907.0,1887.5,1903.0999755859375,1903.0999755859375,2809218
2025-10-07,Bharti_Airtel,1900.0,1946.0,1900.0,1929.0,1929.0,5713060
2025-10-08,Bharti_Airtel,1929.0,1962.5999755859375,1927.5999755859375,1943.5,1943.5,4957406
2025-10-09,Bharti_Airtel,1945.0,1948.800048828125,1931.300048828125,1942.0,1942.0,3945737
2025-10-10,Bharti_Airtel,1937.0,1947.5999755859375,1935.4000244140625,1939.9000244140625,1939.9000244140625,2512581
2025-10-13,Bharti_Airtel,1937.9000244140625,1965.9000244140625,1936.0,1954.9000244140625,1954.9000244140625,3672419
2025-10-14,Bharti_Airtel,1964.0,1964.0,1939.199951171875,1946.5999755859375,1946.5999755859375,4454239
2025-10-15,Bharti_Airtel,1957.199951171875,1976.0,1951.5999755859375,1968.5,1968.5,3447352
2025-10-16,Bharti_Airtel,1962.300048828125,1986.9000244140625,1962.0,1967.4000244140625,1967.4000244140625,3700674
2025-10-17,Bharti_Airtel,1973.5999755859375,2034.300048828125,1970.300048828125,2012.0,2012.0,6743801
2025-10-20,Bharti_Airtel,2026.0,2057.0,2019.699951171875,2051.5,2051.5,7387180
2025-10-21,Bharti_Airtel,2051.800048828125,2058.5,2038.5,2043.5,2043.5,240850
2025-10-23,Bharti_Airtel,2063.89990234375,2067.0,2003.5999755859375,2007.9000244140625,2007.9000244140625,8790128
2025-10-24,Bharti_Airtel,2008.0,2033.0,2006.9000244140625,2029.300048828125,2029.300048828125,3236799
2025-10-27,Bharti_Airtel,2030.0,2094.0,2030.0,2080.10009765625,2080.10009765625,5796831
2025-10-28,Bharti_Airtel,2092.0,2102.60009765625,2071.699951171875,2090.199951171875,2090.199951171875,9891522
2025-10-29,Bharti_Airtel,2083.0,2110.39990234375,2081.60009765625,2100.60009765625,2100.60009765625,2742750
2025-10-30,Bharti_Airtel,2070.0,2088.0,2058.60009765625,2066.300048828125,2066.300048828125,4222189
2025-10-31,Bharti_Airtel,2056.0,2073.800048828125,2051.699951171875,2054.5,2054.5,4659723
2025-11-03,Bharti_Airtel,2055.0,2081.0,2047.199951171875,2074.0,2074.0,2979629
2025-11-04,Bharti_Airtel,2107.0,2135.60009765625,2103.5,2113.300048828125,2113.300048828125,12263078
2025-11-06,Bharti_Airtel,2115.0,2123.300048828125,2080.5,2094.89990234375,2094.89990234375,9546299
2025-11-07,Bharti_Airtel,2048.0,2048.0,1995.5999755859375,2001.199951171875,2001.199951171875,70392750
2025-11-10,Bharti_Airtel,1995.0,2028.800048828125,1992.199951171875,2019.800048828125,2019.800048828125,7457061
2025-11-11,Bharti_Airtel,2020.0999755859375,2056.89990234375,2017.4000244140625,2042.300048828125,2042.300048828125,14825625
2025-11-12,Bharti_Airtel,2060.0,2079.800048828125,2054.89990234375,2073.800048828125,2073.800048828125,8210277
2025-11-13,Bharti_Airtel,2099.89990234375,2107.0,2079.0,2091.800048828125,2091.800048828125,5958875
2025-11-14,Bharti_Airtel,2090.0,2107.89990234375,2081.89990234375,2100.699951171875,2100.699951171875,6312655
2025-11-17,Bharti_Airtel,2112.0,2122.0,2100.89990234375,2112.199951171875,2112.199951171875,5998770
2025-11-18,Bharti_Airtel,2122.0,2159.0,2110.300048828125,2149.199951171875,2149.199951171875,10972556
2025-11-19,Bharti_Airtel,2155.0,2166.199951171875,2146.699951171875,2159.800048828125,2159.800048828125,7419461
2025-11-20,Bharti_Airtel,2153.10009765625,2169.300048828125,2149.89990234375,2158.300048828125,2158.300048828125,7452899
2025-11-21,Bharti_Airtel,2150.10009765625,2174.5,2148.60009765625,2162.699951171875,2162.699951171875,6720938
2025-11-24,Bharti_Airtel,2162.10009765625,2165.800048828125,2140.39990234375,2152.10009765625,2152.10009765625,9686848
2025-11-25,Bharti_Airtel,2159.0,2170.699951171875,2138.699951171875,2161.60009765625,2161.60009765625,7102592
2025-11-26,Bharti_Airtel,2104.0,2134.89990234375,2097.5,2126.800048828125,2126.800048828125,43174047
2025-11-27,Bharti_Airtel,2132.0,2136.89990234375,2103.800048828125,2115.60009765625,2115.60009765625,4444877
2025-11-28,Bharti_Airtel,2118.0,2129.5,2096.39990234375,2101.60009765625,2101.60009765625,6263457
2025-12-01,Bharti_Airtel,2114.699951171875,2119.0,2083.10009765625,2089.699951171875,2089.699951171875,5058900
2025-12-02,Bharti_Airtel,2089.800048828125,2114.800048828125,2087.10009765625,2104.0,2104.0,6591396
2025-12-03,Bharti_Airtel,2100.10009765625,2109.89990234375,2081.60009765625,2086.0,2086.0,4357641
2025-12-04,Bharti_Airtel,2094.800048828125,2108.5,2074.10009765625,2103.800048828125,2103.800048828125,4611819
2025-12-05,Bharti_Airtel,2092.60009765625,2111.89990234375,2090.0,2108.800048828125,2108.800048828125,2938290
2025-12-08,Bharti_Airtel,2114.39990234375,2114.39990234375,2078.89990234375,2086.199951171875,2086.199951171875,4327091
2025-12-09,Bharti_Airtel,2086.800048828125,2100.39990234375,2080.39990234375,2089.699951171875,2089.699951171875,5139229
2025-12-10,Bharti_Airtel,2072.0,2096.89990234375,2062.199951171875,2067.0,2067.0,3987451
2025-12-11,Bharti_Airtel,2066.0,2069.199951171875,2038.0,2053.199951171875,2053.199951171875,3254850
2025-12-12,Bharti_Airtel,2053.10009765625,2087.10009765625,2050.60009765625,2083.39990234375,2083.39990234375,2706420
2025-12-15,Bharti_Airtel,2070.10009765625,2078.89990234375,2061.5,2069.699951171875,2069.699951171875,3233614
2025-12-16,Bharti_Airtel,2070.10009765625,2106.60009765625,2070.10009765625,2102.0,2102.0,5756692
2025-12-17,Bharti_Airtel,2117.60009765625,2128.0,2096.39990234375,2108.0,2108.0,6412516
2025-12-18,Bharti_Airtel,2099.0,2116.60009765625,2088.10009765625,2092.0,2092.0,3760341
2025-12-19,Bharti_Airtel,2113.89990234375,2115.0,2082.0,2097.699951171875,2097.699951171875,10127415
2025-12-22,Bharti_Airtel,2118.0,2151.699951171875,2101.699951171875,2147.60009765625,2147.60009765625,7670853
2025-12-23,Bharti_Airtel,2157.0,2164.0,2119.199951171875,2122.89990234375,2122.89990234375,4110853
2025-12-24,Bharti_Airtel,2111.0,2137.199951171875,2111.0,2123.699951171875,2123.699951171875,3145464
2025-12-26,Bharti_Airtel,2123.0,2123.0,2101.800048828125,2105.39990234375,2105.39990234375,1297870
2025-12-29,Bharti_Airtel,2105.39990234375,2112.699951171875,2079.39990234375,2081.60009765625,2081.60009765625,2371034
2025-12-30,Bharti_Airtel,2077.0,2102.800048828125,2071.60009765625,2099.800048828125,2099.800048828125,6983390
2025-12-31,Bharti_Airtel,2096.0,2121.0,2090.10009765625,2105.60009765625,2105.60009765625,2991434
2026-01-01,Bharti_Airtel,2114.800048828125,2123.89990234375,2107.0,2110.39990234375,2110.39990234375,2097756
2026-01-02,Bharti_Airtel,2108.0,2125.0,2098.0,2106.300048828125,2106.300048828125,2927138
2026-01-05,Bharti_Airtel,2102.10009765625,2112.10009765625,2096.5,2105.0,2105.0,2642580
2026-01-06,Bharti_Airtel,2106.800048828125,2121.800048828125,2087.5,2105.300048828125,2105.300048828125,9119265
2026-01-07,Bharti_Airtel,2095.60009765625,2103.800048828125,2077.0,2084.199951171875,2084.199951171875,4171371
2026-01-08,Bharti_Airtel,2088.0,2092.0,2055.0,2066.300048828125,2066.300048828125,5534929
2026-01-09,Bharti_Airtel,2070.199951171875,2084.0,2023.199951171875,2027.0999755859375,2027.0999755859375,4165409
2026-01-12,Bharti_Airtel,2023.5,2048.800048828125,2001.300048828125,2044.0,2044.0,4689135
2026-01-13,Bharti_Airtel,2047.0,2049.89990234375,2014.9000244140625,2026.9000244140625,2026.9000244140625,7388496
2026-01-14,Bharti_Airtel,2015.0999755859375,2034.0,2008.699951171875,2022.5,2022.5,4842964
2026-01-15,Bharti_Airtel,2022.5,2022.5,2022.5,2022.5,2022.5,0
2026-01-16,Bharti_Airtel,2020.0,2029.699951171875,1988.699951171875,2016.4000244140625,2016.4000244140625,7310676
2026-01-19,Bharti_Airtel,2023.0,2023.0,1996.300048828125,2010.0,2010.0,4272071
2026-01-20,Bharti_Airtel,2018.0,2018.0,1977.0999755859375,1996.0,1996.0,6076838
2026-01-21,Bharti_Airtel,1977.0,2007.0999755859375,1967.0,1996.0999755859375,1996.0999755859375,7952295
2026-01-22,Bharti_Airtel,2008.800048828125,2018.9000244140625,1990.0,2002.199951171875,2002.199951171875,6722567
2026-01-23,Bharti_Airtel,2009.0,2011.699951171875,1980.0999755859375,1984.699951171875,1984.699951171875,4340925
2026-01-27,Bharti_Airtel,1972.0999755859375,2003.800048828125,1962.699951171875,1973.4000244140625,1973.4000244140625,10510891
2026-01-28,Bharti_Airtel,1995.0,1995.0,1939.0,1957.699951171875,1957.699951171875,9426909
2026-01-29,Bharti_Airtel,1964.0,1970.5,1939.0,1967.9000244140625,1967.9000244140625,6065044
2026-01-30,Bharti_Airtel,1925.5999755859375,1974.0,1925.5999755859375,1968.699951171875,1968.699951171875,7683747
2026-02-02,Bharti_Airtel,1936.0999755859375,1969.800048828125,1926.5,1965.4000244140625,1965.4000244140625,5326225
2026-02-03,Bharti_Airtel,2050.0,2050.0,1980.0999755859375,1997.300048828125,1997.300048828125,6915795
2026-02-04,Bharti_Airtel,2008.0,2034.5999755859375,1998.4000244140625,2025.800048828125,2025.800048828125,7464725
2026-02-05,Bharti_Airtel,2012.0,2022.9000244140625,1985.0,1992.4000244140625,1992.4000244140625,7708690
2026-02-06,Bharti_Airtel,1994.0,2049.699951171875,1988.5,2038.4000244140625,2038.4000244140625,13870403
2026-02-09,Bharti_Airtel,2051.199951171875,2055.199951171875,2028.699951171875,2038.199951171875,2038.199951171875,7570161
2026-02-10,Bharti_Airtel,2052.0,2057.0,2008.4000244140625,2011.300048828125,2011.300048828125,9077763
2026-02-11,Bharti_Airtel,2012.9000244140625,2021.0,1996.699951171875,2012.0999755859375,2012.0999755859375,7423601
2026-02-12,Bharti_Airtel,2019.199951171875,2027.0,2009.0999755859375,2014.5,2014.5,7437690
2026-02-13,Bharti_Airtel,2013.9000244140625,2024.199951171875,1992.0,2004.699951171875,2004.699951171875,4808543
2026-02-16,Bharti_Airtel,2010.0,2032.199951171875,1995.0,2029.4000244140625,2029.4000244140625,3455964
2026-02-17,Bharti_Airtel,2028.0,2038.5,2014.199951171875,2020.300048828125,2020.300048828125,4471158
2026-02-18,Bharti_Airtel,2020.0999755859375,2028.5999755859375,2015.0,2021.800048828125,2021.800048828125,2182669
2026-02-19,Bharti_Airtel,2032.0,2032.0,1974.800048828125,1988.5999755859375,1988.5999755859375,4712417
2026-02-20,Bharti_Airtel,1981.0999755859375,1993.699951171875,1971.0,1977.4000244140625,1977.4000244140625,5180301
2026-02-23,Bharti_Airtel,1994.0,2000.5,1983.9000244140625,1997.300048828125,1997.300048828125,3728878
2026-02-24,Bharti_Airtel,1997.300048828125,1997.300048828125,1921.800048828125,1941.0,1941.0,10006761
2026-02-25,Bharti_Airtel,1955.0,1961.800048828125,1904.0,1913.4000244140625,1913.4000244140625,8285195
2026-02-26,Bharti_Airtel,1914.0,1935.0,1904.5,1929.5999755859375,1929.5999755859375,10795028
2026-02-27,Bharti_Airtel,1910.0,1915.0,1870.0999755859375,1879.300048828125,1879.300048828125,13754648
2026-03-02,Bharti_Airtel,1850.0999755859375,1895.9000244140625,1847.9000244140625,1873.199951171875,1873.199951171875,11785758
2026-03-04,Bharti_Airtel,1861.0999755859375,1920.0,1815.300048828125,1905.9000244140625,1905.9000244140625,20565585
2026-03-05,Bharti_Airtel,1919.0,1929.0999755859375,1897.199951171875,1907.0,1907.0,11398717
2026-03-06,Bharti_Airtel,1900.0,1902.0999755859375,1867.0999755859375,1870.800048828125,1870.800048828125,10896859
2026-03-09,Bharti_Airtel,1831.0,1872.4000244140625,1818.0999755859375,1866.699951171875,1866.699951171875,8073518
2026-03-10,Bharti_Airtel,1880.800048828125,1881.0,1846.5,1850.4000244140625,1850.4000244140625,11741600
2026-03-11,Bharti_Airtel,1841.0,1847.699951171875,1799.5,1807.0,1807.0,9548404
2026-03-12,Bharti_Airtel,1797.9000244140625,1817.800048828125,1791.0,1801.300048828125,1801.300048828125,12922735
2026-03-13,Bharti_Airtel,1781.0999755859375,1816.0,1776.5999755859375,1803.4000244140625,1803.4000244140625,8970772
2026-03-16,Bharti_Airtel,1798.0,1804.9000244140625,1770.9000244140625,1788.800048828125,1788.800048828125,14261268
2026-03-17,Bharti_Airtel,1797.0,1834.5,1791.0999755859375,1827.0,1827.0,7181491
2026-03-18,Bharti_Airtel,1826.800048828125,1869.0,1826.800048828125,1855.4000244140625,1855.4000244140625,6428092
2026-03-19,Bharti_Airtel,1826.5999755859375,1861.300048828125,1816.300048828125,1827.0,1827.0,7145082
2026-03-20,Bharti_Airtel,1834.0,1860.9000244140625,1834.0,1846.0999755859375,1846.0999755859375,7691633
2026-03-23,Bharti_Airtel,1827.0,1830.0,1792.0,1795.9000244140625,1795.9000244140625,6874051
2026-03-24,Bharti_Airtel,1816.300048828125,1826.800048828125,1781.0,1802.0999755859375,1802.0999755859375,7535860
2026-03-25,Bharti_Airtel,1814.0,1849.199951171875,1810.0999755859375,1834.9000244140625,1834.9000244140625,12473682
2026-03-27,Bharti_Airtel,1839.9000244140625,1856.9000244140625,1818.4000244140625,1843.9000244140625,1843.9000244140625,24490425
2026-03-30,Bharti_Airtel,1818.0,1824.5,1774.5,1782.4000244140625,1782.4000244140625,14240129
2026-04-01,Bharti_Airtel,1811.0,1817.300048828125,1776.5,1781.9000244140625,1781.9000244140625,10694662
2026-04-02,Bharti_Airtel,1765.0,1799.4000244140625,1746.9000244140625,1789.699951171875,1789.699951171875,10857093
2026-04-06,Bharti_Airtel,1812.0999755859375,1814.300048828125,1763.4000244140625,1792.800048828125,1792.800048828125,8183498
2026-04-07,Bharti_Airtel,1788.0999755859375,1840.0,1772.0,1830.300048828125,1830.300048828125,10057628
2026-04-08,Bharti_Airtel,1864.0,1871.5,1840.199951171875,1861.5999755859375,1861.5999755859375,11587604
2026-04-09,Bharti_Airtel,1869.9000244140625,1869.9000244140625,1846.0999755859375,1859.4000244140625,1859.4000244140625,10113053
2026-04-10,Bharti_Airtel,1868.0,1874.5999755859375,1859.9000244140625,1870.0,1870.0,5857988
2026-04-13,Bharti_Airtel,1838.0,1893.699951171875,1838.0,1870.9000244140625,1870.9000244140625,10371983
2026-04-15,Bharti_Airtel,1880.5,1890.9000244140625,1853.5999755859375,1855.699951171875,1855.699951171875,11049107
2026-04-16,Bharti_Airtel,1863.5,1864.9000244140625,1823.199951171875,1840.5999755859375,1840.5999755859375,15871247
2026-04-17,Bharti_Airtel,1837.0999755859375,1851.4000244140625,1829.699951171875,1846.9000244140625,1846.9000244140625,7344787
2026-04-20,Bharti_Airtel,1865.0,1865.0,1839.199951171875,1846.0999755859375,1846.0999755859375,9243641
2026-04-21,Bharti_Airtel,1830.0,1868.9000244140625,1830.0,1855.0,1855.0,10485373
2026-04-22,Bharti_Airtel,1850.199951171875,1857.9000244140625,1825.300048828125,1829.0,1829.0,5687058
2026-04-23,Bharti_Airtel,1821.800048828125,1846.0,1812.0999755859375,1841.199951171875,1841.199951171875,7489947
2026-04-24,Bharti_Airtel,1845.0,1850.699951171875,1807.300048828125,1814.5,1814.5,6306448
2026-04-27,Bharti_Airtel,1816.0999755859375,1828.4000244140625,1814.0,1820.0999755859375,1820.0999755859375,4413769
2026-04-28,Bharti_Airtel,1826.0,1852.0,1812.5999755859375,1843.800048828125,1843.800048828125,10558455
2026-04-29,Bharti_Airtel,1848.0,1900.4000244140625,1845.4000244140625,1888.0999755859375,1888.0999755859375,7713013
2026-04-30,Bharti_Airtel,1860.0,1906.0,1860.0,1886.800048828125,1886.800048828125,12709188
2026-05-01,Bharti_Airtel,1886.800048828125,1886.800048828125,1886.800048828125,1886.800048828125,1886.800048828125,0
2026-05-04,Bharti_Airtel,1873.199951171875,1895.300048828125,1821.699951171875,1827.0999755859375,1827.0999755859375,10707858
2026-05-05,Bharti_Airtel,1828.0,1846.0,1801.0,1806.0999755859375,1806.0999755859375,11407461
2026-05-06,Bharti_Airtel,1817.0,1841.5,1813.800048828125,1833.699951171875,1833.699951171875,5507749
2026-05-07,Bharti_Airtel,1835.0,1843.9000244140625,1821.199951171875,1826.5999755859375,1826.5999755859375,7914845
2026-05-08,Bharti_Airtel,1820.0,1840.800048828125,1815.199951171875,1834.5,1834.5,4839183
2026-05-11,Bharti_Airtel,1814.0,1819.800048828125,1756.0,1759.800048828125,1759.800048828125,15803791
2026-05-12,Bharti_Airtel,1751.5,1776.5,1751.5,1756.800048828125,1756.800048828125,11945399
2026-05-13,Bharti_Airtel,1740.5,1798.0,1740.5,1789.199951171875,1789.199951171875,9825413
2026-05-14,Bharti_Airtel,1820.0,1889.199951171875,1797.300048828125,1883.5,1883.5,21279151
2026-05-15,Bharti_Airtel,1883.199951171875,1922.9000244140625,1880.4000244140625,1905.4000244140625,1905.4000244140625,15807294
2026-05-18,Bharti_Airtel,1904.800048828125,1953.800048828125,1890.4000244140625,1938.0999755859375,1938.0999755859375,13888648
2026-05-19,Bharti_Airtel,1928.4000244140625,1942.0,1907.800048828125,1913.5,1913.5,8962228
2026-05-20,Bharti_Airtel,1914.0,1914.0,1897.699951171875,1904.9000244140625,1904.9000244140625,5778742
2026-05-21,Bharti_Airtel,1911.0,1915.300048828125,1880.800048828125,1885.300048828125,1885.300048828125,6419014
2026-05-22,Bharti_Airtel,1891.300048828125,1896.5999755859375,1869.300048828125,1871.4000244140625,1871.4000244140625,5099120
2026-05-25,Bharti_Airtel,1892.5,1892.5,1863.0999755859375,1874.800048828125,1874.800048828125,5903841
2026-05-26,Bharti_Airtel,1874.0,1874.0,1844.800048828125,1846.9000244140625,1846.9000244140625,5803034
2026-05-27,Bharti_Airtel,1840.4000244140625,1869.4000244140625,1840.4000244140625,1852.199951171875,1852.199951171875,8653155
2026-05-28,Bharti_Airtel,1852.199951171875,1852.199951171875,1852.199951171875,1852.199951171875,1852.199951171875,0
2026-05-29,Bharti_Airtel,1860.0,1860.0,1818.5,1829.0,1829.0,52886264
2026-06-01,Bharti_Airtel,1830.0,1842.0,1803.9000244140625,1810.5999755859375,1810.5999755859375,6391656
2026-06-02,Bharti_Airtel,1785.0,1825.0,1777.4000244140625,1814.199951171875,1814.199951171875,10791294
2026-06-03,Bharti_Airtel,1829.9000244140625,1835.5,1804.9000244140625,1824.0999755859375,1824.0999755859375,5832363
2026-06-04,Bharti_Airtel,1815.0,1829.800048828125,1798.4000244140625,1818.9000244140625,1818.9000244140625,6735759
2026-06-05,Bharti_Airtel,1824.9000244140625,1827.800048828125,1790.699951171875,1798.199951171875,1798.199951171875,3926715
2026-06-08,Bharti_Airtel,1775.0999755859375,1820.0999755859375,1771.0,1813.300048828125,1813.300048828125,6324919
2026-06-09,Bharti_Airtel,1837.0,1837.0,1789.199951171875,1799.0,1799.0,10377475
2026-06-10,Bharti_Airtel,1799.0,1807.699951171875,1771.0,1775.199951171875,1775.199951171875,7999362
2026-06-11,Bharti_Airtel,1773.0,1796.0,1768.5999755859375,1782.5999755859375,1782.5999755859375,5020731
2026-06-12,Bharti_Airtel,1784.0,1825.0,1784.0,1822.5,1822.5,5910557
2026-06-15,Bharti_Airtel,1841.0,1857.0,1816.0,1841.199951171875,1841.199951171875,5307277
2026-06-16,Bharti_Airtel,1840.199951171875,1859.199951171875,1837.199951171875,1853.0,1853.0,5957732
2026-06-17,Bharti_Airtel,1853.0,1878.0,1841.5,1875.699951171875,1875.699951171875,7653632
2026-06-18,Bharti_Airtel,1878.800048828125,1878.800048828125,1861.800048828125,1874.800048828125,1874.800048828125,4262944
2026-06-19,Bharti_Airtel,1874.300048828125,1917.5,1867.199951171875,1910.800048828125,1910.800048828125,15918432
2026-06-22,Bharti_Airtel,1915.800048828125,1924.5,1901.0,1916.5999755859375,1916.5999755859375,3798060
2026-06-23,Bharti_Airtel,1907.5999755859375,1927.699951171875,1896.699951171875,1901.5999755859375,1901.5999755859375,5155908
2026-06-24,Bharti_Airtel,1891.199951171875,1894.0999755859375,1872.9000244140625,1877.300048828125,1877.300048828125,8957457
2026-06-25,Bharti_Airtel,1885.0,1889.0,1848.0,1850.699951171875,1850.699951171875,8521503
2026-06-26,Bharti_Airtel,1850.699951171875,1850.699951171875,1850.699951171875,1850.699951171875,1850.699951171875,0
2026-06-29,Bharti_Airtel,1837.0999755859375,1849.800048828125,1833.0999755859375,1841.0999755859375,1841.0999755859375,10940130
2026-06-30,Bharti_Airtel,1853.0,1876.5999755859375,1843.199951171875,1852.0,1852.0,7233634
2026-07-01,Bharti_Airtel,1845.5999755859375,1887.0,1845.5999755859375,1871.0,1871.0,4307333
2026-07-02,Bharti_Airtel,1860.800048828125,1883.800048828125,1850.199951171875,1875.0,1875.0,5282404
2026-07-03,Bharti_Airtel,1890.0,1913.0,1885.0,1910.4000244140625,1910.4000244140625,5087043
2026-07-06,Bharti_Airtel,1916.800048828125,1932.699951171875,1915.5999755859375,1925.699951171875,1925.699951171875,2740217
2026-07-07,Bharti_Airtel,1911.0,1924.199951171875,1904.300048828125,,,1096583
