Date,Company,Open,High,Low,Close,Adj Close,Volume
2022-07-11,Dr_Reddys,875.8300170898438,913.739990234375,870.02001953125,900.2000122070312,882.360595703125,4797040
2022-07-12,Dr_Reddys,894.02001953125,907.7999877929688,885.2000122070312,896.739990234375,878.9690551757812,2079370
2022-07-13,Dr_Reddys,898.9000244140625,906.9400024414062,890.0,900.3200073242188,882.4782104492188,1893835
2022-07-14,Dr_Reddys,901.2000122070312,921.5999755859375,900.6099853515625,915.0800170898438,896.9456787109375,4423835
2022-07-15,Dr_Reddys,919.0800170898438,922.510009765625,904.2000122070312,909.2000122070312,891.1821899414062,1504725
2022-07-18,Dr_Reddys,915.2000122070312,922.760009765625,891.0599975585938,893.219970703125,875.5188598632812,2337315
2022-07-19,Dr_Reddys,891.5599975585938,899.5999755859375,887.030029296875,889.5800170898438,871.9509887695312,1961920
2022-07-20,Dr_Reddys,898.0,898.4000244140625,888.0,891.75,874.0780639648438,1130700
2022-07-21,Dr_Reddys,893.7999877929688,897.3699951171875,871.2000122070312,874.219970703125,856.8953247070312,3126100
2022-07-22,Dr_Reddys,878.7999877929688,881.3599853515625,870.5999755859375,874.7000122070312,857.3659057617188,1806315
2022-07-25,Dr_Reddys,875.530029296875,878.1699829101562,860.0,866.1099853515625,848.9461059570312,1726910
2022-07-26,Dr_Reddys,865.760009765625,865.760009765625,838.8099975585938,842.4000244140625,825.7060546875,2971165
2022-07-27,Dr_Reddys,841.5900268554688,860.0,832.5999755859375,857.2100219726562,840.2225341796875,1866270
2022-07-28,Dr_Reddys,862.7999877929688,862.97998046875,839.0,852.010009765625,835.1256103515625,2832835
2022-07-29,Dr_Reddys,836.5900268554688,836.5900268554688,811.1199951171875,818.0700073242188,801.858154296875,9872475
2022-08-01,Dr_Reddys,827.9600219726562,827.9600219726562,820.0999755859375,822.0900268554688,805.7984619140625,2136850
2022-08-02,Dr_Reddys,825.5999755859375,825.5999755859375,814.239990234375,817.0800170898438,800.8877563476562,2635115
2022-08-03,Dr_Reddys,818.989990234375,820.7999877929688,808.0,819.260009765625,803.0245361328125,2600985
2022-08-04,Dr_Reddys,822.0,831.8599853515625,817.8099975585938,829.5900268554688,813.1498413085938,3006675
2022-08-05,Dr_Reddys,831.0,838.760009765625,828.77001953125,831.3699951171875,814.89453125,2075395
2022-08-08,Dr_Reddys,831.3699951171875,846.7999877929688,831.3699951171875,844.6699829101562,827.9309692382812,2041885
2022-08-10,Dr_Reddys,848.719970703125,852.7999877929688,842.9099731445312,848.6599731445312,831.8419189453125,2108115
2022-08-11,Dr_Reddys,852.0,855.5999755859375,847.1799926757812,851.6599731445312,834.782470703125,1285185
2022-08-12,Dr_Reddys,851.5999755859375,857.9199829101562,844.2000122070312,852.1599731445312,835.2725219726562,2021290
2022-08-16,Dr_Reddys,855.0,863.7999877929688,852.5599975585938,859.5599975585938,842.52587890625,1314065
2022-08-17,Dr_Reddys,863.5900268554688,865.97998046875,858.3499755859375,863.1799926757812,846.0741577148438,2169055
2022-08-18,Dr_Reddys,848.0,848.0,826.6699829101562,845.02001953125,828.2741088867188,5137920
2022-08-19,Dr_Reddys,846.4000244140625,849.4199829101562,837.0,840.7999877929688,824.1376953125,1928705
2022-08-22,Dr_Reddys,833.8200073242188,845.989990234375,832.0,837.3900146484375,820.7952880859375,1692810
2022-08-23,Dr_Reddys,829.0,847.0399780273438,829.0,845.030029296875,828.2838745117188,1398150
2022-08-24,Dr_Reddys,849.260009765625,849.260009765625,839.4000244140625,843.6099853515625,826.8920288085938,1467185
2022-08-25,Dr_Reddys,847.8300170898438,852.780029296875,842.4000244140625,847.5800170898438,830.7833251953125,1552875
2022-08-26,Dr_Reddys,854.5999755859375,855.0,842.4299926757812,844.6599731445312,827.9212036132812,818685
2022-08-29,Dr_Reddys,834.0,844.6500244140625,831.4299926757812,842.030029296875,825.3433227539062,966050
2022-08-30,Dr_Reddys,842.7999877929688,852.3200073242188,838.530029296875,849.010009765625,832.1849975585938,2359905
2022-09-01,Dr_Reddys,843.2000122070312,846.5,839.4099731445312,840.4199829101562,823.7651977539062,1656700
2022-09-02,Dr_Reddys,844.6300048828125,846.4000244140625,834.7899780273438,837.989990234375,821.3833618164062,1008280
2022-09-05,Dr_Reddys,839.0,843.9099731445312,831.0,842.8499755859375,826.1470336914062,1581715
2022-09-06,Dr_Reddys,846.0,850.4000244140625,837.0,847.8400268554688,831.0382080078125,1129375
2022-09-07,Dr_Reddys,843.0,853.2000122070312,842.4600219726562,849.8599853515625,833.0181274414062,1073975
2022-09-08,Dr_Reddys,859.3900146484375,859.3900146484375,850.5399780273438,854.3300170898438,837.3995971679688,1577545
2022-09-09,Dr_Reddys,854.5,863.9000244140625,849.2100219726562,851.02001953125,834.1551513671875,1570630
2022-09-12,Dr_Reddys,852.0,860.0,848.9400024414062,852.22998046875,835.3411254882812,1262745
2022-09-13,Dr_Reddys,852.8099975585938,861.3900146484375,847.4000244140625,850.5800170898438,833.723876953125,2209365
2022-09-14,Dr_Reddys,833.0700073242188,852.489990234375,833.0700073242188,842.8300170898438,826.1275024414062,1723540
2022-09-15,Dr_Reddys,847.0499877929688,847.0499877929688,828.27001953125,833.7999877929688,817.2764282226562,1881365
2022-09-16,Dr_Reddys,837.0,837.0,812.1599731445312,815.469970703125,799.3096313476562,1893520
2022-09-19,Dr_Reddys,814.0,822.2100219726562,799.4000244140625,819.8300170898438,803.583251953125,1506440
2022-09-20,Dr_Reddys,822.4000244140625,847.5999755859375,821.219970703125,843.2000122070312,826.4901123046875,2957845
2022-09-21,Dr_Reddys,843.989990234375,853.8200073242188,826.5700073242188,830.5499877929688,814.0908203125,1894725
2022-09-22,Dr_Reddys,822.02001953125,844.4199829101562,821.6799926757812,836.47998046875,819.9033203125,2391915
2022-09-23,Dr_Reddys,832.5999755859375,842.9500122070312,825.9000244140625,827.8400268554688,811.4345703125,1659940
2022-09-26,Dr_Reddys,823.8400268554688,831.760009765625,817.8599853515625,825.5700073242188,809.2095336914062,2055290
2022-09-27,Dr_Reddys,829.7000122070312,840.0,825.0599975585938,836.3200073242188,819.7464599609375,1485445
2022-09-28,Dr_Reddys,835.6300048828125,859.4000244140625,835.6300048828125,853.9400024414062,837.0172729492188,3133240
2022-09-29,Dr_Reddys,858.25,881.4000244140625,857.2000122070312,872.1400146484375,854.8566284179688,5442790
2022-09-30,Dr_Reddys,876.510009765625,881.0,854.4099731445312,867.1400146484375,849.9557495117188,3164565
2022-10-03,Dr_Reddys,863.0,887.7999877929688,862.47998046875,883.9299926757812,866.4129638671875,3476290
2022-10-04,Dr_Reddys,889.2000122070312,889.97998046875,875.2100219726562,882.7899780273438,865.2955322265625,1543270
2022-10-06,Dr_Reddys,887.2100219726562,889.5900268554688,873.97998046875,879.510009765625,862.08056640625,1231195
2022-10-07,Dr_Reddys,878.0,881.7100219726562,874.4000244140625,875.3300170898438,857.9833984375,1338865
2022-10-10,Dr_Reddys,870.0,877.5999755859375,864.0,876.0,858.64013671875,1218745
2022-10-11,Dr_Reddys,877.4000244140625,877.5999755859375,850.4000244140625,856.5499877929688,839.5756225585938,1486910
2022-10-12,Dr_Reddys,860.0,862.0,843.010009765625,848.22998046875,831.42041015625,1470100
2022-10-13,Dr_Reddys,849.989990234375,861.7999877929688,848.260009765625,850.9299926757812,834.0669555664062,1513920
2022-10-14,Dr_Reddys,861.0,868.0,852.6099853515625,862.1599731445312,845.0744018554688,1244005
2022-10-17,Dr_Reddys,861.0,874.7999877929688,856.5,867.0399780273438,849.857666015625,1050700
2022-10-18,Dr_Reddys,871.3800048828125,874.72998046875,867.0399780273438,871.3099975585938,854.0430908203125,721180
2022-10-19,Dr_Reddys,872.010009765625,878.8099975585938,861.010009765625,863.3800048828125,846.270263671875,860840
2022-10-20,Dr_Reddys,861.0,871.0,856.0,869.8099975585938,852.5728149414062,1287620
2022-10-21,Dr_Reddys,871.0,877.7899780273438,861.719970703125,866.1599731445312,848.9951171875,1002975
2022-10-24,Dr_Reddys,872.9600219726562,876.7999877929688,871.0,875.5,858.1500854492188,158840
2022-10-25,Dr_Reddys,877.989990234375,895.5,874.2000122070312,888.469970703125,870.8629760742188,3118275
2022-10-27,Dr_Reddys,892.0,903.7999877929688,890.0700073242188,898.239990234375,880.4393920898438,2207370
2022-10-28,Dr_Reddys,897.0,900.5499877929688,886.0,891.989990234375,874.3132934570312,1767930
2022-10-31,Dr_Reddys,906.2000122070312,925.0,868.9299926757812,886.739990234375,869.1672973632812,9128805
2022-11-01,Dr_Reddys,887.0499877929688,916.0,887.0499877929688,907.0599975585938,889.0845947265625,5350980
2022-11-02,Dr_Reddys,909.010009765625,929.0,909.010009765625,911.1300048828125,893.0739135742188,3708780
2022-11-03,Dr_Reddys,911.1300048828125,920.0,905.469970703125,917.97998046875,899.7882080078125,1766075
2022-11-04,Dr_Reddys,918.010009765625,920.0,902.489990234375,905.02001953125,887.0850219726562,2463380
2022-11-07,Dr_Reddys,906.2000122070312,909.4600219726562,888.8800048828125,897.0900268554688,879.3121948242188,2100085
2022-11-09,Dr_Reddys,908.0,913.1599731445312,900.02001953125,906.97998046875,889.0061645507812,3565560
2022-11-10,Dr_Reddys,907.989990234375,923.2000122070312,905.5999755859375,909.8900146484375,891.8585205078125,2959765
2022-11-11,Dr_Reddys,914.4400024414062,915.7999877929688,900.4000244140625,907.8900146484375,889.898193359375,1625215
2022-11-14,Dr_Reddys,880.0,896.77001953125,863.0,872.72998046875,855.4349365234375,3722425
2022-11-15,Dr_Reddys,873.4400024414062,888.52001953125,872.739990234375,886.739990234375,869.1672973632812,1872600
2022-11-16,Dr_Reddys,886.72998046875,908.989990234375,878.6400146484375,896.2000122070312,878.4398193359375,2610960
2022-11-17,Dr_Reddys,896.1900024414062,897.6900024414062,876.469970703125,884.260009765625,866.7364501953125,1561865
2022-11-18,Dr_Reddys,884.75,886.9099731445312,875.0999755859375,881.8099975585938,864.3349609375,1693670
2022-11-21,Dr_Reddys,876.0,878.5999755859375,863.510009765625,869.969970703125,852.7295532226562,2153040
2022-11-22,Dr_Reddys,874.3200073242188,880.52001953125,865.2000122070312,872.5,855.2094116210938,2015475
2022-11-23,Dr_Reddys,876.0,884.0,872.0,881.1300048828125,863.6685180664062,1964345
2022-11-24,Dr_Reddys,885.5399780273438,887.989990234375,875.1699829101562,882.77001953125,865.2760009765625,1188110
2022-11-25,Dr_Reddys,884.77001953125,886.989990234375,877.7999877929688,883.6199951171875,866.109130859375,1477045
2022-11-28,Dr_Reddys,882.9500122070312,889.47998046875,877.2999877929688,880.4000244140625,862.9529418945312,1530840
2022-11-29,Dr_Reddys,881.02001953125,895.739990234375,880.8099975585938,890.6699829101562,873.0193481445312,2045690
2022-11-30,Dr_Reddys,894.0,903.5900268554688,888.2000122070312,897.4299926757812,879.6454467773438,4256840
2022-12-01,Dr_Reddys,901.9199829101562,906.3599853515625,889.3599853515625,894.8699951171875,877.1361694335938,1936730
2022-12-02,Dr_Reddys,896.989990234375,904.7999877929688,892.030029296875,902.0800170898438,884.2033081054688,2080040
2022-12-05,Dr_Reddys,905.97998046875,906.4000244140625,890.030029296875,895.8800048828125,878.1261596679688,1961695
2022-12-06,Dr_Reddys,892.02001953125,894.8900146484375,871.8099975585938,874.8400268554688,857.503173828125,1742295
2022-12-07,Dr_Reddys,873.0,876.5999755859375,864.0,872.2999877929688,855.0134887695312,1661035
2022-12-08,Dr_Reddys,874.7899780273438,875.8499755859375,866.2100219726562,871.239990234375,853.9744873046875,1386625
2022-12-09,Dr_Reddys,875.0,882.9600219726562,870.8499755859375,881.4199829101562,863.9526977539062,1539865
2022-12-12,Dr_Reddys,873.4099731445312,892.5800170898438,873.4099731445312,890.4500122070312,872.8037719726562,1367975
2022-12-13,Dr_Reddys,890.0399780273438,894.9299926757812,888.0999755859375,891.6300048828125,873.9603881835938,1087545
2022-12-14,Dr_Reddys,895.0,902.7000122070312,890.27001953125,900.9099731445312,883.056396484375,1392005
2022-12-15,Dr_Reddys,897.22998046875,905.52001953125,892.2000122070312,893.7899780273438,876.0775756835938,1209055
2022-12-16,Dr_Reddys,886.9000244140625,891.77001953125,852.25,861.8200073242188,844.7411499023438,16783045
2022-12-19,Dr_Reddys,868.989990234375,881.72998046875,863.010009765625,879.2100219726562,861.7865600585938,1661755
2022-12-20,Dr_Reddys,876.0,878.0,861.6199951171875,873.9500122070312,856.6307373046875,1214105
2022-12-21,Dr_Reddys,875.989990234375,887.0,870.6799926757812,881.510009765625,864.0409545898438,1739615
2022-12-22,Dr_Reddys,886.0,891.2000122070312,863.02001953125,869.8499755859375,852.6119384765625,1737350
2022-12-23,Dr_Reddys,865.010009765625,883.5999755859375,858.25,862.0900268554688,845.0057983398438,2498780
2022-12-26,Dr_Reddys,866.4099731445312,869.4000244140625,846.010009765625,849.719970703125,832.8809204101562,1593040
2022-12-27,Dr_Reddys,853.9600219726562,853.9600219726562,840.2000122070312,850.1699829101562,833.322021484375,1366245
2022-12-28,Dr_Reddys,850.1699829101562,853.3300170898438,843.1900024414062,850.5499877929688,833.6944580078125,1088005
2022-12-29,Dr_Reddys,855.0,870.9299926757812,844.6099853515625,852.1199951171875,835.2333374023438,4064660
2022-12-30,Dr_Reddys,856.0,857.02001953125,845.0,847.510009765625,830.7147827148438,882895
2023-01-02,Dr_Reddys,851.75,853.510009765625,841.7999877929688,847.010009765625,830.2246704101562,663630
2023-01-03,Dr_Reddys,847.760009765625,851.6199951171875,843.219970703125,847.6699829101562,830.8715209960938,810895
2023-01-04,Dr_Reddys,847.0,852.0,844.260009765625,850.7000122070312,833.8414916992188,832835
2023-01-05,Dr_Reddys,853.0,860.77001953125,848.2999877929688,859.5,842.4671020507812,994925
2023-01-06,Dr_Reddys,859.9000244140625,863.8599853515625,851.8200073242188,854.3499755859375,837.419189453125,630680
2023-01-09,Dr_Reddys,858.6300048828125,867.989990234375,855.030029296875,866.7999877929688,849.6224365234375,830195
2023-01-10,Dr_Reddys,864.0,869.6599731445312,856.7899780273438,857.739990234375,840.7420043945312,1170765
2023-01-11,Dr_Reddys,860.989990234375,864.0,848.8800048828125,852.3800048828125,835.4882202148438,1273265
2023-01-12,Dr_Reddys,854.989990234375,864.4000244140625,848.4199829101562,862.1199951171875,845.0352172851562,1280325
2023-01-13,Dr_Reddys,864.7999877929688,868.3400268554688,858.0,864.0800170898438,846.9563598632812,1234630
2023-01-16,Dr_Reddys,867.9400024414062,870.5499877929688,858.010009765625,865.2100219726562,848.06396484375,446555
2023-01-17,Dr_Reddys,867.7899780273438,871.9600219726562,861.1199951171875,870.3499755859375,853.10205078125,778125
2023-01-18,Dr_Reddys,870.3499755859375,878.989990234375,868.4000244140625,872.8699951171875,855.5721435546875,1318465
2023-01-19,Dr_Reddys,872.969970703125,876.6300048828125,863.3099975585938,866.4400024414062,849.2695922851562,1242455
2023-01-20,Dr_Reddys,866.3900146484375,876.2100219726562,856.0,870.1199951171875,852.8766479492188,1182675
2023-01-23,Dr_Reddys,871.989990234375,873.0900268554688,863.8699951171875,867.5700073242188,850.3772583007812,770265
2023-01-24,Dr_Reddys,868.2000122070312,870.9600219726562,847.4000244140625,850.5499877929688,833.6944580078125,1320270
2023-01-25,Dr_Reddys,852.0,853.780029296875,835.02001953125,840.1900024414062,823.539794921875,1470210
2023-01-27,Dr_Reddys,856.0,876.1799926757812,850.6699829101562,862.7999877929688,845.7017211914062,4781440
2023-01-30,Dr_Reddys,863.989990234375,867.8900146484375,856.989990234375,865.760009765625,848.60302734375,1873685
2023-01-31,Dr_Reddys,869.0,875.3400268554688,858.6599731445312,864.8300170898438,847.6915283203125,3159705
2023-02-01,Dr_Reddys,868.2000122070312,876.0,862.0499877929688,870.2999877929688,853.0531005859375,2027270
2023-02-02,Dr_Reddys,862.5999755859375,875.8099975585938,858.3099975585938,874.02001953125,856.6994018554688,1946775
2023-02-03,Dr_Reddys,875.0,885.97998046875,863.6400146484375,871.6699829101562,854.3959350585938,1874895
2023-02-06,Dr_Reddys,876.030029296875,876.030029296875,857.0,869.9099731445312,852.6707763671875,1516105
2023-02-07,Dr_Reddys,876.1300048828125,893.6500244140625,872.0499877929688,888.0499877929688,870.4513549804688,2987405
2023-02-08,Dr_Reddys,890.0,899.3200073242188,886.530029296875,897.5599975585938,879.7728271484375,1196855
2023-02-09,Dr_Reddys,888.7999877929688,905.9099731445312,886.719970703125,897.5,879.7140502929688,2054810
2023-02-10,Dr_Reddys,898.7899780273438,901.0,886.510009765625,899.9199829101562,882.0861206054688,685110
2023-02-13,Dr_Reddys,901.6199951171875,911.47998046875,900.02001953125,904.9400024414062,887.006591796875,1872775
2023-02-14,Dr_Reddys,909.0,912.7999877929688,900.1300048828125,907.6799926757812,889.6922607421875,1202135
2023-02-15,Dr_Reddys,909.5999755859375,912.6400146484375,900.8400268554688,903.969970703125,886.0557861328125,1283685
2023-02-16,Dr_Reddys,908.489990234375,909.969970703125,901.8900146484375,903.8599853515625,885.947998046875,1352330
2023-02-17,Dr_Reddys,900.239990234375,907.0,892.7000122070312,902.0700073242188,884.1934814453125,1056035
2023-02-20,Dr_Reddys,904.0,907.7100219726562,893.6900024414062,894.9600219726562,877.2244262695312,761745
2023-02-21,Dr_Reddys,900.8599853515625,900.8599853515625,891.760009765625,897.22998046875,879.4494018554688,791630
2023-02-22,Dr_Reddys,897.3800048828125,904.0399780273438,893.8800048828125,895.3400268554688,877.5968627929688,882305
2023-02-23,Dr_Reddys,895.219970703125,903.0,888.2000122070312,889.9199829101562,872.2842407226562,1187840
2023-02-24,Dr_Reddys,892.97998046875,902.0,888.3599853515625,898.219970703125,880.4197387695312,1764830
2023-02-27,Dr_Reddys,898.219970703125,898.219970703125,871.0,884.2000122070312,866.6776123046875,1370570
2023-02-28,Dr_Reddys,887.7999877929688,887.7999877929688,860.0,863.3200073242188,846.21142578125,2699875
2023-03-01,Dr_Reddys,863.2899780273438,871.4299926757812,859.4000244140625,868.8400268554688,851.6220092773438,995515
2023-03-02,Dr_Reddys,871.5999755859375,880.2899780273438,864.0,878.1199951171875,860.7181396484375,1413260
2023-03-03,Dr_Reddys,882.52001953125,889.3900146484375,872.0999755859375,887.5900268554688,870.00048828125,1371180
2023-03-06,Dr_Reddys,887.4000244140625,891.760009765625,883.2100219726562,887.8400268554688,870.2455444335938,877920
2023-03-08,Dr_Reddys,886.5999755859375,888.7999877929688,880.25,885.25,867.7068481445312,1173705
2023-03-09,Dr_Reddys,883.1300048828125,887.6699829101562,874.3599853515625,876.1900024414062,858.8263549804688,1022125
2023-03-10,Dr_Reddys,874.5900268554688,882.6099853515625,870.0,879.1099853515625,861.6884765625,1686010
2023-03-13,Dr_Reddys,875.0,883.1900024414062,869.0999755859375,874.0800170898438,856.7581787109375,812710
2023-03-14,Dr_Reddys,878.7999877929688,884.1799926757812,861.7999877929688,869.9099731445312,852.6707763671875,2141980
2023-03-15,Dr_Reddys,871.3900146484375,885.0,868.1599731445312,878.9000244140625,861.4827270507812,1717110
2023-03-16,Dr_Reddys,882.2000122070312,886.0,874.0700073242188,876.75,859.375244140625,1384640
2023-03-17,Dr_Reddys,881.1400146484375,892.6300048828125,876.75,887.22998046875,869.6475830078125,3092990
2023-03-20,Dr_Reddys,886.2000122070312,898.7999877929688,884.5,887.8900146484375,870.2945556640625,3949945
2023-03-21,Dr_Reddys,888.3900146484375,896.0,881.8400268554688,883.8699951171875,866.3541259765625,1984640
2023-03-22,Dr_Reddys,885.8699951171875,896.0,883.1699829101562,894.989990234375,877.2537841796875,1598885
2023-03-23,Dr_Reddys,895.7999877929688,899.9000244140625,886.1099853515625,889.3900146484375,871.7647705078125,2418370
2023-03-24,Dr_Reddys,889.989990234375,899.5999755859375,889.989990234375,892.8300170898438,875.1365966796875,1126970
2023-03-27,Dr_Reddys,898.0,905.72998046875,893.010009765625,897.1300048828125,879.3513793945312,1759570
2023-03-28,Dr_Reddys,899.7899780273438,909.4199829101562,896.0,905.3599853515625,887.4182739257812,1834690
2023-03-29,Dr_Reddys,909.8900146484375,915.0,904.4299926757812,913.5599975585938,895.455810546875,2083535
2023-03-31,Dr_Reddys,916.5999755859375,931.2999877929688,913.5700073242188,924.5499877929688,906.22802734375,2282485
2023-04-03,Dr_Reddys,929.7899780273438,936.4000244140625,919.6199951171875,931.2999877929688,912.84423828125,1500675
2023-04-05,Dr_Reddys,930.0,939.0,928.260009765625,936.5599975585938,918.0,1823560
2023-04-06,Dr_Reddys,938.7899780273438,942.239990234375,935.1900024414062,939.8800048828125,921.254150390625,1460345
2023-04-10,Dr_Reddys,946.4000244140625,954.4400024414062,937.5999755859375,951.9299926757812,933.0653686523438,920770
2023-04-11,Dr_Reddys,954.5999755859375,961.1799926757812,941.5999755859375,952.6699829101562,933.7907104492188,2309250
2023-04-12,Dr_Reddys,952.6699829101562,983.9199829101562,945.239990234375,976.2000122070312,956.8544311523438,3403195
2023-04-13,Dr_Reddys,977.5999755859375,977.5999755859375,966.239990234375,970.5800170898438,951.3458251953125,1169335
2023-04-17,Dr_Reddys,975.3900146484375,984.5900268554688,963.9500122070312,970.4600219726562,951.2282104492188,1705675
2023-04-18,Dr_Reddys,972.280029296875,983.5999755859375,969.0999755859375,982.47998046875,963.0099487304688,1797050
2023-04-19,Dr_Reddys,977.47998046875,988.0,976.1099853515625,981.8699951171875,962.4120483398438,1920935
2023-04-20,Dr_Reddys,983.2000122070312,983.2000122070312,964.4500122070312,971.6400146484375,952.3848266601562,3175850
2023-04-21,Dr_Reddys,971.6199951171875,975.7999877929688,964.6300048828125,973.75,954.4530029296875,1657195
2023-04-24,Dr_Reddys,970.7999877929688,970.7999877929688,950.4199829101562,961.219970703125,942.1712646484375,2190830
2023-04-25,Dr_Reddys,960.7100219726562,968.22998046875,951.5499877929688,966.6599731445312,947.5034790039062,1639985
2023-04-26,Dr_Reddys,962.0,974.8499755859375,962.0,969.02001953125,949.8167724609375,1020765
2023-04-27,Dr_Reddys,969.0,987.7999877929688,963.6199951171875,983.7100219726562,964.2156372070312,1098280
2023-04-28,Dr_Reddys,983.7100219726562,987.0,975.4199829101562,985.969970703125,966.4307861328125,1235220
2023-05-02,Dr_Reddys,980.6799926757812,991.7899780273438,980.6799926757812,990.0800170898438,970.4594116210938,1209890
2023-05-03,Dr_Reddys,989.97998046875,992.0,983.0,990.4500122070312,970.822021484375,883875
2023-05-04,Dr_Reddys,990.4500122070312,995.0,984.0700073242188,993.5999755859375,973.9096069335938,1006635
2023-05-05,Dr_Reddys,994.989990234375,997.7999877929688,985.1099853515625,988.5,968.91064453125,461545
2023-05-08,Dr_Reddys,989.0,993.3400268554688,969.3300170898438,981.4199829101562,961.970947265625,1190915
2023-05-09,Dr_Reddys,983.6099853515625,987.97998046875,978.010009765625,986.6500244140625,967.0973510742188,1545295
2023-05-10,Dr_Reddys,992.969970703125,992.969970703125,967.97998046875,973.4600219726562,954.1687622070312,2271505
2023-05-11,Dr_Reddys,935.0,940.0,904.8099975585938,906.4000244140625,888.437744140625,13916795
2023-05-12,Dr_Reddys,908.989990234375,908.989990234375,889.0,893.219970703125,875.5188598632812,5242020
2023-05-15,Dr_Reddys,894.030029296875,906.4199829101562,889.2999877929688,903.7100219726562,885.801025390625,1588765
2023-05-16,Dr_Reddys,904.5999755859375,909.5800170898438,900.9099731445312,903.010009765625,885.1149291992188,1430235
2023-05-17,Dr_Reddys,903.9600219726562,909.010009765625,890.219970703125,896.2999877929688,878.5377807617188,1749805
2023-05-18,Dr_Reddys,898.4000244140625,900.4400024414062,880.97998046875,884.6199951171875,867.0892333984375,2127235
2023-05-19,Dr_Reddys,885.5900268554688,888.0,876.8099975585938,878.3900146484375,860.9827880859375,1630405
2023-05-22,Dr_Reddys,881.7999877929688,893.969970703125,876.8499755859375,891.530029296875,873.8623657226562,1224880
2023-05-23,Dr_Reddys,891.6199951171875,899.9299926757812,889.2100219726562,892.1099853515625,874.430908203125,1616475
2023-05-24,Dr_Reddys,893.0,904.7999877929688,891.97998046875,903.8499755859375,885.9381713867188,1683665
2023-05-25,Dr_Reddys,906.780029296875,906.780029296875,896.47998046875,900.7899780273438,882.9389038085938,1033820
2023-05-26,Dr_Reddys,901.010009765625,907.7999877929688,899.989990234375,906.1900024414062,888.2318115234375,752935
2023-05-29,Dr_Reddys,909.5800170898438,913.7999877929688,904.0,911.25,893.1915893554688,928140
2023-05-30,Dr_Reddys,911.25,911.25,899.77001953125,903.780029296875,885.86962890625,1369945
2023-05-31,Dr_Reddys,902.0,905.9299926757812,896.1900024414062,900.2100219726562,882.370361328125,6313505
2023-06-01,Dr_Reddys,901.969970703125,911.989990234375,900.2100219726562,910.4099731445312,892.3681640625,1528955
2023-06-02,Dr_Reddys,913.7899780273438,924.0,913.010009765625,922.0900268554688,903.8167724609375,2509565
2023-06-05,Dr_Reddys,926.2000122070312,930.4000244140625,919.3400268554688,920.7100219726562,902.464111328125,1132140
2023-06-06,Dr_Reddys,922.0,928.0,921.0,927.3300170898438,908.952880859375,1161655
2023-06-07,Dr_Reddys,930.0,935.5999755859375,929.02001953125,934.75,916.2258911132812,1139525
2023-06-08,Dr_Reddys,935.0,938.5999755859375,927.4000244140625,929.8800048828125,911.452392578125,1203490
2023-06-09,Dr_Reddys,936.2100219726562,941.0,929.1199951171875,933.3599853515625,914.8633422851562,1084700
2023-06-12,Dr_Reddys,939.0,939.0,930.8900146484375,935.1300048828125,916.598388671875,717870
2023-06-13,Dr_Reddys,940.0,945.760009765625,931.6099853515625,940.4000244140625,921.763916015625,1294905
2023-06-14,Dr_Reddys,941.5599975585938,945.9099731445312,937.0,939.7999877929688,921.1757202148438,901255
2023-06-15,Dr_Reddys,939.3200073242188,971.0,939.2000122070312,960.6900024414062,941.6517944335938,3630745
2023-06-16,Dr_Reddys,968.969970703125,988.0,965.030029296875,983.010009765625,963.529541015625,3814515
2023-06-19,Dr_Reddys,990.2000122070312,1004.7999877929688,972.4099731445312,975.7999877929688,956.4623413085938,3540755
2023-06-20,Dr_Reddys,975.7999877929688,985.3499755859375,973.4099731445312,980.239990234375,960.8143920898438,1070755
2023-06-21,Dr_Reddys,984.3900146484375,990.0,978.739990234375,982.0800170898438,962.617919921875,1123550
2023-06-22,Dr_Reddys,982.3099975585938,985.3900146484375,978.0,979.8900146484375,960.4713134765625,1242850
2023-06-23,Dr_Reddys,980.2000122070312,1003.0,980.2000122070312,998.780029296875,978.9869384765625,2791140
2023-06-26,Dr_Reddys,997.97998046875,1014.7999877929688,990.4000244140625,1008.3200073242188,988.337890625,3607125
2023-06-27,Dr_Reddys,1008.3200073242188,1017.3099975585938,1003.2000122070312,1005.1199951171875,985.2012939453125,3330315
2023-06-28,Dr_Reddys,1005.1099853515625,1023.8800048828125,1000.8699951171875,1021.5700073242188,1001.3253173828125,4426340
2023-06-30,Dr_Reddys,1023.2000122070312,1034.989990234375,1022.02001953125,1031.9200439453125,1011.47021484375,2430705
2023-07-03,Dr_Reddys,1031.9200439453125,1035.800048828125,1018.0599975585938,1019.6599731445312,999.4531860351562,1174135
2023-07-04,Dr_Reddys,1022.97998046875,1040.949951171875,1017.010009765625,1037.6800537109375,1017.1161499023438,1863335
2023-07-05,Dr_Reddys,1037.0,1040.3599853515625,1027.4000244140625,1035.6700439453125,1015.1459350585938,1410270
2023-07-06,Dr_Reddys,1035.68994140625,1051.699951171875,1034.0,1046.3599853515625,1025.6240234375,2534370
2023-07-07,Dr_Reddys,1046.0,1054.6300048828125,1022.0,1036.5,1015.9594116210938,2771720
2023-07-10,Dr_Reddys,1038.989990234375,1043.0,1029.0,1030.989990234375,1010.5586547851562,1003625
2023-07-11,Dr_Reddys,1028.800048828125,1043.0,1022.7100219726562,1033.1700439453125,1020.614990234375,1056805
2023-07-12,Dr_Reddys,1030.0,1039.7900390625,1026.0,1037.800048828125,1025.1885986328125,1203590
2023-07-13,Dr_Reddys,1038.0,1040.6300048828125,1026.97998046875,1028.489990234375,1015.9918212890625,2034915
2023-07-14,Dr_Reddys,1031.0,1032.97998046875,1015.25,1018.4099731445312,1006.0342407226562,1942045
2023-07-17,Dr_Reddys,1019.9299926757812,1049.0,1018.5999755859375,1045.949951171875,1033.239501953125,1976770
2023-07-18,Dr_Reddys,1040.699951171875,1043.1400146484375,1029.31005859375,1038.199951171875,1025.583740234375,1286955
2023-07-19,Dr_Reddys,1036.800048828125,1054.0,1032.3199462890625,1044.27001953125,1031.5799560546875,1961585
2023-07-20,Dr_Reddys,1049.800048828125,1078.93994140625,1048.0,1067.8599853515625,1054.8834228515625,6016030
2023-07-21,Dr_Reddys,1064.6600341796875,1067.949951171875,1055.52001953125,1057.6400146484375,1044.78759765625,1150370
2023-07-24,Dr_Reddys,1055.6500244140625,1087.3699951171875,1055.6500244140625,1078.3399658203125,1065.2359619140625,2119525
2023-07-25,Dr_Reddys,1084.0,1095.989990234375,1078.3699951171875,1085.0799560546875,1071.89404296875,2162155
2023-07-26,Dr_Reddys,1088.0,1098.0,1080.2099609375,1095.1300048828125,1081.822021484375,1701060
2023-07-27,Dr_Reddys,1106.0,1122.800048828125,1084.010009765625,1101.4000244140625,1088.0157470703125,7539055
2023-07-28,Dr_Reddys,1102.4000244140625,1123.5999755859375,1102.4000244140625,1116.5999755859375,1103.031005859375,3180540
2023-07-31,Dr_Reddys,1116.9100341796875,1132.0799560546875,1114.0,1128.0899658203125,1114.38134765625,1599490
2023-08-01,Dr_Reddys,1127.969970703125,1141.8699951171875,1121.4200439453125,1133.4100341796875,1119.6368408203125,2122735
2023-08-02,Dr_Reddys,1133.4200439453125,1139.1700439453125,1126.8900146484375,1132.0899658203125,1118.332763671875,1791795
2023-08-03,Dr_Reddys,1129.0,1146.800048828125,1124.300048828125,1131.9000244140625,1118.1451416015625,2570520
2023-08-04,Dr_Reddys,1131.9200439453125,1142.199951171875,1128.0,1129.9100341796875,1116.1793212890625,1726520
2023-08-07,Dr_Reddys,1132.0,1137.5999755859375,1123.780029296875,1126.1400146484375,1112.4552001953125,2499830
2023-08-08,Dr_Reddys,1130.4000244140625,1147.7900390625,1129.0,1131.5899658203125,1117.8388671875,2987010
2023-08-09,Dr_Reddys,1134.219970703125,1176.75,1134.219970703125,1174.199951171875,1159.93115234375,10067015
2023-08-10,Dr_Reddys,1176.02001953125,1183.3299560546875,1161.199951171875,1170.22998046875,1156.0093994140625,2763310
2023-08-11,Dr_Reddys,1170.800048828125,1177.010009765625,1161.6300048828125,1164.5999755859375,1150.44775390625,2256960
2023-08-14,Dr_Reddys,1165.989990234375,1175.800048828125,1160.0,1164.6700439453125,1150.5169677734375,2167595
2023-08-16,Dr_Reddys,1166.0,1177.9000244140625,1155.0,1171.5699462890625,1157.3330078125,4308265
2023-08-17,Dr_Reddys,1174.27001953125,1181.4100341796875,1171.1800537109375,1176.1300048828125,1161.837646484375,2138070
2023-08-18,Dr_Reddys,1179.9000244140625,1196.0,1168.1199951171875,1174.8900146484375,1160.61279296875,4281645
2023-08-21,Dr_Reddys,1174.050048828125,1185.0,1170.7900390625,1182.1700439453125,1167.8043212890625,1334640
2023-08-22,Dr_Reddys,1183.800048828125,1189.0,1174.56005859375,1185.1099853515625,1170.70849609375,1688225
2023-08-23,Dr_Reddys,1184.0,1194.989990234375,1182.4000244140625,1190.6700439453125,1176.2010498046875,3142630
2023-08-24,Dr_Reddys,1196.0,1197.93994140625,1178.239990234375,1181.4300537109375,1167.0733642578125,4124730
2023-08-25,Dr_Reddys,1178.0,1178.0,1154.1099853515625,1155.8499755859375,1141.8040771484375,4713240
2023-08-28,Dr_Reddys,1156.0,1165.800048828125,1145.43994140625,1155.1800537109375,1141.142333984375,2350770
2023-08-29,Dr_Reddys,1154.0,1157.300048828125,1143.0,1144.760009765625,1130.848876953125,3258085
2023-08-30,Dr_Reddys,1147.56005859375,1151.2099609375,1128.0,1129.949951171875,1116.2188720703125,3551815
2023-08-31,Dr_Reddys,1129.949951171875,1139.0,1118.0,1121.5699462890625,1107.940673828125,3178875
2023-09-01,Dr_Reddys,1126.0,1126.8499755859375,1110.02001953125,1115.7099609375,1102.15185546875,1105280
2023-09-04,Dr_Reddys,1117.0,1133.3399658203125,1115.7099609375,1131.8900146484375,1118.13525390625,1473020
2023-09-05,Dr_Reddys,1128.0,1128.0,1112.1099853515625,1115.780029296875,1102.2210693359375,1968470
2023-09-06,Dr_Reddys,1115.9599609375,1126.989990234375,1111.8499755859375,1116.6600341796875,1103.09033203125,2256645
2023-09-07,Dr_Reddys,1116.5899658203125,1130.9000244140625,1116.25,1123.030029296875,1109.3829345703125,2634215
2023-09-08,Dr_Reddys,1126.199951171875,1126.72998046875,1114.0,1116.760009765625,1103.189208984375,923950
2023-09-11,Dr_Reddys,1119.0,1132.800048828125,1117.010009765625,1122.760009765625,1109.1162109375,1313930
2023-09-12,Dr_Reddys,1127.989990234375,1143.4000244140625,1125.199951171875,1134.760009765625,1120.970458984375,2581215
2023-09-13,Dr_Reddys,1142.0,1151.9000244140625,1134.260009765625,1147.780029296875,1133.832275390625,1571615
2023-09-14,Dr_Reddys,1154.0,1155.260009765625,1140.9100341796875,1148.9300537109375,1134.96826171875,1139730
2023-09-15,Dr_Reddys,1155.3199462890625,1168.5699462890625,1146.6199951171875,1163.9000244140625,1149.75634765625,2069105
2023-09-18,Dr_Reddys,1164.199951171875,1165.760009765625,1144.3800048828125,1145.5999755859375,1131.6787109375,1256740
2023-09-20,Dr_Reddys,1144.3699951171875,1144.3699951171875,1120.4000244140625,1123.010009765625,1109.3631591796875,2266405
2023-09-21,Dr_Reddys,1123.0999755859375,1139.4000244140625,1122.5699462890625,1133.699951171875,1119.92333984375,2926715
2023-09-22,Dr_Reddys,1133.699951171875,1138.780029296875,1100.4000244140625,1103.4100341796875,1090.0013427734375,2447785
2023-09-25,Dr_Reddys,1105.969970703125,1107.97998046875,1085.5999755859375,1087.75,1074.53173828125,1217045
2023-09-26,Dr_Reddys,1091.800048828125,1105.3900146484375,1089.800048828125,1093.550048828125,1080.26123046875,1379915
2023-09-27,Dr_Reddys,1102.800048828125,1121.0,1096.010009765625,1099.2900390625,1085.9315185546875,2443890
2023-09-28,Dr_Reddys,1101.489990234375,1101.489990234375,1082.199951171875,1085.8199462890625,1072.6251220703125,1931555
2023-09-29,Dr_Reddys,1093.800048828125,1126.0,1090.6500244140625,1117.4000244140625,1103.8214111328125,3101955
2023-10-03,Dr_Reddys,1117.3800048828125,1117.3800048828125,1090.0,1092.3399658203125,1079.0657958984375,2065240
2023-10-04,Dr_Reddys,1093.0,1099.800048828125,1080.300048828125,1083.56005859375,1070.3927001953125,2109530
2023-10-05,Dr_Reddys,1092.0,1095.0,1080.0,1081.449951171875,1068.30810546875,2058530
2023-10-06,Dr_Reddys,1087.0,1097.43994140625,1081.8399658203125,1084.97998046875,1071.7952880859375,1572990
2023-10-09,Dr_Reddys,1082.010009765625,1105.469970703125,1080.030029296875,1098.969970703125,1085.6153564453125,2368110
2023-10-10,Dr_Reddys,1096.800048828125,1097.4000244140625,1085.5999755859375,1095.7099609375,1082.3948974609375,1519630
2023-10-11,Dr_Reddys,1102.0,1117.5999755859375,1102.0,1113.52001953125,1099.988525390625,1961240
2023-10-12,Dr_Reddys,1113.52001953125,1116.81005859375,1103.0,1106.0400390625,1092.5994873046875,1695245
2023-10-13,Dr_Reddys,1085.43994140625,1104.8199462890625,1084.3199462890625,1092.0400390625,1078.7696533203125,1633255
2023-10-16,Dr_Reddys,1097.800048828125,1101.4000244140625,1092.0,1098.6199951171875,1085.26953125,859220
2023-10-17,Dr_Reddys,1097.4000244140625,1114.5999755859375,1097.010009765625,1108.8199462890625,1095.3455810546875,1626760
2023-10-18,Dr_Reddys,1108.9000244140625,1138.949951171875,1108.3599853515625,1135.489990234375,1121.6915283203125,3014855
2023-10-19,Dr_Reddys,1134.949951171875,1134.949951171875,1122.0999755859375,1126.1800537109375,1112.49462890625,2525845
2023-10-20,Dr_Reddys,1124.010009765625,1124.010009765625,1110.199951171875,1113.8599853515625,1100.3243408203125,1141375
2023-10-23,Dr_Reddys,1105.0999755859375,1133.3900146484375,1105.0999755859375,1110.3900146484375,1096.8966064453125,1809785
2023-10-25,Dr_Reddys,1120.0,1122.43994140625,1100.0,1102.77001953125,1089.369140625,2104480
2023-10-26,Dr_Reddys,1099.5999755859375,1103.5,1068.1800537109375,1084.3900146484375,1071.2125244140625,1544145
2023-10-27,Dr_Reddys,1084.3800048828125,1090.7900390625,1070.199951171875,1079.4599609375,1066.34228515625,2159725
2023-10-30,Dr_Reddys,1078.7900390625,1078.7900390625,1041.1099853515625,1069.0699462890625,1056.07861328125,2691600
2023-10-31,Dr_Reddys,1074.800048828125,1088.18994140625,1070.6199951171875,1073.510009765625,1060.4647216796875,1884070
2023-11-01,Dr_Reddys,1077.0,1084.0799560546875,1062.9000244140625,1069.2900390625,1056.2960205078125,1376665
2023-11-02,Dr_Reddys,1076.0,1083.0,1064.6800537109375,1067.699951171875,1054.725341796875,2365835
2023-11-03,Dr_Reddys,1075.4000244140625,1075.4000244140625,1049.4200439453125,1052.6099853515625,1039.818603515625,2921805
2023-11-06,Dr_Reddys,1060.0,1071.4300537109375,1056.6400146484375,1067.6199951171875,1054.646240234375,2847485
2023-11-07,Dr_Reddys,1074.800048828125,1094.6099853515625,1063.9599609375,1080.8699951171875,1067.7352294921875,3498735
2023-11-08,Dr_Reddys,1085.780029296875,1100.0699462890625,1081.3199462890625,1090.7099609375,1077.4556884765625,2096955
2023-11-09,Dr_Reddys,1095.780029296875,1099.7900390625,1088.0,1091.5899658203125,1078.324951171875,1642660
2023-11-10,Dr_Reddys,1087.989990234375,1090.1400146484375,1074.4000244140625,1084.97998046875,1071.7952880859375,1144920
2023-11-13,Dr_Reddys,1086.0,1096.3599853515625,1076.4200439453125,1083.969970703125,1070.797607421875,855910
2023-11-15,Dr_Reddys,1086.18994140625,1091.030029296875,1081.0,1083.989990234375,1070.8173828125,1422405
2023-11-16,Dr_Reddys,1085.0,1115.0,1084.1700439453125,1108.8499755859375,1095.375244140625,1695060
2023-11-17,Dr_Reddys,1113.0,1127.9000244140625,1109.0,1122.31005859375,1108.6717529296875,2120630
2023-11-20,Dr_Reddys,1122.989990234375,1131.219970703125,1117.1800537109375,1120.8299560546875,1107.2095947265625,2001625
2023-11-21,Dr_Reddys,1122.0,1135.7900390625,1121.0999755859375,1129.2900390625,1115.56689453125,1903465
2023-11-22,Dr_Reddys,1131.02001953125,1146.0,1131.02001953125,1132.9100341796875,1119.1429443359375,2124580
2023-11-23,Dr_Reddys,1135.0,1136.8900146484375,1121.77001953125,1128.9300537109375,1115.2113037109375,1511300
2023-11-24,Dr_Reddys,1129.989990234375,1151.3699951171875,1123.0,1129.22998046875,1115.507568359375,2305405
2023-11-28,Dr_Reddys,1129.4000244140625,1142.8900146484375,1129.4000244140625,1135.1600341796875,1121.3656005859375,1555790
2023-11-29,Dr_Reddys,1139.5799560546875,1148.800048828125,1130.800048828125,1143.0699462890625,1129.179443359375,1602385
2023-11-30,Dr_Reddys,1145.0,1160.0,1143.199951171875,1157.6300048828125,1143.5625,4267760
2023-12-01,Dr_Reddys,1160.0,1171.31005859375,1147.8900146484375,1149.8800048828125,1135.9066162109375,1391500
2023-12-04,Dr_Reddys,1160.0,1160.0,1145.6800537109375,1151.199951171875,1137.2105712890625,1121300
2023-12-05,Dr_Reddys,1153.0,1163.800048828125,1148.4000244140625,1155.2900390625,1141.2508544921875,1121875
2023-12-06,Dr_Reddys,1159.199951171875,1164.0,1141.6099853515625,1146.0699462890625,1132.1429443359375,2659705
2023-12-07,Dr_Reddys,1154.0699462890625,1169.97998046875,1150.0699462890625,1157.02001953125,1142.9599609375,3791150
2023-12-08,Dr_Reddys,1156.969970703125,1156.969970703125,1142.4000244140625,1152.780029296875,1138.771484375,1142525
2023-12-11,Dr_Reddys,1100.0,1115.5999755859375,1074.0,1094.699951171875,1081.3970947265625,9493150
2023-12-12,Dr_Reddys,1100.0,1126.9599609375,1095.47998046875,1108.0699462890625,1094.604736328125,4281525
2023-12-13,Dr_Reddys,1112.8900146484375,1122.0,1106.0699462890625,1119.72998046875,1106.123046875,3111975
2023-12-14,Dr_Reddys,1122.3699951171875,1125.3199462890625,1113.5799560546875,1114.6700439453125,1101.12451171875,3164560
2023-12-15,Dr_Reddys,1120.0,1123.0,1108.4000244140625,1117.8900146484375,1104.305419921875,3636220
2023-12-18,Dr_Reddys,1117.0,1137.800048828125,1114.989990234375,1118.2099609375,1104.62158203125,3279260
2023-12-19,Dr_Reddys,1124.0,1129.199951171875,1118.5999755859375,1127.489990234375,1113.7886962890625,1123370
2023-12-20,Dr_Reddys,1130.0,1134.219970703125,1110.4100341796875,1115.8299560546875,1102.2703857421875,1307230
2023-12-21,Dr_Reddys,1108.0,1118.800048828125,1094.239990234375,1110.9000244140625,1097.400390625,1681900
2023-12-22,Dr_Reddys,1115.5999755859375,1131.199951171875,1112.0,1125.5400390625,1111.8624267578125,1315040
2023-12-26,Dr_Reddys,1125.5,1139.0,1120.510009765625,1126.4300537109375,1112.74169921875,1658265
2023-12-27,Dr_Reddys,1126.9599609375,1144.4000244140625,1120.260009765625,1142.9000244140625,1129.011474609375,1473880
2023-12-28,Dr_Reddys,1143.77001953125,1178.1600341796875,1134.1800537109375,1171.7099609375,1157.471435546875,4888545
2023-12-29,Dr_Reddys,1166.02001953125,1168.9000244140625,1152.199951171875,1159.5799560546875,1145.48876953125,1452615
2024-01-01,Dr_Reddys,1160.0,1172.0,1160.0,1164.3299560546875,1150.1810302734375,978400
2024-01-02,Dr_Reddys,1161.4100341796875,1189.800048828125,1161.1300048828125,1185.3599853515625,1170.9554443359375,2869280
2024-01-03,Dr_Reddys,1185.3599853515625,1194.0,1177.6400146484375,1186.3800048828125,1171.963134765625,1412035
2024-01-04,Dr_Reddys,1184.4300537109375,1184.4300537109375,1165.0,1168.43994140625,1154.2410888671875,2048300
2024-01-05,Dr_Reddys,1174.0,1174.9100341796875,1161.300048828125,1167.1300048828125,1152.947021484375,1037255
2024-01-08,Dr_Reddys,1176.1800537109375,1176.199951171875,1146.52001953125,1152.27001953125,1138.267578125,1205700
2024-01-09,Dr_Reddys,1163.800048828125,1167.72998046875,1148.8199462890625,1149.9599609375,1135.9857177734375,1292220
2024-01-10,Dr_Reddys,1149.81005859375,1160.0,1138.0400390625,1157.43994140625,1143.374755859375,1273855
2024-01-11,Dr_Reddys,1155.5999755859375,1155.5999755859375,1129.02001953125,1138.489990234375,1124.6551513671875,2964925
2024-01-12,Dr_Reddys,1146.969970703125,1146.969970703125,1129.2099609375,1137.77001953125,1123.94384765625,1385710
2024-01-15,Dr_Reddys,1147.5899658203125,1159.800048828125,1140.4000244140625,1156.6500244140625,1142.594482421875,1665610
2024-01-16,Dr_Reddys,1158.0,1158.0,1141.2099609375,1151.6300048828125,1137.6353759765625,1142145
2024-01-17,Dr_Reddys,1148.0,1148.0,1125.4000244140625,1129.989990234375,1116.2584228515625,1778960
2024-01-18,Dr_Reddys,1129.489990234375,1133.6600341796875,1104.1300048828125,1129.989990234375,1116.2584228515625,1727635
2024-01-19,Dr_Reddys,1135.02001953125,1142.989990234375,1122.3699951171875,1133.6400146484375,1119.8641357421875,1641460
2024-01-23,Dr_Reddys,1130.3800048828125,1150.800048828125,1128.18994140625,1134.8800048828125,1121.0889892578125,2329945
2024-01-24,Dr_Reddys,1141.5899658203125,1183.0,1138.5999755859375,1180.4200439453125,1166.07568359375,5244260
2024-01-25,Dr_Reddys,1180.4200439453125,1185.0,1164.4000244140625,1171.0999755859375,1156.8687744140625,2677510
2024-01-29,Dr_Reddys,1160.0,1178.52001953125,1148.0400390625,1168.739990234375,1154.5374755859375,1509570
2024-01-30,Dr_Reddys,1179.7900390625,1189.800048828125,1166.199951171875,1168.18994140625,1153.9940185546875,1576585
2024-01-31,Dr_Reddys,1165.010009765625,1227.5,1161.4100341796875,1224.22998046875,1209.3531494140625,7857425
2024-02-01,Dr_Reddys,1217.8900146484375,1229.8800048828125,1190.02001953125,1198.6300048828125,1184.064208984375,3112555
2024-02-02,Dr_Reddys,1203.18994140625,1214.93994140625,1199.2099609375,1207.9000244140625,1193.2215576171875,1686230
2024-02-05,Dr_Reddys,1207.800048828125,1227.5999755859375,1198.219970703125,1218.8900146484375,1204.0780029296875,2126485
2024-02-06,Dr_Reddys,1217.0,1238.0,1216.75,1233.3199462890625,1218.3326416015625,2587065
2024-02-07,Dr_Reddys,1233.199951171875,1238.0,1226.1199951171875,1235.949951171875,1220.9307861328125,2953275
2024-02-08,Dr_Reddys,1243.5999755859375,1243.989990234375,1225.0,1232.010009765625,1217.0386962890625,1791205
2024-02-09,Dr_Reddys,1228.0,1241.0400390625,1220.8399658203125,1231.1700439453125,1216.2088623046875,1238970
2024-02-12,Dr_Reddys,1246.8599853515625,1277.68994140625,1246.0,1266.699951171875,1251.30712890625,4296460
2024-02-13,Dr_Reddys,1270.0,1281.969970703125,1262.2099609375,1267.0699462890625,1251.672607421875,2086675
2024-02-14,Dr_Reddys,1266.010009765625,1267.989990234375,1234.02001953125,1251.6700439453125,1236.459716796875,1724345
2024-02-15,Dr_Reddys,1248.02001953125,1259.800048828125,1241.219970703125,1250.530029296875,1235.33349609375,1469095
2024-02-16,Dr_Reddys,1254.3900146484375,1273.1400146484375,1249.469970703125,1263.4300537109375,1248.0767822265625,1275915
2024-02-19,Dr_Reddys,1263.4300537109375,1290.7900390625,1263.0,1283.4300537109375,1267.8338623046875,1393520
2024-02-20,Dr_Reddys,1284.4000244140625,1293.0,1268.1099853515625,1275.199951171875,1259.7037353515625,1399485
2024-02-21,Dr_Reddys,1277.4000244140625,1280.510009765625,1261.0,1269.8299560546875,1254.3990478515625,995895
2024-02-22,Dr_Reddys,1275.0,1275.9599609375,1246.27001953125,1272.7900390625,1257.3231201171875,1420120
2024-02-23,Dr_Reddys,1273.5400390625,1298.81005859375,1272.5999755859375,1288.4300537109375,1272.7730712890625,1842255
2024-02-26,Dr_Reddys,1289.010009765625,1298.0,1276.1300048828125,1288.1500244140625,1272.4964599609375,1089190
2024-02-27,Dr_Reddys,1283.199951171875,1291.9200439453125,1277.050048828125,1289.9200439453125,1274.2449951171875,966475
2024-02-28,Dr_Reddys,1288.68994140625,1301.1800537109375,1278.4200439453125,1285.6099853515625,1269.9873046875,1560230
2024-02-29,Dr_Reddys,1276.4100341796875,1294.5799560546875,1271.4200439453125,1284.8499755859375,1269.2364501953125,5513940
2024-03-01,Dr_Reddys,1289.800048828125,1294.5999755859375,1234.4200439453125,1238.7099609375,1223.6571044921875,2876430
2024-03-04,Dr_Reddys,1248.0,1287.8699951171875,1247.800048828125,1267.02001953125,1251.6231689453125,2196055
2024-03-05,Dr_Reddys,1266.97998046875,1268.4300537109375,1249.4000244140625,1260.6600341796875,1245.3404541015625,1040180
2024-03-06,Dr_Reddys,1260.6600341796875,1266.4000244140625,1238.0,1262.9300537109375,1247.5828857421875,1207130
2024-03-07,Dr_Reddys,1261.0999755859375,1273.93994140625,1261.0999755859375,1264.8299560546875,1249.459716796875,1174600
2024-03-11,Dr_Reddys,1273.800048828125,1284.719970703125,1262.0,1277.489990234375,1261.9659423828125,1412365
2024-03-12,Dr_Reddys,1277.6300048828125,1285.5999755859375,1253.25,1260.4300537109375,1245.11328125,1647055
2024-03-13,Dr_Reddys,1260.47998046875,1270.0,1249.760009765625,1260.760009765625,1245.439208984375,1051325
2024-03-14,Dr_Reddys,1256.4000244140625,1264.030029296875,1241.780029296875,1258.9200439453125,1243.6217041015625,2001060
2024-03-15,Dr_Reddys,1257.02001953125,1261.7099609375,1242.9000244140625,1256.97998046875,1241.705078125,2429735
2024-03-18,Dr_Reddys,1258.4200439453125,1270.97998046875,1253.6099853515625,1268.2099609375,1252.7987060546875,902465
2024-03-19,Dr_Reddys,1267.0,1267.0,1224.68994140625,1226.97998046875,1212.0697021484375,1581835
2024-03-20,Dr_Reddys,1224.989990234375,1227.6199951171875,1204.6400146484375,1220.6600341796875,1205.8265380859375,1385185
2024-03-21,Dr_Reddys,1225.0,1231.199951171875,1212.0,1225.6400146484375,1210.74609375,1626230
2024-03-22,Dr_Reddys,1225.800048828125,1247.8800048828125,1221.010009765625,1240.6400146484375,1225.563720703125,1528595
2024-03-26,Dr_Reddys,1238.0,1242.2900390625,1221.2099609375,1226.969970703125,1212.0599365234375,1361275
2024-03-27,Dr_Reddys,1230.199951171875,1230.199951171875,1206.8199462890625,1208.8199462890625,1194.13037109375,1452965
2024-03-28,Dr_Reddys,1215.5999755859375,1241.9599609375,1215.5999755859375,1231.5799560546875,1216.61376953125,2586915
2024-04-01,Dr_Reddys,1243.0,1256.489990234375,1231.5799560546875,1250.0699462890625,1234.879150390625,772020
2024-04-02,Dr_Reddys,1253.7900390625,1253.7900390625,1241.199951171875,1247.510009765625,1232.3502197265625,1191030
2024-04-03,Dr_Reddys,1247.510009765625,1253.5999755859375,1222.4000244140625,1224.8800048828125,1209.9952392578125,1346125
2024-04-04,Dr_Reddys,1231.0,1235.0,1209.5,1228.5,1213.5712890625,1995095
2024-04-05,Dr_Reddys,1228.5,1261.1700439453125,1228.0,1235.8599853515625,1220.841796875,2705055
2024-04-08,Dr_Reddys,1243.489990234375,1245.3499755859375,1227.010009765625,1234.9100341796875,1219.9034423828125,1420525
2024-04-09,Dr_Reddys,1240.43994140625,1246.0400390625,1231.0,1233.5799560546875,1218.5894775390625,643620
2024-04-10,Dr_Reddys,1239.97998046875,1239.97998046875,1229.0,1231.5799560546875,1216.61376953125,980420
2024-04-12,Dr_Reddys,1233.780029296875,1237.800048828125,1215.0,1216.77001953125,1201.98388671875,1974255
2024-04-15,Dr_Reddys,1214.6400146484375,1214.6400146484375,1196.449951171875,1202.1700439453125,1187.561279296875,1349665
2024-04-16,Dr_Reddys,1201.1700439453125,1214.77001953125,1197.010009765625,1210.0699462890625,1195.365234375,2041490
2024-04-18,Dr_Reddys,1219.989990234375,1225.5,1187.530029296875,1191.4300537109375,1176.951904296875,2988680
2024-04-19,Dr_Reddys,1200.0,1200.0,1176.1600341796875,1188.5699462890625,1174.12646484375,1713255
2024-04-22,Dr_Reddys,1195.0,1212.800048828125,1190.699951171875,1203.219970703125,1188.5985107421875,1667285
2024-04-23,Dr_Reddys,1210.0,1213.0,1186.780029296875,1190.4200439453125,1175.9539794921875,1494175
2024-04-24,Dr_Reddys,1192.010009765625,1198.969970703125,1184.2099609375,1190.1600341796875,1175.697265625,1334935
2024-04-25,Dr_Reddys,1195.010009765625,1252.4000244140625,1185.5999755859375,1243.75,1228.6358642578125,4634925
2024-04-26,Dr_Reddys,1244.97998046875,1261.77001953125,1235.77001953125,1250.4200439453125,1235.2249755859375,2063090
2024-04-29,Dr_Reddys,1254.0,1265.0,1240.469970703125,1259.4200439453125,1244.1156005859375,1485530
2024-04-30,Dr_Reddys,1259.97998046875,1262.5999755859375,1237.0,1240.8599853515625,1225.7811279296875,1906520
2024-05-02,Dr_Reddys,1239.050048828125,1259.9599609375,1239.050048828125,1257.5,1242.2188720703125,3134765
2024-05-03,Dr_Reddys,1259.97998046875,1283.97998046875,1251.5999755859375,1269.9100341796875,1254.4781494140625,2906840
2024-05-06,Dr_Reddys,1275.93994140625,1276.0,1249.27001953125,1258.68994140625,1243.3944091796875,2263770
2024-05-07,Dr_Reddys,1265.97998046875,1270.0,1240.0,1251.52001953125,1236.3116455078125,1586770
2024-05-08,Dr_Reddys,1220.0,1222.989990234375,1190.5400390625,1211.27001953125,1196.5506591796875,4940700
2024-05-09,Dr_Reddys,1214.9000244140625,1214.9000244140625,1174.0,1175.469970703125,1161.1856689453125,2534535
2024-05-10,Dr_Reddys,1175.0,1187.0,1163.6199951171875,1184.199951171875,1169.8095703125,1480900
2024-05-13,Dr_Reddys,1184.199951171875,1189.800048828125,1170.0999755859375,1181.7099609375,1167.3497314453125,852820
2024-05-14,Dr_Reddys,1187.780029296875,1189.0799560546875,1171.0,1173.760009765625,1159.49658203125,1186650
2024-05-15,Dr_Reddys,1177.0,1193.3900146484375,1172.0,1175.0,1160.721435546875,1458405
2024-05-16,Dr_Reddys,1185.5999755859375,1185.5999755859375,1141.800048828125,1170.0799560546875,1155.861083984375,3660485
2024-05-17,Dr_Reddys,1170.0799560546875,1171.2900390625,1158.199951171875,1159.9100341796875,1145.8148193359375,3006695
2024-05-21,Dr_Reddys,1162.18994140625,1166.6600341796875,1154.5999755859375,1155.9599609375,1141.9127197265625,2456865
2024-05-22,Dr_Reddys,1170.0,1181.0,1158.0799560546875,1174.550048828125,1160.2769775390625,2605110
2024-05-23,Dr_Reddys,1180.489990234375,1186.5999755859375,1167.0,1179.5400390625,1165.206298828125,2827915
2024-05-24,Dr_Reddys,1179.280029296875,1181.8199462890625,1167.699951171875,1173.1500244140625,1158.8939208984375,2122215
2024-05-27,Dr_Reddys,1173.1500244140625,1177.989990234375,1159.219970703125,1174.5400390625,1160.2669677734375,3366290
2024-05-28,Dr_Reddys,1174.4300537109375,1201.02001953125,1174.4300537109375,1193.06005859375,1178.56201171875,3966010
2024-05-29,Dr_Reddys,1197.0,1203.5899658203125,1182.9200439453125,1200.1500244140625,1185.5657958984375,2533990
2024-05-30,Dr_Reddys,1195.0,1195.0,1166.5999755859375,1174.75,1160.4744873046875,3005220
2024-05-31,Dr_Reddys,1179.989990234375,1180.9300537109375,1150.5699462890625,1158.3699951171875,1144.29345703125,5146590
2024-06-03,Dr_Reddys,1187.5799560546875,1187.5799560546875,1155.4300537109375,1156.6600341796875,1142.604248046875,2087555
2024-06-04,Dr_Reddys,1161.4000244140625,1165.469970703125,1120.0,1146.1600341796875,1132.23193359375,3287175
2024-06-05,Dr_Reddys,1147.5799560546875,1176.3399658203125,1145.1600341796875,1164.8299560546875,1150.6749267578125,2542820
2024-06-06,Dr_Reddys,1167.0,1185.199951171875,1156.3199462890625,1178.18994140625,1163.87255859375,3598380
2024-06-07,Dr_Reddys,1178.18994140625,1216.8199462890625,1175.25,1212.260009765625,1197.5286865234375,3747525
2024-06-10,Dr_Reddys,1212.260009765625,1231.530029296875,1200.81005859375,1221.22998046875,1206.3895263671875,3148275
2024-06-11,Dr_Reddys,1217.0,1220.050048828125,1205.5999755859375,1207.8499755859375,1193.1722412109375,2581810
2024-06-12,Dr_Reddys,1212.0,1217.0,1198.199951171875,1212.010009765625,1197.2816162109375,1932925
2024-06-13,Dr_Reddys,1223.97998046875,1223.97998046875,1206.300048828125,1219.1700439453125,1204.354736328125,2191150
2024-06-14,Dr_Reddys,1219.199951171875,1223.699951171875,1207.02001953125,1217.050048828125,1202.260498046875,1985020
2024-06-18,Dr_Reddys,1209.5999755859375,1212.4000244140625,1196.0,1198.25,1183.68896484375,3076985
2024-06-19,Dr_Reddys,1198.3900146484375,1199.9300537109375,1184.0,1191.239990234375,1176.7640380859375,3056645
2024-06-20,Dr_Reddys,1185.0,1199.199951171875,1177.5999755859375,1194.1600341796875,1179.648681640625,2489735
2024-06-21,Dr_Reddys,1194.199951171875,1211.0,1191.030029296875,1202.2900390625,1187.6798095703125,2150475
2024-06-24,Dr_Reddys,1199.5999755859375,1220.0,1194.5999755859375,1210.989990234375,1196.2740478515625,1624525
2024-06-25,Dr_Reddys,1218.0,1219.0400390625,1203.2099609375,1215.6800537109375,1200.9071044921875,1977490
2024-06-26,Dr_Reddys,1212.699951171875,1218.9300537109375,1205.06005859375,1214.010009765625,1199.2574462890625,1958240
2024-06-27,Dr_Reddys,1200.0,1249.8900146484375,1199.0,1247.1800537109375,1232.0242919921875,12168270
2024-06-28,Dr_Reddys,1251.0899658203125,1284.0,1250.2099609375,1280.469970703125,1264.9097900390625,5118295
2024-07-01,Dr_Reddys,1286.0,1296.0,1267.4300537109375,1270.739990234375,1255.2979736328125,2251925
2024-07-02,Dr_Reddys,1269.0,1276.18994140625,1256.8499755859375,1274.050048828125,1258.5677490234375,1819075
2024-07-03,Dr_Reddys,1274.800048828125,1305.1600341796875,1273.030029296875,1285.1800537109375,1269.5625,2913200
2024-07-04,Dr_Reddys,1286.0,1308.4000244140625,1274.02001953125,1295.8699951171875,1280.12255859375,1744245
2024-07-05,Dr_Reddys,1295.8699951171875,1309.4300537109375,1291.2099609375,1304.0,1288.15380859375,1139175
2024-07-08,Dr_Reddys,1304.0,1315.0,1297.199951171875,1306.8299560546875,1290.9493408203125,807380
2024-07-09,Dr_Reddys,1308.0,1319.0,1286.18994140625,1316.5699462890625,1300.571044921875,1734640
2024-07-10,Dr_Reddys,1314.9000244140625,1320.8900146484375,1296.5999755859375,1318.510009765625,1302.4874267578125,1287550
2024-07-11,Dr_Reddys,1318.6300048828125,1324.3900146484375,1306.969970703125,1318.949951171875,1302.922119140625,1581340
2024-07-12,Dr_Reddys,1318.050048828125,1349.0,1312.93994140625,1343.8900146484375,1327.55908203125,2944400
2024-07-15,Dr_Reddys,1350.0,1376.989990234375,1340.510009765625,1358.949951171875,1342.43603515625,3023975
2024-07-16,Dr_Reddys,1351.989990234375,1356.5899658203125,1327.3299560546875,1329.2099609375,1320.8330078125,1556420
2024-07-18,Dr_Reddys,1329.199951171875,1341.77001953125,1318.0799560546875,1333.5,1325.0960693359375,1928535
2024-07-19,Dr_Reddys,1332.0,1343.6800537109375,1325.260009765625,1327.199951171875,1318.835693359375,900340
2024-07-22,Dr_Reddys,1316.0,1356.0,1316.0,1354.1800537109375,1345.645751953125,2061455
2024-07-23,Dr_Reddys,1354.0,1376.800048828125,1343.4000244140625,1373.0,1364.34716796875,4330455
2024-07-24,Dr_Reddys,1387.780029296875,1387.780029296875,1358.6500244140625,1364.030029296875,1355.4337158203125,3019385
2024-07-25,Dr_Reddys,1359.0,1374.989990234375,1351.4100341796875,1370.6400146484375,1362.001953125,1315525
2024-07-26,Dr_Reddys,1377.7900390625,1393.199951171875,1358.3199462890625,1375.72998046875,1367.0599365234375,2051955
2024-07-29,Dr_Reddys,1384.0,1389.6199951171875,1347.0,1368.010009765625,1359.3885498046875,3271945
2024-07-30,Dr_Reddys,1369.010009765625,1378.199951171875,1358.5799560546875,1360.8299560546875,1352.2537841796875,1458475
2024-07-31,Dr_Reddys,1360.780029296875,1365.9000244140625,1347.0,1350.0999755859375,1341.5914306640625,1730870
2024-08-01,Dr_Reddys,1359.0999755859375,1380.0999755859375,1357.3299560546875,1377.5899658203125,1368.908203125,2320480
2024-08-02,Dr_Reddys,1376.199951171875,1396.199951171875,1374.8900146484375,1392.8299560546875,1384.0521240234375,2209945
2024-08-05,Dr_Reddys,1386.02001953125,1392.199951171875,1358.800048828125,1362.4100341796875,1353.8238525390625,2186945
2024-08-06,Dr_Reddys,1367.780029296875,1383.06005859375,1359.06005859375,1361.47998046875,1352.899658203125,1227135
2024-08-07,Dr_Reddys,1376.0,1387.0,1368.0,1385.27001953125,1376.539794921875,968865
2024-08-08,Dr_Reddys,1385.0,1407.0,1382.8900146484375,1387.6600341796875,1378.914794921875,2705840
2024-08-09,Dr_Reddys,1396.0,1405.0,1392.6700439453125,1402.699951171875,1393.85986328125,656255
2024-08-12,Dr_Reddys,1402.7900390625,1406.0,1374.6600341796875,1377.31005859375,1368.6300048828125,1853275
2024-08-13,Dr_Reddys,1380.4000244140625,1392.449951171875,1370.25,1389.6800537109375,1380.9219970703125,1217325
2024-08-14,Dr_Reddys,1391.0,1392.4000244140625,1358.5,1360.2099609375,1351.6376953125,1727965
2024-08-16,Dr_Reddys,1366.2099609375,1369.7900390625,1351.6300048828125,1358.719970703125,1350.1571044921875,2565660
2024-08-19,Dr_Reddys,1367.5899658203125,1384.800048828125,1363.52001953125,1382.27001953125,1373.5587158203125,809235
2024-08-20,Dr_Reddys,1386.0,1394.8399658203125,1380.0,1393.0699462890625,1384.29052734375,747970
2024-08-21,Dr_Reddys,1399.97998046875,1421.489990234375,1393.0699462890625,1412.489990234375,1403.5882568359375,1905585
2024-08-22,Dr_Reddys,1412.469970703125,1412.469970703125,1384.6400146484375,1393.81005859375,1385.0260009765625,1683410
2024-08-23,Dr_Reddys,1395.969970703125,1398.0,1386.010009765625,1390.9000244140625,1382.13427734375,711440
2024-08-26,Dr_Reddys,1384.989990234375,1391.989990234375,1379.8399658203125,1388.6600341796875,1379.908447265625,1018915
2024-08-27,Dr_Reddys,1389.0,1401.31005859375,1380.4100341796875,1392.5899658203125,1383.8135986328125,2277085
2024-08-28,Dr_Reddys,1392.5899658203125,1409.6500244140625,1384.5999755859375,1399.8599853515625,1391.037841796875,1632585
2024-08-29,Dr_Reddys,1379.6600341796875,1403.989990234375,1377.8199462890625,1386.22998046875,1377.49365234375,1784160
2024-08-30,Dr_Reddys,1387.5999755859375,1409.0,1387.5999755859375,1406.27001953125,1397.407470703125,3415210
2024-09-02,Dr_Reddys,1409.93994140625,1414.989990234375,1366.0,1374.4300537109375,1365.7681884765625,2354285
2024-09-03,Dr_Reddys,1380.0,1382.800048828125,1369.5999755859375,1370.77001953125,1362.1312255859375,1246805
2024-09-04,Dr_Reddys,1369.56005859375,1369.56005859375,1353.4000244140625,1357.43994140625,1348.8851318359375,2177470
2024-09-05,Dr_Reddys,1359.5,1369.760009765625,1337.199951171875,1339.1500244140625,1330.71044921875,2001265
2024-09-06,Dr_Reddys,1339.780029296875,1344.02001953125,1330.5999755859375,1333.4300537109375,1325.0264892578125,2074285
2024-09-09,Dr_Reddys,1335.989990234375,1343.18994140625,1320.5400390625,1331.1800537109375,1322.790771484375,1466880
2024-09-10,Dr_Reddys,1338.800048828125,1339.56005859375,1322.6300048828125,1330.0799560546875,1321.697509765625,2328120
2024-09-11,Dr_Reddys,1332.1800537109375,1349.8699951171875,1319.1800537109375,1322.5,1314.1654052734375,1833720
2024-09-12,Dr_Reddys,1340.0,1342.43994140625,1316.06005859375,1336.77001953125,1328.345458984375,2663355
2024-09-13,Dr_Reddys,1337.280029296875,1339.81005859375,1329.4000244140625,1332.1400146484375,1323.74462890625,1197575
2024-09-16,Dr_Reddys,1337.97998046875,1337.97998046875,1326.300048828125,1329.4200439453125,1321.041748046875,691625
2024-09-17,Dr_Reddys,1328.02001953125,1333.1500244140625,1320.5999755859375,1326.3299560546875,1317.97119140625,911735
2024-09-18,Dr_Reddys,1329.4000244140625,1329.5999755859375,1306.199951171875,1313.56005859375,1305.28173828125,1239415
2024-09-19,Dr_Reddys,1316.800048828125,1322.5,1296.5,1300.510009765625,1292.31396484375,4661780
2024-09-20,Dr_Reddys,1306.9599609375,1319.5899658203125,1297.1400146484375,1310.22998046875,1301.97265625,2823650
2024-09-23,Dr_Reddys,1320.0,1332.4000244140625,1316.0,1330.8900146484375,1322.5025634765625,1326620
2024-09-24,Dr_Reddys,1330.8900146484375,1337.97998046875,1316.0400390625,1330.0699462890625,1321.6876220703125,1962100
2024-09-25,Dr_Reddys,1331.25,1341.52001953125,1319.1099853515625,1338.2900390625,1329.85595703125,2388280
2024-09-26,Dr_Reddys,1342.9599609375,1351.4000244140625,1332.8599853515625,1348.8800048828125,1340.379150390625,2842130
2024-09-27,Dr_Reddys,1342.199951171875,1354.47998046875,1333.300048828125,1349.97998046875,1341.47216796875,2794555
2024-09-30,Dr_Reddys,1351.0,1358.199951171875,1342.0,1350.3199462890625,1341.8099365234375,1827470
2024-10-01,Dr_Reddys,1350.3199462890625,1357.0799560546875,1335.6099853515625,1349.8199462890625,1341.3131103515625,1738090
2024-10-03,Dr_Reddys,1356.0,1359.0,1338.4200439453125,1347.1300048828125,1338.64013671875,2277090
2024-10-04,Dr_Reddys,1342.5999755859375,1346.5799560546875,1322.199951171875,1326.6500244140625,1318.2891845703125,1742335
2024-10-07,Dr_Reddys,1336.7099609375,1342.4100341796875,1316.219970703125,1321.97998046875,1313.648681640625,2224190
2024-10-08,Dr_Reddys,1321.989990234375,1333.5999755859375,1315.0,1331.2099609375,1322.8204345703125,1395550
2024-10-09,Dr_Reddys,1339.199951171875,1350.97998046875,1329.4200439453125,1332.969970703125,1324.5693359375,1680365
2024-10-10,Dr_Reddys,1339.5999755859375,1339.5999755859375,1310.739990234375,1316.6199951171875,1308.3223876953125,1582735
2024-10-11,Dr_Reddys,1317.0,1324.93994140625,1309.010009765625,1319.8399658203125,1311.5220947265625,1130225
2024-10-14,Dr_Reddys,1327.199951171875,1338.18994140625,1320.0,1331.97998046875,1323.5855712890625,1117595
2024-10-15,Dr_Reddys,1336.800048828125,1339.97998046875,1321.0400390625,1322.3299560546875,1313.996337890625,1423265
2024-10-16,Dr_Reddys,1328.0,1349.18994140625,1325.81005859375,1342.1800537109375,1333.721435546875,1849620
2024-10-17,Dr_Reddys,1348.9599609375,1355.0,1330.0899658203125,1340.81005859375,1332.3599853515625,1819115
2024-10-18,Dr_Reddys,1340.81005859375,1354.800048828125,1332.47998046875,1348.219970703125,1339.7232666015625,1143115
2024-10-21,Dr_Reddys,1354.0,1354.0,1337.2099609375,1339.47998046875,1331.038330078125,1175275
2024-10-22,Dr_Reddys,1345.4000244140625,1351.0,1326.4599609375,1332.47998046875,1324.0823974609375,1904985
2024-10-23,Dr_Reddys,1331.8699951171875,1337.6199951171875,1318.0,1321.5799560546875,1313.2510986328125,1548860
2024-10-24,Dr_Reddys,1328.800048828125,1328.800048828125,1313.8399658203125,1316.5400390625,1308.242919921875,1587305
2024-10-25,Dr_Reddys,1314.0,1316.4000244140625,1290.02001953125,1302.93994140625,1294.7286376953125,1285830
2024-10-28,Dr_Reddys,1320.0,1325.9000244140625,1290.25,1311.5,1303.2347412109375,829374
2024-10-29,Dr_Reddys,1327.0,1335.4000244140625,1263.5,1274.699951171875,1266.6666259765625,1443741
2024-10-30,Dr_Reddys,1273.0,1273.0,1228.800048828125,1249.8499755859375,1241.97314453125,2065575
2024-10-31,Dr_Reddys,1258.5999755859375,1283.6500244140625,1248.0,1274.199951171875,1266.169677734375,1902206
2024-11-01,Dr_Reddys,1280.0,1289.0,1201.800048828125,1259.5999755859375,1251.6617431640625,540201
2024-11-04,Dr_Reddys,1259.5999755859375,1276.9000244140625,1250.550048828125,1268.300048828125,1260.3070068359375,1771490
2024-11-05,Dr_Reddys,1265.0999755859375,1279.0,1241.25,1272.199951171875,1264.182373046875,1603920
2024-11-06,Dr_Reddys,1274.0,1321.9000244140625,1251.5999755859375,1302.0999755859375,1293.8939208984375,3908554
2024-11-07,Dr_Reddys,1304.949951171875,1309.0,1280.550048828125,1287.3499755859375,1279.23681640625,1479152
2024-11-08,Dr_Reddys,1292.800048828125,1293.0,1259.1500244140625,1283.6500244140625,1275.5601806640625,1328199
2024-11-11,Dr_Reddys,1284.0,1295.25,1262.1500244140625,1287.9000244140625,1279.783447265625,1175591
2024-11-12,Dr_Reddys,1287.8499755859375,1288.4000244140625,1258.300048828125,1263.9000244140625,1255.9346923828125,1110785
2024-11-13,Dr_Reddys,1258.0,1265.050048828125,1238.300048828125,1245.0,1237.15380859375,995217
2024-11-14,Dr_Reddys,1249.9000244140625,1253.0,1222.199951171875,1226.699951171875,1218.9691162109375,1346891
2024-11-18,Dr_Reddys,1206.0999755859375,1219.800048828125,1170.199951171875,1193.550048828125,1186.028076171875,3367815
2024-11-19,Dr_Reddys,1193.0,1232.0,1186.25,1213.449951171875,1205.8026123046875,1509716
2024-11-21,Dr_Reddys,1174.9000244140625,1206.699951171875,1172.5,1195.3499755859375,1187.816650390625,2121476
2024-11-22,Dr_Reddys,1199.0,1223.199951171875,1193.5999755859375,1214.449951171875,1206.7962646484375,763755
2024-11-25,Dr_Reddys,1233.949951171875,1247.0,1205.75,1209.300048828125,1201.6788330078125,3280431
2024-11-26,Dr_Reddys,1209.0,1218.3499755859375,1203.199951171875,1208.6500244140625,1201.0328369140625,1190121
2024-11-27,Dr_Reddys,1212.0,1215.5999755859375,1198.050048828125,1199.9000244140625,1192.3380126953125,1402977
2024-11-28,Dr_Reddys,1209.050048828125,1209.9000244140625,1188.449951171875,1191.949951171875,1184.4381103515625,2819269
2024-11-29,Dr_Reddys,1206.0,1219.3499755859375,1198.6500244140625,1202.300048828125,1194.722900390625,2535820
2024-12-02,Dr_Reddys,1214.25,1225.25,1202.300048828125,1221.75,1214.05029296875,1826479
2024-12-03,Dr_Reddys,1229.0,1229.0,1217.550048828125,1224.5,1216.782958984375,2237453
2024-12-04,Dr_Reddys,1224.5,1229.0999755859375,1209.5999755859375,1215.550048828125,1207.889404296875,1435443
2024-12-05,Dr_Reddys,1216.550048828125,1249.5,1210.0999755859375,1239.8499755859375,1232.0362548828125,3324867
2024-12-06,Dr_Reddys,1246.0,1255.1500244140625,1236.3499755859375,1253.699951171875,1245.7989501953125,1717216
2024-12-09,Dr_Reddys,1254.6500244140625,1261.800048828125,1243.25,1255.1500244140625,1247.2398681640625,1269332
2024-12-10,Dr_Reddys,1250.0,1253.5999755859375,1233.0,1240.3499755859375,1232.5330810546875,2025890
2024-12-11,Dr_Reddys,1240.300048828125,1243.4000244140625,1226.699951171875,1238.550048828125,1230.7445068359375,1178864
2024-12-12,Dr_Reddys,1244.800048828125,1250.199951171875,1226.3499755859375,1245.4000244140625,1237.55126953125,1648944
2024-12-13,Dr_Reddys,1240.300048828125,1250.199951171875,1226.449951171875,1246.3499755859375,1238.4952392578125,1258819
2024-12-16,Dr_Reddys,1246.3499755859375,1274.1500244140625,1245.199951171875,1269.949951171875,1261.946533203125,1920945
2024-12-17,Dr_Reddys,1269.0,1270.949951171875,1243.25,1247.6500244140625,1239.787109375,2706166
2024-12-18,Dr_Reddys,1251.9000244140625,1281.0,1249.550048828125,1275.4000244140625,1267.3621826171875,2823838
2024-12-19,Dr_Reddys,1275.0,1331.3499755859375,1271.6500244140625,1325.5999755859375,1317.245849609375,7185903
2024-12-20,Dr_Reddys,1326.0,1368.699951171875,1317.4000244140625,1343.6500244140625,1335.18212890625,7499087
2024-12-23,Dr_Reddys,1362.0,1367.0,1330.300048828125,1341.3499755859375,1332.8966064453125,3740109
2024-12-24,Dr_Reddys,1347.0,1365.0,1336.199951171875,1350.9000244140625,1342.3863525390625,2587142
2024-12-26,Dr_Reddys,1350.9000244140625,1360.199951171875,1342.75,1355.1500244140625,1346.609619140625,1531359
2024-12-27,Dr_Reddys,1363.050048828125,1398.25,1345.5,1389.449951171875,1380.693359375,3656253
2024-12-30,Dr_Reddys,1389.5999755859375,1392.0,1372.0999755859375,1376.9000244140625,1368.2225341796875,2462657
2024-12-31,Dr_Reddys,1370.300048828125,1395.0,1366.550048828125,1388.5,1379.7493896484375,1892083
2025-01-01,Dr_Reddys,1388.449951171875,1389.050048828125,1355.3499755859375,1369.0,1360.372314453125,1658723
2025-01-02,Dr_Reddys,1371.449951171875,1387.949951171875,1370.050048828125,1375.050048828125,1366.38427734375,1726305
2025-01-03,Dr_Reddys,1375.050048828125,1378.1500244140625,1347.199951171875,1352.6500244140625,1344.1253662109375,1573592
2025-01-06,Dr_Reddys,1360.4000244140625,1361.300048828125,1333.800048828125,1350.3499755859375,1341.83984375,1539970
2025-01-07,Dr_Reddys,1352.0,1373.050048828125,1347.5,1351.550048828125,1343.0323486328125,1723188
2025-01-08,Dr_Reddys,1369.5,1405.9000244140625,1358.0,1370.75,1362.111328125,3456684
2025-01-09,Dr_Reddys,1380.0,1382.949951171875,1364.0999755859375,1371.5999755859375,1362.9559326171875,1607980
2025-01-10,Dr_Reddys,1366.0999755859375,1386.0,1352.5999755859375,1354.4000244140625,1345.8643798828125,1582776
2025-01-13,Dr_Reddys,1354.050048828125,1354.1500244140625,1330.199951171875,1335.0999755859375,1326.6859130859375,2822318
2025-01-14,Dr_Reddys,1335.1500244140625,1348.8499755859375,1323.6500244140625,1337.550048828125,1329.12060546875,1370223
2025-01-15,Dr_Reddys,1345.0,1345.0,1313.949951171875,1337.199951171875,1328.772705078125,1940371
2025-01-16,Dr_Reddys,1340.9000244140625,1347.0,1297.0,1302.75,1294.539794921875,1195731
2025-01-17,Dr_Reddys,1298.0,1320.699951171875,1288.0,1309.4000244140625,1301.14794921875,1432206
2025-01-20,Dr_Reddys,1308.3499755859375,1309.0,1293.6500244140625,1302.3499755859375,1294.142333984375,561642
2025-01-21,Dr_Reddys,1302.3499755859375,1312.949951171875,1285.6500244140625,1288.1500244140625,1280.0318603515625,738787
2025-01-22,Dr_Reddys,1291.0,1308.0,1288.0,1296.25,1288.080810546875,1301422
2025-01-23,Dr_Reddys,1289.0,1303.949951171875,1274.550048828125,1289.4000244140625,1281.2740478515625,1448659
2025-01-24,Dr_Reddys,1229.949951171875,1252.6500244140625,1203.5,1224.4000244140625,1216.68359375,7082467
2025-01-27,Dr_Reddys,1224.4000244140625,1234.3499755859375,1191.5,1197.6500244140625,1190.1021728515625,2184847
2025-01-28,Dr_Reddys,1197.6500244140625,1197.6500244140625,1164.6500244140625,1181.25,1173.8055419921875,3142189
2025-01-29,Dr_Reddys,1187.4000244140625,1192.449951171875,1173.5,1181.199951171875,1173.755859375,3458251
2025-01-30,Dr_Reddys,1188.0,1204.800048828125,1184.0,1194.5,1186.9720458984375,3290757
2025-01-31,Dr_Reddys,1202.0,1221.0,1196.0,1217.3499755859375,1209.677978515625,1505147
2025-02-01,Dr_Reddys,1220.4000244140625,1220.4000244140625,1200.0999755859375,1204.949951171875,1197.356201171875,1067956
2025-02-03,Dr_Reddys,1200.0,1220.0,1196.800048828125,1203.8499755859375,1196.2630615234375,1407877
2025-02-04,Dr_Reddys,1207.0,1233.0,1201.449951171875,1219.949951171875,1212.2615966796875,2239920
2025-02-05,Dr_Reddys,1227.0,1233.0999755859375,1215.8499755859375,1227.550048828125,1219.8138427734375,1460238
2025-02-06,Dr_Reddys,1234.9000244140625,1254.0,1230.199951171875,1236.6500244140625,1228.8564453125,2990483
2025-02-07,Dr_Reddys,1240.0,1243.75,1226.0,1240.4000244140625,1232.582763671875,1236992
2025-02-10,Dr_Reddys,1239.699951171875,1239.699951171875,1211.050048828125,1220.949951171875,1213.2552490234375,1565579
2025-02-11,Dr_Reddys,1220.0,1222.9000244140625,1201.25,1209.800048828125,1202.1756591796875,1819297
2025-02-12,Dr_Reddys,1218.0,1220.4000244140625,1202.8499755859375,1215.8499755859375,1208.1875,1306601
2025-02-13,Dr_Reddys,1216.9000244140625,1243.0,1216.9000244140625,1223.5999755859375,1215.888671875,4447231
2025-02-14,Dr_Reddys,1223.5,1230.0,1186.25,1197.050048828125,1189.5059814453125,1211843
2025-02-17,Dr_Reddys,1196.8499755859375,1202.0,1183.1500244140625,1198.949951171875,1191.3939208984375,613030
2025-02-18,Dr_Reddys,1198.949951171875,1204.949951171875,1182.0,1197.4000244140625,1189.853759765625,1713796
2025-02-19,Dr_Reddys,1166.0,1176.949951171875,1127.5,1165.8499755859375,1158.5025634765625,3062142
2025-02-20,Dr_Reddys,1164.5,1174.1500244140625,1156.25,1170.949951171875,1163.5704345703125,1579890
2025-02-21,Dr_Reddys,1170.699951171875,1170.75,1145.25,1151.800048828125,1144.541259765625,6828902
2025-02-24,Dr_Reddys,1151.800048828125,1173.9000244140625,1151.0,1164.550048828125,1157.2108154296875,2017521
2025-02-25,Dr_Reddys,1167.1500244140625,1169.550048828125,1122.5,1128.1500244140625,1121.040283203125,6463238
2025-02-27,Dr_Reddys,1128.5,1136.3499755859375,1115.0,1125.550048828125,1118.4566650390625,3435069
2025-02-28,Dr_Reddys,1128.699951171875,1132.0,1104.550048828125,1116.5,1109.463623046875,3895033
2025-03-03,Dr_Reddys,1118.3499755859375,1130.25,1103.9000244140625,1119.5999755859375,1112.5440673828125,1810605
2025-03-04,Dr_Reddys,1111.0999755859375,1124.1500244140625,1105.050048828125,1120.1500244140625,1113.0906982421875,1074133
2025-03-05,Dr_Reddys,1120.5,1129.0,1110.550048828125,1126.4000244140625,1119.30126953125,1260157
2025-03-06,Dr_Reddys,1135.0,1145.699951171875,1118.6500244140625,1140.0999755859375,1132.9149169921875,1648697
2025-03-07,Dr_Reddys,1140.0999755859375,1145.199951171875,1130.0,1133.25,1126.1080322265625,790599
2025-03-10,Dr_Reddys,1134.949951171875,1137.1500244140625,1115.4000244140625,1120.199951171875,1113.1402587890625,950503
2025-03-11,Dr_Reddys,1117.0,1126.949951171875,1110.6500244140625,1116.6500244140625,1109.6126708984375,884438
2025-03-12,Dr_Reddys,1116.5999755859375,1116.6500244140625,1092.449951171875,1105.1500244140625,1098.1851806640625,1914579
2025-03-13,Dr_Reddys,1105.1500244140625,1110.25,1095.050048828125,1107.949951171875,1100.9674072265625,1299174
2025-03-17,Dr_Reddys,1107.9000244140625,1154.0999755859375,1101.5,1150.699951171875,1143.447998046875,2714559
2025-03-18,Dr_Reddys,1150.699951171875,1150.699951171875,1150.699951171875,1150.699951171875,1143.447998046875,0
2025-03-19,Dr_Reddys,1174.0,1177.699951171875,1158.0999755859375,1172.0999755859375,1164.713134765625,1507415
2025-03-20,Dr_Reddys,1178.949951171875,1190.75,1165.300048828125,1187.199951171875,1179.718017578125,1521677
2025-03-21,Dr_Reddys,1190.199951171875,1204.6500244140625,1177.050048828125,1200.1500244140625,1192.58642578125,2313824
2025-03-24,Dr_Reddys,1205.0,1216.3499755859375,1190.25,1210.300048828125,1202.6724853515625,1660669
2025-03-25,Dr_Reddys,1210.300048828125,1215.949951171875,1167.949951171875,1177.9000244140625,1170.4766845703125,2860907
2025-03-26,Dr_Reddys,1177.9000244140625,1179.800048828125,1152.6500244140625,1164.5999755859375,1157.260498046875,2864505
2025-03-27,Dr_Reddys,1160.0,1172.4000244140625,1144.0,1162.199951171875,1154.8756103515625,4460409
2025-03-28,Dr_Reddys,1159.25,1159.25,1140.75,1144.199951171875,1136.989013671875,2762934
2025-04-01,Dr_Reddys,1144.199951171875,1164.4000244140625,1136.050048828125,1152.199951171875,1144.9385986328125,4158012
2025-04-02,Dr_Reddys,1150.0,1152.699951171875,1135.0,1150.0,1142.75244140625,2071245
2025-04-03,Dr_Reddys,1190.5,1226.9000244140625,1149.050048828125,1151.449951171875,1144.193359375,6324685
2025-04-04,Dr_Reddys,1151.800048828125,1157.449951171875,1076.199951171875,1109.949951171875,1102.954833984375,5423861
2025-04-07,Dr_Reddys,1020.0,1098.8499755859375,1020.0,1087.9000244140625,1081.0439453125,3888037
2025-04-08,Dr_Reddys,1100.0,1113.6500244140625,1088.699951171875,1107.949951171875,1100.9674072265625,1577632
2025-04-09,Dr_Reddys,1094.5,1103.25,1061.6500244140625,1094.050048828125,1087.1551513671875,5511474
2025-04-11,Dr_Reddys,1139.9000244140625,1139.9000244140625,1102.25,1109.5,1102.5076904296875,2740831
2025-04-15,Dr_Reddys,1140.9000244140625,1158.0999755859375,1129.0,1154.9000244140625,1147.62158203125,2683350
2025-04-16,Dr_Reddys,1150.199951171875,1161.4000244140625,1143.699951171875,1158.4000244140625,1151.099609375,1451875
2025-04-17,Dr_Reddys,1150.0999755859375,1173.5999755859375,1150.0999755859375,1163.5999755859375,1156.2667236328125,2788024
2025-04-21,Dr_Reddys,1163.4000244140625,1179.699951171875,1155.0,1177.4000244140625,1169.9798583984375,1938756
2025-04-22,Dr_Reddys,1173.9000244140625,1180.5,1162.300048828125,1175.0,1167.594970703125,1313400
2025-04-23,Dr_Reddys,1185.0999755859375,1191.800048828125,1175.9000244140625,1186.0,1178.525634765625,3192132
2025-04-24,Dr_Reddys,1179.0,1210.0,1176.300048828125,1200.5,1192.9342041015625,4819678
2025-04-25,Dr_Reddys,1203.9000244140625,1210.5,1159.699951171875,1174.800048828125,1167.396240234375,1286573
2025-04-28,Dr_Reddys,1176.300048828125,1205.0,1176.300048828125,1198.699951171875,1191.1455078125,1236678
2025-04-29,Dr_Reddys,1204.4000244140625,1204.4000244140625,1169.0,1176.0,1168.588623046875,1663018
2025-04-30,Dr_Reddys,1176.199951171875,1196.5999755859375,1175.9000244140625,1183.9000244140625,1176.4388427734375,1604442
2025-05-02,Dr_Reddys,1176.0999755859375,1194.800048828125,1171.4000244140625,1177.9000244140625,1170.4766845703125,910973
2025-05-05,Dr_Reddys,1188.699951171875,1193.9000244140625,1154.5,1171.300048828125,1163.9183349609375,1893680
2025-05-06,Dr_Reddys,1172.199951171875,1175.0,1129.4000244140625,1160.4000244140625,1153.0870361328125,1990745
2025-05-07,Dr_Reddys,1143.4000244140625,1164.5999755859375,1143.4000244140625,1160.699951171875,1153.385009765625,1421366
2025-05-08,Dr_Reddys,1152.699951171875,1161.4000244140625,1142.0,1148.0,1140.76513671875,2616533
2025-05-09,Dr_Reddys,1142.5,1167.0,1138.5,1155.9000244140625,1148.6153564453125,1248574
2025-05-12,Dr_Reddys,1155.9000244140625,1204.0,1143.9000244140625,1195.5999755859375,1188.0650634765625,5065176
2025-05-13,Dr_Reddys,1196.0,1241.0,1196.0,1207.0999755859375,1199.49267578125,3134295
2025-05-14,Dr_Reddys,1213.300048828125,1223.300048828125,1193.199951171875,1220.0,1212.3114013671875,1197152
2025-05-15,Dr_Reddys,1214.0,1239.800048828125,1200.199951171875,1236.300048828125,1228.5086669921875,2053553
2025-05-16,Dr_Reddys,1238.9000244140625,1238.9000244140625,1221.0,1230.699951171875,1222.94384765625,882873
2025-05-19,Dr_Reddys,1228.300048828125,1241.800048828125,1214.199951171875,1219.0,1211.317626953125,2235758
2025-05-20,Dr_Reddys,1222.0,1234.4000244140625,1216.5999755859375,1224.199951171875,1216.48486328125,1385750
2025-05-21,Dr_Reddys,1225.0999755859375,1256.5999755859375,1220.0999755859375,1224.699951171875,1216.981689453125,2615092
2025-05-22,Dr_Reddys,1224.699951171875,1229.800048828125,1211.4000244140625,1222.199951171875,1214.4974365234375,2260610
2025-05-23,Dr_Reddys,1228.0,1234.9000244140625,1216.0,1230.0999755859375,1222.34765625,734297
2025-05-26,Dr_Reddys,1229.9000244140625,1247.9000244140625,1228.699951171875,1240.9000244140625,1233.0797119140625,985434
2025-05-27,Dr_Reddys,1243.9000244140625,1249.0,1237.300048828125,1243.199951171875,1235.3651123046875,1145000
2025-05-28,Dr_Reddys,1247.800048828125,1252.199951171875,1237.0,1242.5999755859375,1234.7689208984375,766968
2025-05-29,Dr_Reddys,1245.4000244140625,1253.4000244140625,1240.4000244140625,1248.199951171875,1240.3336181640625,1791885
2025-05-30,Dr_Reddys,1248.199951171875,1257.5999755859375,1241.0,1251.199951171875,1243.314697265625,3161983
2025-06-02,Dr_Reddys,1251.0,1251.5,1232.5,1247.699951171875,1239.836669921875,1139977
2025-06-03,Dr_Reddys,1250.0,1253.4000244140625,1240.800048828125,1248.300048828125,1240.4329833984375,811620
2025-06-04,Dr_Reddys,1248.300048828125,1266.0,1246.300048828125,1251.9000244140625,1244.0103759765625,1387633
2025-06-05,Dr_Reddys,1264.199951171875,1303.4000244140625,1264.199951171875,1290.5999755859375,1282.4664306640625,3834672
2025-06-06,Dr_Reddys,1295.0999755859375,1322.9000244140625,1295.0,1320.9000244140625,1312.575439453125,2158757
2025-06-09,Dr_Reddys,1327.4000244140625,1329.0,1308.5999755859375,1319.0999755859375,1310.7867431640625,1227356
2025-06-10,Dr_Reddys,1321.0,1362.5999755859375,1321.0,1348.800048828125,1340.2996826171875,3022355
2025-06-11,Dr_Reddys,1350.0,1355.4000244140625,1340.199951171875,1351.0999755859375,1342.5850830078125,1094247
2025-06-12,Dr_Reddys,1360.0,1379.699951171875,1343.5,1362.699951171875,1354.1119384765625,2625058
2025-06-13,Dr_Reddys,1355.0,1366.800048828125,1345.0,1362.5,1353.913330078125,1419556
2025-06-16,Dr_Reddys,1359.800048828125,1359.800048828125,1342.199951171875,1346.800048828125,1338.312255859375,1294663
2025-06-17,Dr_Reddys,1348.300048828125,1349.699951171875,1302.5999755859375,1318.800048828125,1310.48876953125,1649457
2025-06-18,Dr_Reddys,1311.0999755859375,1324.800048828125,1308.800048828125,1313.300048828125,1305.0234375,728945
2025-06-19,Dr_Reddys,1305.0,1332.0,1304.300048828125,1326.0999755859375,1317.74267578125,1654212
2025-06-20,Dr_Reddys,1332.4000244140625,1335.0,1318.199951171875,1325.300048828125,1316.94775390625,1843895
2025-06-23,Dr_Reddys,1318.9000244140625,1323.0,1302.0999755859375,1317.9000244140625,1309.5943603515625,843945
2025-06-24,Dr_Reddys,1317.9000244140625,1353.699951171875,1309.0999755859375,1337.300048828125,1328.8721923828125,1011128
2025-06-25,Dr_Reddys,1348.300048828125,1348.300048828125,1336.0,1341.5999755859375,1333.14501953125,833145
2025-06-26,Dr_Reddys,1326.0,1333.699951171875,1314.5999755859375,1321.5,1313.171630859375,2373431
2025-06-27,Dr_Reddys,1328.9000244140625,1331.5999755859375,1298.4000244140625,1301.0,1292.8009033203125,1770595
2025-06-30,Dr_Reddys,1302.9000244140625,1305.0,1272.5,1283.300048828125,1275.2125244140625,2224279
2025-07-01,Dr_Reddys,1286.300048828125,1294.9000244140625,1273.300048828125,1276.800048828125,1268.75341796875,1851442
2025-07-02,Dr_Reddys,1276.0,1280.9000244140625,1263.699951171875,1270.800048828125,1262.791259765625,2027306
2025-07-03,Dr_Reddys,1274.9000244140625,1297.5999755859375,1270.0,1291.300048828125,1283.1619873046875,1918977
2025-07-04,Dr_Reddys,1303.0,1313.0,1287.199951171875,1307.4000244140625,1299.1605224609375,1466009
2025-07-07,Dr_Reddys,1307.9000244140625,1313.4000244140625,1298.0999755859375,1310.5,1302.240966796875,569025
2025-07-08,Dr_Reddys,1310.300048828125,1310.300048828125,1273.5999755859375,1283.800048828125,1275.7093505859375,1602620
2025-07-09,Dr_Reddys,1280.0,1285.699951171875,1266.9000244140625,1269.4000244140625,1261.4000244140625,1494337
2025-07-10,Dr_Reddys,1262.9000244140625,1269.9000244140625,1252.0999755859375,1262.5999755859375,1262.5999755859375,1246082
2025-07-11,Dr_Reddys,1263.0,1272.0,1251.300048828125,1254.699951171875,1254.699951171875,895466
2025-07-14,Dr_Reddys,1254.699951171875,1261.4000244140625,1245.300048828125,1250.5999755859375,1250.5999755859375,1035555
2025-07-15,Dr_Reddys,1254.800048828125,1264.5,1241.0,1260.9000244140625,1260.9000244140625,1183659
2025-07-16,Dr_Reddys,1260.9000244140625,1262.0,1250.0,1259.4000244140625,1259.4000244140625,1159859
2025-07-17,Dr_Reddys,1259.4000244140625,1274.800048828125,1255.5,1263.0999755859375,1263.0999755859375,709420
2025-07-18,Dr_Reddys,1265.0,1270.5999755859375,1251.0999755859375,1257.5,1257.5,690731
2025-07-21,Dr_Reddys,1250.199951171875,1262.4000244140625,1245.199951171875,1259.300048828125,1259.300048828125,1065189
2025-07-22,Dr_Reddys,1261.0,1263.5999755859375,1236.0,1240.0,1240.0,1304352
2025-07-23,Dr_Reddys,1240.199951171875,1252.0999755859375,1231.0,1247.4000244140625,1247.4000244140625,1088262
2025-07-24,Dr_Reddys,1261.0999755859375,1287.9000244140625,1256.0999755859375,1265.5,1265.5,3809212
2025-07-25,Dr_Reddys,1266.0,1288.5,1261.199951171875,1277.9000244140625,1277.9000244140625,1621138
2025-07-28,Dr_Reddys,1280.0,1290.0,1271.5999755859375,1287.4000244140625,1287.4000244140625,1553778
2025-07-29,Dr_Reddys,1287.0,1302.0,1282.800048828125,1299.800048828125,1299.800048828125,1943466
2025-07-30,Dr_Reddys,1298.0999755859375,1298.0999755859375,1277.699951171875,1292.0999755859375,1292.0999755859375,1387013
2025-07-31,Dr_Reddys,1274.5,1285.0,1257.0,1270.300048828125,1270.300048828125,1968821
2025-08-01,Dr_Reddys,1258.0,1259.0,1213.699951171875,1220.5999755859375,1220.5999755859375,2525210
2025-08-04,Dr_Reddys,1225.0999755859375,1232.199951171875,1219.199951171875,1225.0,1225.0,767310
2025-08-05,Dr_Reddys,1225.0,1232.0,1205.0,1214.800048828125,1214.800048828125,956582
2025-08-06,Dr_Reddys,1214.800048828125,1217.800048828125,1187.5,1196.699951171875,1196.699951171875,1701845
2025-08-07,Dr_Reddys,1184.0,1210.0,1183.4000244140625,1200.800048828125,1200.800048828125,1246560
2025-08-08,Dr_Reddys,1200.800048828125,1215.0,1195.4000244140625,1211.4000244140625,1211.4000244140625,2389106
2025-08-11,Dr_Reddys,1212.5,1237.0,1208.5999755859375,1219.5,1219.5,1246374
2025-08-12,Dr_Reddys,1210.0,1227.199951171875,1204.0999755859375,1220.300048828125,1220.300048828125,922461
2025-08-13,Dr_Reddys,1220.300048828125,1255.5,1219.800048828125,1253.4000244140625,1253.4000244140625,1192506
2025-08-14,Dr_Reddys,1255.0999755859375,1266.0,1250.199951171875,1260.4000244140625,1260.4000244140625,1603933
2025-08-18,Dr_Reddys,1270.0,1270.5999755859375,1241.0999755859375,1262.699951171875,1262.699951171875,1648543
2025-08-19,Dr_Reddys,1263.0,1263.800048828125,1241.9000244140625,1244.199951171875,1244.199951171875,1061816
2025-08-20,Dr_Reddys,1244.0,1250.699951171875,1238.0,1245.4000244140625,1245.4000244140625,685379
2025-08-21,Dr_Reddys,1245.4000244140625,1281.800048828125,1240.300048828125,1276.5999755859375,1276.5999755859375,2008295
2025-08-22,Dr_Reddys,1274.0999755859375,1284.0999755859375,1265.5999755859375,1277.5999755859375,1277.5999755859375,1229920
2025-08-25,Dr_Reddys,1277.699951171875,1288.9000244140625,1275.300048828125,1283.9000244140625,1283.9000244140625,967056
2025-08-26,Dr_Reddys,1276.0,1279.5999755859375,1259.0,1263.199951171875,1263.199951171875,2798216
2025-08-28,Dr_Reddys,1263.199951171875,1267.4000244140625,1248.5,1259.800048828125,1259.800048828125,1827890
2025-08-29,Dr_Reddys,1259.0,1266.4000244140625,1240.800048828125,1260.0999755859375,1260.0999755859375,2422956
2025-09-01,Dr_Reddys,1260.0999755859375,1285.0,1260.0999755859375,1279.9000244140625,1279.9000244140625,1273903
2025-09-02,Dr_Reddys,1279.9000244140625,1283.4000244140625,1248.0,1253.699951171875,1253.699951171875,1632660
2025-09-03,Dr_Reddys,1250.0,1265.9000244140625,1247.5999755859375,1262.199951171875,1262.199951171875,1294925
2025-09-04,Dr_Reddys,1268.0,1274.699951171875,1249.0,1253.0,1253.0,1230934
2025-09-05,Dr_Reddys,1254.300048828125,1271.699951171875,1253.5999755859375,1268.0999755859375,1268.0999755859375,769861
2025-09-08,Dr_Reddys,1269.0,1277.0,1248.699951171875,1250.5999755859375,1250.5999755859375,969297
2025-09-09,Dr_Reddys,1257.5,1295.800048828125,1256.800048828125,1291.300048828125,1291.300048828125,1643726
2025-09-10,Dr_Reddys,1294.4000244140625,1310.0,1293.699951171875,1304.199951171875,1304.199951171875,1232984
2025-09-11,Dr_Reddys,1304.0,1311.0,1283.0,1303.0999755859375,1303.0999755859375,1349391
2025-09-12,Dr_Reddys,1303.0999755859375,1321.0,1302.800048828125,1316.699951171875,1316.699951171875,1042942
2025-09-15,Dr_Reddys,1308.9000244140625,1311.800048828125,1292.5,1300.800048828125,1300.800048828125,1331182
2025-09-16,Dr_Reddys,1300.0,1312.5,1296.4000244140625,1310.4000244140625,1310.4000244140625,1034369
2025-09-17,Dr_Reddys,1317.0,1318.199951171875,1305.199951171875,1311.4000244140625,1311.4000244140625,716840
2025-09-18,Dr_Reddys,1312.0999755859375,1325.800048828125,1305.699951171875,1322.699951171875,1322.699951171875,822010
2025-09-19,Dr_Reddys,1324.699951171875,1326.800048828125,1312.0,1321.699951171875,1321.699951171875,1409571
2025-09-22,Dr_Reddys,1320.9000244140625,1320.9000244140625,1293.5,1301.4000244140625,1301.4000244140625,1399531
2025-09-23,Dr_Reddys,1300.0,1311.9000244140625,1295.199951171875,1308.4000244140625,1308.4000244140625,1271238
2025-09-24,Dr_Reddys,1303.300048828125,1308.300048828125,1294.4000244140625,1298.0999755859375,1298.0999755859375,750456
2025-09-25,Dr_Reddys,1298.300048828125,1307.300048828125,1268.0,1275.199951171875,1275.199951171875,1241492
2025-09-26,Dr_Reddys,1250.0,1278.5,1246.199951171875,1253.0999755859375,1253.0999755859375,2284377
2025-09-29,Dr_Reddys,1265.0,1270.0,1231.0,1234.5999755859375,1234.5999755859375,3899164
2025-09-30,Dr_Reddys,1235.0999755859375,1240.300048828125,1217.5,1223.699951171875,1223.699951171875,2635047
2025-10-01,Dr_Reddys,1227.9000244140625,1250.699951171875,1226.0,1244.699951171875,1244.699951171875,4083180
2025-10-03,Dr_Reddys,1243.9000244140625,1265.4000244140625,1240.0,1248.0999755859375,1248.0999755859375,2742600
2025-10-06,Dr_Reddys,1248.199951171875,1251.300048828125,1234.199951171875,1248.5999755859375,1248.5999755859375,1880910
2025-10-07,Dr_Reddys,1250.300048828125,1256.0999755859375,1244.4000244140625,1248.5,1248.5,1380941
2025-10-08,Dr_Reddys,1248.300048828125,1251.0,1231.4000244140625,1234.5,1234.5,1496744
2025-10-09,Dr_Reddys,1245.0,1264.9000244140625,1240.300048828125,1246.0999755859375,1246.0999755859375,2699135
2025-10-10,Dr_Reddys,1249.5999755859375,1267.699951171875,1244.699951171875,1264.4000244140625,1264.4000244140625,1680920
2025-10-13,Dr_Reddys,1257.0,1265.0999755859375,1248.300048828125,1262.4000244140625,1262.4000244140625,1188201
2025-10-14,Dr_Reddys,1262.4000244140625,1262.4000244140625,1232.300048828125,1237.300048828125,1237.300048828125,1944911
2025-10-15,Dr_Reddys,1233.0,1242.300048828125,1231.0,1232.4000244140625,1232.4000244140625,2150067
2025-10-16,Dr_Reddys,1235.9000244140625,1242.5999755859375,1230.300048828125,1240.199951171875,1240.199951171875,1308931
2025-10-17,Dr_Reddys,1245.0,1262.0,1238.0999755859375,1255.9000244140625,1255.9000244140625,1473018
2025-10-20,Dr_Reddys,1264.800048828125,1287.699951171875,1259.800048828125,1282.0,1282.0,1368192
2025-10-21,Dr_Reddys,1288.0,1294.0,1283.0999755859375,1288.699951171875,1288.699951171875,226788
2025-10-23,Dr_Reddys,1303.5999755859375,1303.5999755859375,1271.5999755859375,1279.4000244140625,1279.4000244140625,1991213
2025-10-24,Dr_Reddys,1280.0,1288.0,1265.5,1283.5999755859375,1283.5999755859375,1167634
2025-10-27,Dr_Reddys,1283.0,1293.4000244140625,1264.5999755859375,1284.300048828125,1284.300048828125,1927956
2025-10-28,Dr_Reddys,1283.9000244140625,1294.9000244140625,1275.300048828125,1289.4000244140625,1289.4000244140625,1828290
2025-10-29,Dr_Reddys,1299.0,1301.5,1235.0,1250.9000244140625,1250.9000244140625,2574921
2025-10-30,Dr_Reddys,1196.0,1207.199951171875,1180.9000244140625,1202.199951171875,1202.199951171875,8883497
2025-10-31,Dr_Reddys,1202.5,1205.5,1191.0,1197.5999755859375,1197.5999755859375,4250157
2025-11-03,Dr_Reddys,1196.9000244140625,1200.800048828125,1187.9000244140625,1196.0,1196.0,1547000
2025-11-04,Dr_Reddys,1198.0,1204.300048828125,1193.300048828125,1200.0,1200.0,1015516
2025-11-06,Dr_Reddys,1202.0,1213.9000244140625,1193.199951171875,1205.199951171875,1205.199951171875,1560897
2025-11-07,Dr_Reddys,1208.0,1211.9000244140625,1198.0,1205.4000244140625,1205.4000244140625,1076140
2025-11-10,Dr_Reddys,1199.4000244140625,1209.5,1195.0,1198.699951171875,1198.699951171875,3483082
2025-11-11,Dr_Reddys,1203.5999755859375,1214.800048828125,1198.5999755859375,1211.5,1211.5,1048552
2025-11-12,Dr_Reddys,1220.0999755859375,1235.0,1215.0,1229.5999755859375,1229.5999755859375,1222295
2025-11-13,Dr_Reddys,1235.800048828125,1242.4000244140625,1227.300048828125,1234.9000244140625,1234.9000244140625,1426984
2025-11-14,Dr_Reddys,1235.199951171875,1249.0,1231.800048828125,1246.0,1246.0,827643
2025-11-17,Dr_Reddys,1253.0,1253.0,1240.5,1244.4000244140625,1244.4000244140625,1423044
2025-11-18,Dr_Reddys,1244.5,1247.0,1232.699951171875,1243.800048828125,1243.800048828125,971685
2025-11-19,Dr_Reddys,1248.699951171875,1252.699951171875,1237.0,1250.199951171875,1250.199951171875,830105
2025-11-20,Dr_Reddys,1255.0,1255.0,1237.699951171875,1248.5999755859375,1248.5999755859375,854999
2025-11-21,Dr_Reddys,1244.800048828125,1250.699951171875,1237.0999755859375,1243.9000244140625,1243.9000244140625,941902
2025-11-24,Dr_Reddys,1248.0,1262.4000244140625,1219.0,1226.199951171875,1226.199951171875,7611988
2025-11-25,Dr_Reddys,1236.300048828125,1251.199951171875,1230.300048828125,1236.0999755859375,1236.0999755859375,1983817
2025-11-26,Dr_Reddys,1236.0999755859375,1251.0,1234.5999755859375,1248.0,1248.0,809816
2025-11-27,Dr_Reddys,1248.0,1256.0,1241.0,1249.300048828125,1249.300048828125,1060956
2025-11-28,Dr_Reddys,1250.0,1260.300048828125,1245.0,1258.800048828125,1258.800048828125,809748
2025-12-01,Dr_Reddys,1263.9000244140625,1268.800048828125,1248.4000244140625,1260.0999755859375,1260.0999755859375,1457856
2025-12-02,Dr_Reddys,1260.5,1278.300048828125,1260.5,1275.199951171875,1275.199951171875,2361183
2025-12-03,Dr_Reddys,1283.5999755859375,1293.0,1269.199951171875,1280.699951171875,1280.699951171875,4969448
2025-12-04,Dr_Reddys,1280.5999755859375,1284.199951171875,1266.5,1277.5999755859375,1277.5999755859375,1971130
2025-12-05,Dr_Reddys,1277.5999755859375,1282.800048828125,1271.5999755859375,1275.199951171875,1275.199951171875,1036082
2025-12-08,Dr_Reddys,1275.0,1279.0,1263.699951171875,1266.5,1266.5,1435892
2025-12-09,Dr_Reddys,1266.5,1267.4000244140625,1241.300048828125,1246.199951171875,1246.199951171875,2118272
2025-12-10,Dr_Reddys,1249.300048828125,1262.0999755859375,1246.800048828125,1250.800048828125,1250.800048828125,1669910
2025-12-11,Dr_Reddys,1250.800048828125,1275.9000244140625,1248.0,1273.5,1273.5,1717539
2025-12-12,Dr_Reddys,1275.0,1280.4000244140625,1267.300048828125,1279.300048828125,1279.300048828125,981548
2025-12-15,Dr_Reddys,1274.9000244140625,1282.800048828125,1264.0999755859375,1280.5999755859375,1280.5999755859375,1078613
2025-12-16,Dr_Reddys,1285.9000244140625,1285.9000244140625,1272.0,1276.9000244140625,1276.9000244140625,928506
2025-12-17,Dr_Reddys,1270.0,1281.0,1267.300048828125,1272.0,1272.0,894068
2025-12-18,Dr_Reddys,1277.0,1283.9000244140625,1262.0,1280.0,1280.0,889699
2025-12-19,Dr_Reddys,1277.0,1292.9000244140625,1268.9000244140625,1278.199951171875,1278.199951171875,1209487
2025-12-22,Dr_Reddys,1278.199951171875,1286.300048828125,1276.699951171875,1283.4000244140625,1283.4000244140625,614138
2025-12-23,Dr_Reddys,1288.5999755859375,1288.5999755859375,1277.800048828125,1283.5,1283.5,408490
2025-12-24,Dr_Reddys,1281.0999755859375,1285.0999755859375,1252.4000244140625,1265.800048828125,1265.800048828125,1265233
2025-12-26,Dr_Reddys,1265.0,1275.0,1261.0999755859375,1269.300048828125,1269.300048828125,594744
2025-12-29,Dr_Reddys,1269.300048828125,1275.9000244140625,1260.0,1268.5999755859375,1268.5999755859375,811488
2025-12-30,Dr_Reddys,1268.0,1272.9000244140625,1256.4000244140625,1265.800048828125,1265.800048828125,1123996
2025-12-31,Dr_Reddys,1270.0,1273.9000244140625,1260.0,1271.4000244140625,1271.4000244140625,658106
2026-01-01,Dr_Reddys,1270.0,1270.0,1248.0,1253.4000244140625,1253.4000244140625,553856
2026-01-02,Dr_Reddys,1249.0,1257.5999755859375,1236.0,1256.0999755859375,1256.0999755859375,1591218
2026-01-05,Dr_Reddys,1256.0,1262.300048828125,1245.0,1250.0,1250.0,1184386
2026-01-06,Dr_Reddys,1250.0,1258.800048828125,1245.5,1256.199951171875,1256.199951171875,540944
2026-01-07,Dr_Reddys,1252.5999755859375,1265.0,1240.0,1242.800048828125,1242.800048828125,1215477
2026-01-08,Dr_Reddys,1241.5999755859375,1241.5999755859375,1202.199951171875,1206.9000244140625,1206.9000244140625,2000942
2026-01-09,Dr_Reddys,1207.0,1216.4000244140625,1203.5999755859375,1210.0999755859375,1210.0999755859375,1390935
2026-01-12,Dr_Reddys,1210.0,1218.699951171875,1199.9000244140625,1215.5,1215.5,707317
2026-01-13,Dr_Reddys,1215.5999755859375,1215.9000244140625,1185.5,1191.300048828125,1191.300048828125,2071117
2026-01-14,Dr_Reddys,1191.0999755859375,1195.0,1176.0999755859375,1186.5,1186.5,2834908
2026-01-15,Dr_Reddys,1186.5,1186.5,1186.5,1186.5,1186.5,0
2026-01-16,Dr_Reddys,1184.0,1197.0,1171.5,1175.5,1175.5,2214792
2026-01-19,Dr_Reddys,1170.0,1177.5,1164.699951171875,1167.199951171875,1167.199951171875,1253443
2026-01-20,Dr_Reddys,1168.4000244140625,1192.800048828125,1161.4000244140625,1166.699951171875,1166.699951171875,2790934
2026-01-21,Dr_Reddys,1170.0,1193.800048828125,1148.4000244140625,1157.199951171875,1157.199951171875,2322066
2026-01-22,Dr_Reddys,1195.0,1225.0,1187.699951171875,1217.5,1217.5,6464461
2026-01-23,Dr_Reddys,1230.0,1250.800048828125,1225.0,1235.5999755859375,1235.5999755859375,3888860
2026-01-27,Dr_Reddys,1251.0,1252.300048828125,1233.5,1239.800048828125,1239.800048828125,2159137
2026-01-28,Dr_Reddys,1241.9000244140625,1243.199951171875,1219.0,1222.5,1222.5,1740662
2026-01-29,Dr_Reddys,1215.300048828125,1218.0,1191.199951171875,1208.9000244140625,1208.9000244140625,1626394
2026-01-30,Dr_Reddys,1200.0,1224.800048828125,1200.0,1218.0999755859375,1218.0999755859375,1672460
2026-02-02,Dr_Reddys,1189.5,1195.0,1167.0999755859375,1182.5,1182.5,1207638
2026-02-03,Dr_Reddys,1265.0,1265.9000244140625,1218.0999755859375,1235.4000244140625,1235.4000244140625,1521425
2026-02-04,Dr_Reddys,1235.5,1248.300048828125,1230.0999755859375,1240.199951171875,1240.199951171875,947684
2026-02-05,Dr_Reddys,1242.0,1253.5999755859375,1237.0,1244.9000244140625,1244.9000244140625,953241
2026-02-06,Dr_Reddys,1244.9000244140625,1248.9000244140625,1225.0,1241.199951171875,1241.199951171875,1324651
2026-02-09,Dr_Reddys,1260.0,1278.800048828125,1243.5,1275.5,1275.5,2111316
2026-02-10,Dr_Reddys,1279.0,1283.5,1253.0,1256.0,1256.0,1412804
2026-02-11,Dr_Reddys,1263.9000244140625,1273.5,1253.199951171875,1270.300048828125,1270.300048828125,855888
2026-02-12,Dr_Reddys,1268.9000244140625,1277.5999755859375,1261.5,1274.9000244140625,1274.9000244140625,981247
2026-02-13,Dr_Reddys,1274.0,1279.300048828125,1263.5999755859375,1268.0999755859375,1268.0999755859375,838946
2026-02-16,Dr_Reddys,1257.0999755859375,1275.199951171875,1257.0999755859375,1269.4000244140625,1269.4000244140625,469592
2026-02-17,Dr_Reddys,1266.0,1286.800048828125,1258.199951171875,1284.800048828125,1284.800048828125,687326
2026-02-18,Dr_Reddys,1289.0,1291.5,1276.5999755859375,1280.300048828125,1280.300048828125,689997
2026-02-19,Dr_Reddys,1290.0,1295.699951171875,1276.5,1282.300048828125,1282.300048828125,1333838
2026-02-20,Dr_Reddys,1281.9000244140625,1292.4000244140625,1275.0,1280.4000244140625,1280.4000244140625,1753200
2026-02-23,Dr_Reddys,1290.0,1313.5,1282.0999755859375,1307.4000244140625,1307.4000244140625,1849756
2026-02-24,Dr_Reddys,1307.5,1315.0,1297.0999755859375,1300.199951171875,1300.199951171875,1803242
2026-02-25,Dr_Reddys,1281.0,1324.0,1266.9000244140625,1306.5,1306.5,2296240
2026-02-26,Dr_Reddys,1311.199951171875,1327.0,1305.0,1319.300048828125,1319.300048828125,1511598
2026-02-27,Dr_Reddys,1313.800048828125,1317.199951171875,1278.199951171875,1286.300048828125,1286.300048828125,3510396
2026-03-02,Dr_Reddys,1252.5999755859375,1300.0,1221.199951171875,1294.4000244140625,1294.4000244140625,1052234
2026-03-04,Dr_Reddys,1274.4000244140625,1299.199951171875,1272.0999755859375,1291.199951171875,1291.199951171875,1890939
2026-03-05,Dr_Reddys,1292.5,1322.0999755859375,1292.5,1313.5,1313.5,1060509
2026-03-06,Dr_Reddys,1313.5,1316.4000244140625,1290.800048828125,1303.800048828125,1303.800048828125,963701
2026-03-09,Dr_Reddys,1285.5,1294.9000244140625,1273.5999755859375,1287.0,1287.0,1597730
2026-03-10,Dr_Reddys,1288.0,1329.5999755859375,1288.0,1314.5999755859375,1314.5999755859375,2329349
2026-03-11,Dr_Reddys,1311.0999755859375,1336.0,1311.0999755859375,1325.5,1325.5,2454389
2026-03-12,Dr_Reddys,1321.0,1337.300048828125,1303.5999755859375,1319.0,1319.0,1969692
2026-03-13,Dr_Reddys,1310.0,1319.9000244140625,1280.9000244140625,1292.300048828125,1292.300048828125,1574522
2026-03-16,Dr_Reddys,1292.0999755859375,1297.0,1264.0,1276.9000244140625,1276.9000244140625,1294975
2026-03-17,Dr_Reddys,1279.9000244140625,1291.4000244140625,1265.0,1283.800048828125,1283.800048828125,1003677
2026-03-18,Dr_Reddys,1283.800048828125,1299.300048828125,1280.0999755859375,1294.800048828125,1294.800048828125,849938
2026-03-19,Dr_Reddys,1278.699951171875,1286.4000244140625,1266.699951171875,1274.5,1274.5,1035491
2026-03-20,Dr_Reddys,1289.0,1307.5,1288.199951171875,1298.9000244140625,1298.9000244140625,3359706
2026-03-23,Dr_Reddys,1293.0,1293.0,1244.199951171875,1253.300048828125,1253.300048828125,2112613
2026-03-24,Dr_Reddys,1267.199951171875,1279.800048828125,1248.4000244140625,1259.5999755859375,1259.5999755859375,3166135
2026-03-25,Dr_Reddys,1268.9000244140625,1309.0,1260.0999755859375,1300.699951171875,1300.699951171875,1577150
2026-03-27,Dr_Reddys,1297.0,1302.9000244140625,1278.199951171875,1281.699951171875,1281.699951171875,2165113
2026-03-30,Dr_Reddys,1265.0,1276.199951171875,1251.0999755859375,1254.9000244140625,1254.9000244140625,1991442
2026-04-01,Dr_Reddys,1280.0,1284.800048828125,1206.0999755859375,1209.5999755859375,1209.5999755859375,2240507
2026-04-02,Dr_Reddys,1187.5,1222.5999755859375,1167.5,1217.300048828125,1217.300048828125,3560727
2026-04-06,Dr_Reddys,1220.0999755859375,1223.199951171875,1196.300048828125,1217.800048828125,1217.800048828125,1099471
2026-04-07,Dr_Reddys,1208.0,1211.0,1179.0,1196.0999755859375,1196.0999755859375,2330512
2026-04-08,Dr_Reddys,1210.0,1219.9000244140625,1185.4000244140625,1191.4000244140625,1191.4000244140625,2063229
2026-04-09,Dr_Reddys,1189.0,1214.699951171875,1189.0,1211.9000244140625,1211.9000244140625,2746602
2026-04-10,Dr_Reddys,1212.800048828125,1236.800048828125,1208.800048828125,1232.199951171875,1232.199951171875,1931448
2026-04-13,Dr_Reddys,1218.0,1239.0999755859375,1204.0,1235.9000244140625,1235.9000244140625,1463269
2026-04-15,Dr_Reddys,1220.0,1222.0,1195.4000244140625,1217.800048828125,1217.800048828125,4693413
2026-04-16,Dr_Reddys,1222.0,1227.5999755859375,1214.0999755859375,1221.4000244140625,1221.4000244140625,2014236
2026-04-17,Dr_Reddys,1215.199951171875,1242.0,1212.4000244140625,1235.699951171875,1235.699951171875,2564061
2026-04-20,Dr_Reddys,1235.0,1243.0,1223.0,1232.5999755859375,1232.5999755859375,1605279
2026-04-21,Dr_Reddys,1232.5999755859375,1234.9000244140625,1218.4000244140625,1220.5999755859375,1220.5999755859375,1230733
2026-04-22,Dr_Reddys,1214.0999755859375,1226.0,1208.0999755859375,1217.0,1217.0,1573272
2026-04-23,Dr_Reddys,1230.0,1357.0,1217.5,1331.0,1331.0,16407707
2026-04-24,Dr_Reddys,1293.0,1348.800048828125,1293.0,1317.0999755859375,1317.0999755859375,5638719
2026-04-27,Dr_Reddys,1320.4000244140625,1350.0,1309.0,1334.5,1334.5,1940454
2026-04-28,Dr_Reddys,1342.4000244140625,1367.9000244140625,1327.4000244140625,1354.5999755859375,1354.5999755859375,2336352
2026-04-29,Dr_Reddys,1367.0,1375.9000244140625,1321.5,1329.800048828125,1329.800048828125,4545837
2026-04-30,Dr_Reddys,1327.0,1340.300048828125,1313.5999755859375,1322.9000244140625,1322.9000244140625,1227007
2026-05-01,Dr_Reddys,1322.9000244140625,1322.9000244140625,1322.9000244140625,1322.9000244140625,1322.9000244140625,0
2026-05-04,Dr_Reddys,1320.0,1320.0,1280.5999755859375,1287.199951171875,1287.199951171875,2285506
2026-05-05,Dr_Reddys,1287.5999755859375,1292.4000244140625,1268.5,1271.199951171875,1271.199951171875,986348
2026-05-06,Dr_Reddys,1282.0,1328.5999755859375,1277.0999755859375,1311.0,1311.0,3340410
2026-05-07,Dr_Reddys,1309.0999755859375,1315.699951171875,1297.300048828125,1307.5999755859375,1307.5999755859375,2530096
2026-05-08,Dr_Reddys,1303.5,1310.199951171875,1290.0,1293.9000244140625,1293.9000244140625,964903
2026-05-11,Dr_Reddys,1288.0,1299.9000244140625,1272.5,1279.9000244140625,1279.9000244140625,1506740
2026-05-12,Dr_Reddys,1278.9000244140625,1288.300048828125,1264.5,1270.0,1270.0,1946195
2026-05-13,Dr_Reddys,1245.5999755859375,1303.800048828125,1230.0,1265.300048828125,1265.300048828125,9276074
2026-05-14,Dr_Reddys,1265.300048828125,1307.699951171875,1255.0,1303.5999755859375,1303.5999755859375,2362951
2026-05-15,Dr_Reddys,1303.5999755859375,1344.9000244140625,1303.5999755859375,1336.699951171875,1336.699951171875,3982549
2026-05-18,Dr_Reddys,1336.5,1341.9000244140625,1322.0,1331.199951171875,1331.199951171875,1926791
2026-05-19,Dr_Reddys,1332.0,1345.0,1318.9000244140625,1335.199951171875,1335.199951171875,2488019
2026-05-20,Dr_Reddys,1323.5999755859375,1336.0,1319.5999755859375,1321.9000244140625,1321.9000244140625,1277182
2026-05-21,Dr_Reddys,1325.0,1331.5999755859375,1314.199951171875,1318.5,1318.5,2183121
2026-05-22,Dr_Reddys,1319.0,1329.5999755859375,1305.0999755859375,1307.199951171875,1307.199951171875,2002451
2026-05-25,Dr_Reddys,1320.0,1340.5,1298.699951171875,1331.4000244140625,1331.4000244140625,4659781
2026-05-26,Dr_Reddys,1333.0,1341.0,1321.5999755859375,1327.9000244140625,1327.9000244140625,1909354
2026-05-27,Dr_Reddys,1329.5999755859375,1346.800048828125,1316.699951171875,1319.0,1319.0,959327
2026-05-28,Dr_Reddys,1319.0,1319.0,1319.0,1319.0,1319.0,0
2026-05-29,Dr_Reddys,1318.800048828125,1328.5999755859375,1297.5,1303.5,1303.5,5424483
2026-06-01,Dr_Reddys,1310.0999755859375,1319.5999755859375,1284.800048828125,1290.4000244140625,1290.4000244140625,1379034
2026-06-02,Dr_Reddys,1280.199951171875,1284.699951171875,1264.0999755859375,1274.0,1274.0,2021793
2026-06-03,Dr_Reddys,1269.5,1275.199951171875,1256.9000244140625,1263.300048828125,1263.300048828125,1226407
2026-06-04,Dr_Reddys,1257.300048828125,1274.9000244140625,1248.4000244140625,1267.5,1267.5,944045
2026-06-05,Dr_Reddys,1273.0,1289.4000244140625,1268.5,1278.199951171875,1278.199951171875,774687
2026-06-08,Dr_Reddys,1270.0,1293.699951171875,1270.0,1275.5999755859375,1275.5999755859375,862999
2026-06-09,Dr_Reddys,1277.0,1287.5999755859375,1261.4000244140625,1268.5,1268.5,871896
2026-06-10,Dr_Reddys,1268.5999755859375,1283.699951171875,1266.699951171875,1271.699951171875,1271.699951171875,1172155
2026-06-11,Dr_Reddys,1271.0999755859375,1285.699951171875,1266.4000244140625,1276.0,1276.0,1057772
2026-06-12,Dr_Reddys,1291.0,1291.0,1266.0,1275.4000244140625,1275.4000244140625,1645027
2026-06-15,Dr_Reddys,1296.199951171875,1296.199951171875,1275.300048828125,1279.5,1279.5,1178640
2026-06-16,Dr_Reddys,1279.0,1286.0,1269.0999755859375,1276.9000244140625,1276.9000244140625,430918
2026-06-17,Dr_Reddys,1276.0,1277.4000244140625,1260.9000244140625,1269.0,1269.0,683616
2026-06-18,Dr_Reddys,1269.0,1279.9000244140625,1261.699951171875,1267.5,1267.5,774093
2026-06-19,Dr_Reddys,1267.0,1275.0,1261.0,1272.0999755859375,1272.0999755859375,1312877
2026-06-22,Dr_Reddys,1278.0999755859375,1306.0,1271.199951171875,1290.699951171875,1290.699951171875,1618251
2026-06-23,Dr_Reddys,1297.199951171875,1329.5,1294.9000244140625,1301.300048828125,1301.300048828125,2878800
2026-06-24,Dr_Reddys,1310.0,1343.0,1306.199951171875,1328.4000244140625,1328.4000244140625,3346371
2026-06-25,Dr_Reddys,1331.9000244140625,1363.0,1331.9000244140625,1350.5,1350.5,1699744
2026-06-26,Dr_Reddys,1350.5,1350.5,1350.5,1350.5,1350.5,0
2026-06-29,Dr_Reddys,1388.4000244140625,1414.9000244140625,1355.800048828125,1375.699951171875,1375.699951171875,8857211
2026-06-30,Dr_Reddys,1375.0,1375.0,1347.0999755859375,1357.0999755859375,1357.0999755859375,2446438
2026-07-01,Dr_Reddys,1351.0,1362.699951171875,1330.0,1339.9000244140625,1339.9000244140625,1423120
2026-07-02,Dr_Reddys,1339.9000244140625,1360.800048828125,1329.0,1345.699951171875,1345.699951171875,808598
2026-07-03,Dr_Reddys,1356.0,1390.4000244140625,1350.300048828125,1374.0999755859375,1374.0999755859375,1296170
2026-07-06,Dr_Reddys,1375.9000244140625,1380.699951171875,1357.4000244140625,1367.9000244140625,1367.9000244140625,810266
2026-07-07,Dr_Reddys,1362.0,1380.199951171875,1351.5,1354.5999755859375,1354.5999755859375,1043736
