Date,Company,Open,High,Low,Close,Adj Close,Volume
2022-07-11,Infosys,1495.0,1499.9000244140625,1466.4000244140625,1473.1500244140625,1308.1529541015625,4702638
2022-07-12,Infosys,1461.800048828125,1468.5999755859375,1436.0,1438.5999755859375,1277.47265625,4710356
2022-07-13,Infosys,1450.0,1460.0,1438.5999755859375,1444.449951171875,1282.6673583984375,5264025
2022-07-14,Infosys,1451.0,1452.949951171875,1414.0,1428.8499755859375,1268.8145751953125,6157606
2022-07-15,Infosys,1446.0,1446.0,1410.6500244140625,1430.3499755859375,1270.146728515625,5620018
2022-07-18,Infosys,1450.0,1493.5999755859375,1448.050048828125,1489.9000244140625,1323.0269775390625,5835171
2022-07-19,Infosys,1471.550048828125,1486.8499755859375,1470.0999755859375,1484.1500244140625,1317.921142578125,3418540
2022-07-20,Infosys,1501.25,1525.800048828125,1500.0,1515.300048828125,1345.5821533203125,5079392
2022-07-21,Infosys,1517.0,1535.449951171875,1503.0999755859375,1532.9000244140625,1361.2109375,5008061
2022-07-22,Infosys,1534.0,1540.0,1492.1500244140625,1506.300048828125,1337.590087890625,7020642
2022-07-25,Infosys,1480.0999755859375,1517.1500244140625,1480.0999755859375,1503.5999755859375,1335.192626953125,7859626
2022-07-26,Infosys,1496.6500244140625,1496.6500244140625,1445.0,1451.1500244140625,1288.6171875,7268273
2022-07-27,Infosys,1451.0,1473.0,1445.0,1471.050048828125,1306.2882080078125,4517285
2022-07-28,Infosys,1496.4000244140625,1524.449951171875,1489.8499755859375,1517.4000244140625,1347.44677734375,6636841
2022-07-29,Infosys,1532.800048828125,1555.699951171875,1528.0,1549.699951171875,1376.1290283203125,7009465
2022-08-01,Infosys,1564.0,1564.0,1537.9000244140625,1551.050048828125,1377.3280029296875,2983249
2022-08-02,Infosys,1546.550048828125,1547.0,1528.3499755859375,1543.5999755859375,1370.71240234375,4374635
2022-08-03,Infosys,1549.0,1570.0,1539.9000244140625,1566.0999755859375,1390.6922607421875,6011955
2022-08-04,Infosys,1587.5,1603.8499755859375,1574.949951171875,1599.9000244140625,1420.70654296875,7402209
2022-08-05,Infosys,1608.4000244140625,1625.699951171875,1602.300048828125,1616.6500244140625,1435.58056640625,5361971
2022-08-08,Infosys,1617.0,1622.0,1596.0,1619.4000244140625,1438.022705078125,3763409
2022-08-10,Infosys,1621.199951171875,1621.199951171875,1588.0999755859375,1602.449951171875,1422.970947265625,4423829
2022-08-11,Infosys,1630.0,1631.3499755859375,1616.0,1619.949951171875,1438.510986328125,3462090
2022-08-12,Infosys,1613.300048828125,1614.0,1590.1500244140625,1594.0999755859375,1415.5562744140625,3562286
2022-08-16,Infosys,1609.0,1609.0,1591.0999755859375,1596.449951171875,1417.6429443359375,3004430
2022-08-17,Infosys,1596.449951171875,1612.0,1585.0,1606.25,1426.3453369140625,4067324
2022-08-18,Infosys,1594.0999755859375,1598.199951171875,1574.0,1582.949951171875,1405.6549072265625,4635706
2022-08-19,Infosys,1585.300048828125,1604.9000244140625,1585.0999755859375,1597.0999755859375,1418.22021484375,4739884
2022-08-22,Infosys,1586.0,1599.0,1574.0,1575.6500244140625,1399.1728515625,3950555
2022-08-23,Infosys,1548.0,1554.5,1533.0,1542.4000244140625,1369.646728515625,5551574
2022-08-24,Infosys,1535.0,1546.0,1531.0,1537.5,1365.2955322265625,2888426
2022-08-25,Infosys,1548.0,1548.699951171875,1513.75,1518.1500244140625,1348.1129150390625,4331088
2022-08-26,Infosys,1535.1500244140625,1544.949951171875,1517.449951171875,1521.550048828125,1351.1322021484375,3079136
2022-08-29,Infosys,1468.550048828125,1468.550048828125,1450.0,1461.75,1298.02978515625,8079050
2022-08-30,Infosys,1473.0999755859375,1496.0999755859375,1466.0,1492.949951171875,1325.7353515625,6725875
2022-09-01,Infosys,1460.050048828125,1468.0999755859375,1451.050048828125,1464.199951171875,1300.205322265625,8140604
2022-09-02,Infosys,1478.0,1478.0,1448.0,1453.0,1290.260009765625,5175653
2022-09-05,Infosys,1451.0,1467.0,1446.3499755859375,1461.300048828125,1297.630126953125,3669352
2022-09-06,Infosys,1461.300048828125,1470.0,1445.449951171875,1455.0999755859375,1292.12451171875,3428442
2022-09-07,Infosys,1440.0,1465.75,1438.050048828125,1457.6500244140625,1294.3890380859375,3600574
2022-09-08,Infosys,1475.0,1481.0999755859375,1463.5999755859375,1475.9000244140625,1310.5950927734375,4061475
2022-09-09,Infosys,1488.0,1520.0,1480.0,1511.6500244140625,1342.3408203125,4816910
2022-09-12,Infosys,1525.800048828125,1545.9000244140625,1521.1500244140625,1536.199951171875,1364.14111328125,5494819
2022-09-13,Infosys,1551.9000244140625,1553.0,1541.300048828125,1544.949951171875,1371.9112548828125,4947158
2022-09-14,Infosys,1497.0,1498.949951171875,1472.0,1475.4000244140625,1310.1510009765625,14332197
2022-09-15,Infosys,1475.0,1475.199951171875,1429.050048828125,1432.800048828125,1272.322265625,12784100
2022-09-16,Infosys,1425.0,1425.0,1368.3499755859375,1377.050048828125,1222.81640625,20464045
2022-09-19,Infosys,1392.0,1406.0,1380.5999755859375,1390.300048828125,1234.5823974609375,6595241
2022-09-20,Infosys,1407.949951171875,1413.550048828125,1385.0999755859375,1388.550048828125,1233.028564453125,7219797
2022-09-21,Infosys,1379.9000244140625,1388.800048828125,1368.4000244140625,1377.25,1222.9940185546875,7917054
2022-09-22,Infosys,1366.3499755859375,1383.949951171875,1360.0,1367.949951171875,1214.7357177734375,9168498
2022-09-23,Infosys,1367.5,1394.800048828125,1362.0,1365.449951171875,1212.515625,10426200
2022-09-26,Infosys,1360.0,1399.449951171875,1355.0,1380.25,1225.6578369140625,9414587
2022-09-27,Infosys,1393.449951171875,1406.5,1378.0,1393.550048828125,1237.4683837890625,8561254
2022-09-28,Infosys,1379.0,1405.8499755859375,1377.0,1394.699951171875,1238.4893798828125,7022098
2022-09-29,Infosys,1404.9000244140625,1409.8499755859375,1393.0,1398.6500244140625,1241.9971923828125,6119965
2022-09-30,Infosys,1388.949951171875,1419.300048828125,1376.0,1413.449951171875,1255.139404296875,8120130
2022-10-03,Infosys,1412.0,1412.0,1386.0,1393.75,1237.6461181640625,4943169
2022-10-04,Infosys,1419.699951171875,1432.25,1414.0,1429.4000244140625,1269.3031005859375,6631341
2022-10-06,Infosys,1445.0,1459.800048828125,1444.0999755859375,1455.1500244140625,1292.1689453125,6180672
2022-10-07,Infosys,1446.3499755859375,1457.8499755859375,1440.1500244140625,1451.199951171875,1288.6614990234375,3994466
2022-10-10,Infosys,1426.3499755859375,1465.0,1426.3499755859375,1462.6500244140625,1298.8291015625,5274677
2022-10-11,Infosys,1462.6500244140625,1479.6500244140625,1420.0999755859375,1423.800048828125,1264.3302001953125,12824774
2022-10-12,Infosys,1437.0,1441.0999755859375,1413.550048828125,1428.699951171875,1268.681640625,5481467
2022-10-13,Infosys,1431.0,1437.949951171875,1415.0,1419.9000244140625,1260.8671875,4821514
2022-10-14,Infosys,1485.0,1494.0,1467.25,1474.25,1309.1297607421875,14990688
2022-10-17,Infosys,1476.9000244140625,1495.0,1475.5,1489.949951171875,1323.0712890625,4286396
2022-10-18,Infosys,1510.0,1510.949951171875,1497.25,1503.699951171875,1335.28125,4692004
2022-10-19,Infosys,1504.0,1504.949951171875,1481.300048828125,1485.449951171875,1319.0753173828125,3553171
2022-10-20,Infosys,1475.0,1504.0,1474.199951171875,1500.9000244140625,1332.794921875,4583939
2022-10-21,Infosys,1500.300048828125,1506.0,1491.3499755859375,1500.5,1332.4398193359375,3594485
2022-10-24,Infosys,1518.5,1521.800048828125,1511.0,1517.8499755859375,1347.8465576171875,982837
2022-10-25,Infosys,1528.0999755859375,1532.9000244140625,1521.050048828125,1526.300048828125,1355.35009765625,3914341
2022-10-27,Infosys,1530.800048828125,1534.9000244140625,1512.5,1523.949951171875,1368.052490234375,6760137
2022-10-28,Infosys,1526.0,1527.949951171875,1507.0,1513.25,1358.447021484375,3053981
2022-10-31,Infosys,1530.25,1546.4000244140625,1530.25,1537.6500244140625,1380.3509521484375,4542336
2022-11-01,Infosys,1553.050048828125,1575.0,1547.0999755859375,1573.0,1412.084716796875,4542692
2022-11-02,Infosys,1572.0,1572.75,1545.0,1553.300048828125,1394.39990234375,2938906
2022-11-03,Infosys,1538.75,1543.9000244140625,1521.6500244140625,1530.75,1374.1568603515625,3174027
2022-11-04,Infosys,1520.449951171875,1520.449951171875,1501.1500244140625,1514.0,1359.1202392578125,4509682
2022-11-07,Infosys,1521.4000244140625,1527.9000244140625,1491.0999755859375,1507.449951171875,1353.2403564453125,4898592
2022-11-09,Infosys,1529.0,1529.0,1501.0999755859375,1511.199951171875,1356.606689453125,3334755
2022-11-10,Infosys,1485.0,1512.0,1485.0,1501.949951171875,1348.3028564453125,3435763
2022-11-11,Infosys,1546.6500244140625,1573.5,1546.6500244140625,1570.0999755859375,1409.4813232421875,7214098
2022-11-14,Infosys,1575.1500244140625,1591.4000244140625,1568.449951171875,1585.300048828125,1423.1263427734375,4908813
2022-11-15,Infosys,1577.8499755859375,1597.8499755859375,1572.75,1594.0,1430.9364013671875,3497614
2022-11-16,Infosys,1597.1500244140625,1609.0,1593.5,1602.800048828125,1438.8363037109375,4497697
2022-11-17,Infosys,1597.199951171875,1602.800048828125,1582.949951171875,1587.4000244140625,1425.011474609375,3469515
2022-11-18,Infosys,1591.699951171875,1598.0,1575.5,1593.4000244140625,1430.39794921875,3126064
2022-11-21,Infosys,1582.0999755859375,1587.8499755859375,1564.050048828125,1568.199951171875,1407.775634765625,3071764
2022-11-22,Infosys,1569.0,1588.0,1562.0,1585.050048828125,1422.902099609375,3399329
2022-11-23,Infosys,1588.9000244140625,1592.0,1579.300048828125,1583.1500244140625,1421.196533203125,3245067
2022-11-24,Infosys,1589.0,1636.0,1584.75,1629.800048828125,1463.0740966796875,5282215
2022-11-25,Infosys,1631.4000244140625,1644.0,1613.800048828125,1635.6500244140625,1468.32568359375,4563255
2022-11-28,Infosys,1628.0,1653.5,1620.0,1623.4000244140625,1457.3287353515625,3825766
2022-11-29,Infosys,1621.199951171875,1638.75,1615.050048828125,1629.050048828125,1462.40087890625,3131710
2022-11-30,Infosys,1619.949951171875,1645.75,1613.1500244140625,1634.949951171875,1467.6971435546875,11868134
2022-12-01,Infosys,1656.199951171875,1672.5999755859375,1652.300048828125,1657.0999755859375,1487.5814208984375,5407928
2022-12-02,Infosys,1656.0,1661.800048828125,1633.949951171875,1637.9000244140625,1470.3455810546875,4283343
2022-12-05,Infosys,1638.0,1644.8499755859375,1623.300048828125,1639.75,1472.00634765625,3824966
2022-12-06,Infosys,1625.0,1626.0,1607.550048828125,1612.9000244140625,1447.903076171875,4822398
2022-12-07,Infosys,1608.0,1623.800048828125,1596.699951171875,1605.5,1441.260009765625,4898087
2022-12-08,Infosys,1605.5,1623.9000244140625,1598.5,1620.1500244140625,1454.4112548828125,4206837
2022-12-09,Infosys,1628.0,1628.0,1561.0999755859375,1569.300048828125,1408.76318359375,8880658
2022-12-12,Infosys,1550.0,1565.949951171875,1530.050048828125,1547.199951171875,1388.924072265625,8037679
2022-12-13,Infosys,1547.199951171875,1577.5,1541.1500244140625,1572.1500244140625,1411.321533203125,6135067
2022-12-14,Infosys,1582.0,1588.5,1573.0,1579.4000244140625,1417.830078125,4976020
2022-12-15,Infosys,1569.300048828125,1570.0,1535.25,1540.5,1382.909423828125,6443866
2022-12-16,Infosys,1525.0,1549.5,1512.050048828125,1522.199951171875,1366.4814453125,9630453
2022-12-19,Infosys,1507.949951171875,1516.9000244140625,1495.050048828125,1507.3499755859375,1353.150390625,6222740
2022-12-20,Infosys,1501.0,1516.0,1482.449951171875,1507.300048828125,1353.1058349609375,7396259
2022-12-21,Infosys,1515.0,1521.0,1502.3499755859375,1509.550048828125,1355.12548828125,6236361
2022-12-22,Infosys,1521.5,1529.949951171875,1511.75,1522.050048828125,1366.3468017578125,6302640
2022-12-23,Infosys,1508.699951171875,1509.9000244140625,1493.0,1497.0999755859375,1343.948974609375,6283822
2022-12-26,Infosys,1500.5,1509.9000244140625,1496.3499755859375,1502.4000244140625,1348.70703125,4115459
2022-12-27,Infosys,1509.949951171875,1521.449951171875,1497.5,1514.8499755859375,1359.88330078125,4860076
2022-12-28,Infosys,1505.0999755859375,1524.949951171875,1498.5,1510.1500244140625,1355.6641845703125,5029860
2022-12-29,Infosys,1504.0,1521.300048828125,1501.0,1517.550048828125,1362.3072509765625,4624745
2022-12-30,Infosys,1528.0,1530.4000244140625,1504.050048828125,1508.199951171875,1353.91357421875,5060544
2023-01-02,Infosys,1514.0,1526.5,1504.050048828125,1524.0,1368.0972900390625,3801140
2023-01-03,Infosys,1519.8499755859375,1532.6500244140625,1515.0999755859375,1522.550048828125,1366.795654296875,4551130
2023-01-04,Infosys,1521.0,1521.0,1491.0999755859375,1494.800048828125,1341.8843994140625,7059590
2023-01-05,Infosys,1505.9000244140625,1505.9000244140625,1469.25,1475.199951171875,1324.2894287109375,9868404
2023-01-06,Infosys,1470.0,1475.0,1446.5,1448.5,1300.3209228515625,6443714
2023-01-09,Infosys,1448.199951171875,1489.3499755859375,1448.199951171875,1484.449951171875,1332.5931396484375,11498717
2023-01-10,Infosys,1482.0,1483.9000244140625,1454.050048828125,1469.75,1319.3970947265625,7158624
2023-01-11,Infosys,1470.0,1494.0,1464.0,1471.25,1320.7435302734375,6173092
2023-01-12,Infosys,1481.949951171875,1485.0,1455.0,1480.5999755859375,1329.1370849609375,6591385
2023-01-13,Infosys,1483.5,1519.4000244140625,1468.0,1503.6500244140625,1349.8292236328125,11610426
2023-01-16,Infosys,1510.0,1528.0,1502.300048828125,1525.5,1369.44384765625,6073063
2023-01-17,Infosys,1527.0,1542.199951171875,1524.0,1539.5,1382.0115966796875,5922644
2023-01-18,Infosys,1544.75,1551.8499755859375,1539.5999755859375,1545.4000244140625,1387.3082275390625,5843098
2023-01-19,Infosys,1539.9000244140625,1549.550048828125,1526.1500244140625,1538.9000244140625,1381.47314453125,6165284
2023-01-20,Infosys,1538.0,1545.0,1524.0,1525.550048828125,1369.48876953125,6496429
2023-01-23,Infosys,1535.0,1553.300048828125,1528.0999755859375,1548.0,1389.6422119140625,4855020
2023-01-24,Infosys,1560.0,1568.800048828125,1549.75,1551.9000244140625,1393.1431884765625,5200802
2023-01-25,Infosys,1547.0,1556.0,1538.75,1543.0,1385.15380859375,4158617
2023-01-27,Infosys,1546.0,1550.949951171875,1507.4000244140625,1519.1500244140625,1363.743408203125,6209955
2023-01-30,Infosys,1528.800048828125,1544.0,1520.0,1538.800048828125,1381.3834228515625,6964719
2023-01-31,Infosys,1548.9000244140625,1548.9000244140625,1513.0,1533.75,1376.8499755859375,9448126
2023-02-01,Infosys,1542.199951171875,1555.050048828125,1528.050048828125,1551.0999755859375,1392.425048828125,6194199
2023-02-02,Infosys,1552.0,1586.949951171875,1552.0,1583.75,1421.73486328125,6916834
2023-02-03,Infosys,1597.5,1604.6500244140625,1573.0,1599.4000244140625,1435.7840576171875,7040194
2023-02-06,Infosys,1598.0,1598.0,1561.5999755859375,1569.8499755859375,1409.2569580078125,4570612
2023-02-07,Infosys,1569.0,1576.050048828125,1555.0999755859375,1562.4000244140625,1402.5692138671875,4336238
2023-02-08,Infosys,1565.5,1603.0,1565.5,1590.5,1427.79443359375,7983338
2023-02-09,Infosys,1596.199951171875,1619.75,1586.050048828125,1617.0,1451.5836181640625,6904911
2023-02-10,Infosys,1612.949951171875,1616.300048828125,1596.449951171875,1608.550048828125,1443.9979248046875,4786762
2023-02-13,Infosys,1597.0,1597.0,1566.0,1567.449951171875,1407.1024169921875,4001199
2023-02-14,Infosys,1584.699951171875,1596.0,1578.1500244140625,1593.25,1430.26318359375,5043736
2023-02-15,Infosys,1584.0,1599.0,1576.0,1597.050048828125,1433.6748046875,3465747
2023-02-16,Infosys,1600.0,1614.449951171875,1597.8499755859375,1601.800048828125,1437.9384765625,4290289
2023-02-17,Infosys,1594.0,1595.0,1575.5,1583.800048828125,1421.7801513671875,2857734
2023-02-20,Infosys,1584.949951171875,1603.0,1582.5,1592.449951171875,1429.5450439453125,2417716
2023-02-21,Infosys,1598.699951171875,1601.6500244140625,1576.0,1579.5,1417.919921875,2723288
2023-02-22,Infosys,1563.0,1575.0,1555.300048828125,1561.800048828125,1402.0303955078125,3656244
2023-02-23,Infosys,1569.8499755859375,1569.8499755859375,1548.1500244140625,1550.699951171875,1392.06591796875,4766854
2023-02-24,Infosys,1560.0,1569.0,1545.0,1550.6500244140625,1392.021240234375,2790986
2023-02-27,Infosys,1540.0,1540.0,1502.0,1509.300048828125,1354.9012451171875,4920268
2023-02-28,Infosys,1515.5999755859375,1524.0,1481.300048828125,1487.550048828125,1335.376220703125,9679811
2023-03-01,Infosys,1492.4000244140625,1500.8499755859375,1481.5,1496.050048828125,1343.006591796875,5125043
2023-03-02,Infosys,1485.0,1488.5999755859375,1467.300048828125,1472.1500244140625,1321.5516357421875,4644499
2023-03-03,Infosys,1486.75,1489.800048828125,1473.0,1479.300048828125,1327.9700927734375,4615015
2023-03-06,Infosys,1494.550048828125,1520.4000244140625,1493.1500244140625,1507.449951171875,1353.2403564453125,6561742
2023-03-08,Infosys,1490.550048828125,1496.0,1481.0999755859375,1492.699951171875,1339.9991455078125,4137080
2023-03-09,Infosys,1495.0,1498.3499755859375,1474.5999755859375,1480.4000244140625,1328.9576416015625,5104656
2023-03-10,Infosys,1460.0,1474.300048828125,1457.6500244140625,1471.550048828125,1321.012939453125,3699580
2023-03-13,Infosys,1464.199951171875,1478.300048828125,1428.0,1435.0999755859375,1288.2916259765625,8798403
2023-03-14,Infosys,1441.0,1448.3499755859375,1411.0,1420.0,1274.736328125,7402784
2023-03-15,Infosys,1438.0,1442.8499755859375,1416.8499755859375,1419.6500244140625,1274.422119140625,7556182
2023-03-16,Infosys,1417.800048828125,1417.800048828125,1398.699951171875,1404.0999755859375,1260.4627685546875,7323117
2023-03-17,Infosys,1430.0,1442.9000244140625,1411.4000244140625,1420.699951171875,1275.36474609375,9090018
2023-03-20,Infosys,1419.699951171875,1419.699951171875,1384.8499755859375,1403.6500244140625,1260.058837890625,8221829
2023-03-21,Infosys,1399.0,1405.0,1390.0,1390.699951171875,1248.4337158203125,8536755
2023-03-22,Infosys,1403.0,1407.25,1382.1500244140625,1389.25,1247.132080078125,8356487
2023-03-23,Infosys,1383.949951171875,1383.949951171875,1370.0,1374.550048828125,1233.935791015625,7607718
2023-03-24,Infosys,1388.0,1398.949951171875,1377.5,1380.6500244140625,1239.4117431640625,7559127
2023-03-27,Infosys,1386.25,1395.75,1374.0999755859375,1388.949951171875,1246.8626708984375,4170193
2023-03-28,Infosys,1392.0999755859375,1398.0,1375.8499755859375,1377.5999755859375,1236.6739501953125,6633366
2023-03-29,Infosys,1379.0,1389.9000244140625,1364.550048828125,1383.550048828125,1242.01513671875,8813966
2023-03-31,Infosys,1404.0,1429.949951171875,1393.9000244140625,1427.949951171875,1281.873046875,8711975
2023-04-03,Infosys,1435.0,1435.0,1405.1500244140625,1410.8499755859375,1266.522216796875,5242764
2023-04-05,Infosys,1400.0,1427.5,1400.0,1423.550048828125,1277.9234619140625,7506334
2023-04-06,Infosys,1416.0,1428.4000244140625,1410.3499755859375,1421.9000244140625,1276.4420166015625,6948465
2023-04-10,Infosys,1423.949951171875,1434.0,1415.0,1427.5999755859375,1281.5589599609375,4993788
2023-04-11,Infosys,1428.9000244140625,1433.3499755859375,1389.0,1406.1500244140625,1262.3033447265625,6942255
2023-04-12,Infosys,1413.050048828125,1431.5,1400.0,1428.300048828125,1282.1875,5831169
2023-04-13,Infosys,1409.75,1411.050048828125,1383.0,1389.199951171875,1247.0870361328125,11267238
2023-04-17,Infosys,1250.300048828125,1261.1500244140625,1185.300048828125,1258.300048828125,1129.5780029296875,53171705
2023-04-18,Infosys,1269.949951171875,1269.949951171875,1253.0999755859375,1259.3499755859375,1130.5205078125,12430884
2023-04-19,Infosys,1254.3499755859375,1254.3499755859375,1229.4000244140625,1232.199951171875,1106.14794921875,11307230
2023-04-20,Infosys,1230.699951171875,1237.8499755859375,1221.4000244140625,1223.4000244140625,1098.248291015625,8621249
2023-04-21,Infosys,1228.0999755859375,1233.25,1220.0,1227.3499755859375,1101.7940673828125,8691352
2023-04-24,Infosys,1228.0,1230.0,1218.0,1226.300048828125,1100.8514404296875,8313774
2023-04-25,Infosys,1225.949951171875,1235.5,1215.0,1224.9000244140625,1099.5948486328125,6808576
2023-04-26,Infosys,1228.0,1233.0,1220.550048828125,1227.550048828125,1101.9737548828125,5680192
2023-04-27,Infosys,1230.0,1247.800048828125,1225.4000244140625,1246.25,1118.7606201171875,8020704
2023-04-28,Infosys,1255.699951171875,1259.0,1244.949951171875,1252.75,1124.5955810546875,10118277
2023-05-02,Infosys,1254.550048828125,1279.75,1254.550048828125,1277.449951171875,1146.768798828125,8886401
2023-05-03,Infosys,1266.0,1272.5,1262.0999755859375,1269.1500244140625,1139.3182373046875,5549783
2023-05-04,Infosys,1268.949951171875,1275.800048828125,1262.5,1273.550048828125,1143.2681884765625,4505401
2023-05-05,Infosys,1279.0,1279.0,1254.25,1259.0999755859375,1130.296142578125,5373791
2023-05-08,Infosys,1262.449951171875,1270.300048828125,1255.199951171875,1265.5999755859375,1136.1312255859375,5260842
2023-05-09,Infosys,1266.0,1272.0,1260.699951171875,1270.699951171875,1140.70947265625,4969897
2023-05-10,Infosys,1276.4000244140625,1276.4000244140625,1259.1500244140625,1263.25,1134.0216064453125,6515734
2023-05-11,Infosys,1270.25,1275.9000244140625,1253.050048828125,1256.0999755859375,1127.6029052734375,6888461
2023-05-12,Infosys,1253.3499755859375,1256.0,1239.050048828125,1245.199951171875,1117.8179931640625,8292212
2023-05-15,Infosys,1249.9000244140625,1268.9000244140625,1245.6500244140625,1258.3499755859375,1129.622802734375,5534710
2023-05-16,Infosys,1265.0,1273.949951171875,1262.75,1264.300048828125,1134.9642333984375,5236469
2023-05-17,Infosys,1260.5999755859375,1260.949951171875,1242.449951171875,1246.9000244140625,1119.3443603515625,10465667
2023-05-18,Infosys,1258.5999755859375,1259.6500244140625,1242.449951171875,1246.0,1118.5362548828125,6948732
2023-05-19,Infosys,1256.050048828125,1273.300048828125,1252.800048828125,1268.9000244140625,1139.0936279296875,11094136
2023-05-22,Infosys,1272.949951171875,1295.5999755859375,1270.25,1292.800048828125,1160.548828125,7625947
2023-05-23,Infosys,1299.199951171875,1314.1500244140625,1297.050048828125,1300.050048828125,1167.0570068359375,7436031
2023-05-24,Infosys,1296.300048828125,1305.0,1291.300048828125,1298.6500244140625,1165.80029296875,4824077
2023-05-25,Infosys,1294.5,1307.0,1289.25,1304.3499755859375,1170.9171142578125,4334121
2023-05-26,Infosys,1306.0,1323.449951171875,1306.0,1317.449951171875,1182.677001953125,5521606
2023-05-29,Infosys,1332.699951171875,1332.699951171875,1309.8499755859375,1314.4000244140625,1179.9390869140625,4419365
2023-05-30,Infosys,1315.0,1326.4000244140625,1309.1500244140625,1323.8499755859375,1188.4222412109375,6274719
2023-05-31,Infosys,1319.8499755859375,1331.0999755859375,1314.1500244140625,1318.300048828125,1183.4403076171875,17800782
2023-06-01,Infosys,1322.550048828125,1329.5,1318.0999755859375,1319.5,1184.5174560546875,4277841
2023-06-02,Infosys,1309.0,1312.9000244140625,1296.050048828125,1299.0,1181.7882080078125,10909311
2023-06-05,Infosys,1304.0,1309.449951171875,1297.300048828125,1304.5,1186.7918701171875,5002553
2023-06-06,Infosys,1288.5999755859375,1288.5999755859375,1273.0,1279.0,1163.5926513671875,10008100
2023-06-07,Infosys,1290.5,1294.0,1282.5,1288.949951171875,1172.6448974609375,5397578
2023-06-08,Infosys,1286.199951171875,1292.0,1281.0999755859375,1282.800048828125,1167.0499267578125,5034942
2023-06-09,Infosys,1282.5,1282.5,1264.0,1265.949951171875,1151.7203369140625,5339073
2023-06-12,Infosys,1273.5,1295.699951171875,1273.0,1291.949951171875,1175.3741455078125,4785588
2023-06-13,Infosys,1299.9000244140625,1306.5,1297.050048828125,1304.8499755859375,1187.1103515625,4846587
2023-06-14,Infosys,1306.3499755859375,1306.699951171875,1293.199951171875,1300.4000244140625,1183.0616455078125,3457981
2023-06-15,Infosys,1293.949951171875,1293.949951171875,1282.6500244140625,1286.800048828125,1170.6890869140625,6161155
2023-06-16,Infosys,1287.0,1301.5,1281.050048828125,1291.6500244140625,1175.1014404296875,8536287
2023-06-19,Infosys,1294.0,1299.5,1287.050048828125,1294.0,1177.2391357421875,4451787
2023-06-20,Infosys,1294.0,1305.0,1291.0999755859375,1303.4000244140625,1185.7911376953125,4009180
2023-06-21,Infosys,1299.949951171875,1303.800048828125,1295.0,1299.3499755859375,1182.1065673828125,4041529
2023-06-22,Infosys,1289.4000244140625,1289.4000244140625,1273.5,1281.550048828125,1165.91259765625,6676607
2023-06-23,Infosys,1276.449951171875,1279.3499755859375,1263.3499755859375,1265.0,1150.8558349609375,7239467
2023-06-26,Infosys,1270.25,1274.0,1262.25,1270.3499755859375,1155.7232666015625,3403244
2023-06-27,Infosys,1280.0,1282.0,1274.199951171875,1279.1500244140625,1163.729248046875,3240024
2023-06-28,Infosys,1290.0,1296.699951171875,1281.4000244140625,1293.3499755859375,1176.6478271484375,5662358
2023-06-30,Infosys,1308.199951171875,1338.9000244140625,1304.449951171875,1335.5,1214.9947509765625,12821692
2023-07-03,Infosys,1330.0,1346.0,1328.449951171875,1333.699951171875,1213.35693359375,7732412
2023-07-04,Infosys,1344.300048828125,1346.0,1331.4000244140625,1345.1500244140625,1223.77392578125,5797775
2023-07-05,Infosys,1357.8499755859375,1357.949951171875,1341.0,1347.300048828125,1225.72998046875,5414936
2023-07-06,Infosys,1342.550048828125,1347.449951171875,1337.1500244140625,1343.9000244140625,1222.6365966796875,5963897
2023-07-07,Infosys,1334.0,1345.800048828125,1325.3499755859375,1330.199951171875,1210.1727294921875,6295647
2023-07-10,Infosys,1336.550048828125,1341.9000244140625,1319.300048828125,1329.1500244140625,1209.2174072265625,3940315
2023-07-11,Infosys,1333.449951171875,1350.9000244140625,1327.0,1348.5999755859375,1226.9124755859375,6126128
2023-07-12,Infosys,1351.0,1351.9000244140625,1327.0,1333.300048828125,1212.9932861328125,8102770
2023-07-13,Infosys,1334.9000244140625,1376.800048828125,1330.8499755859375,1365.0999755859375,1241.923583984375,9977644
2023-07-14,Infosys,1380.6500244140625,1430.0,1380.6500244140625,1425.949951171875,1297.282958984375,12833381
2023-07-17,Infosys,1425.949951171875,1458.949951171875,1414.300048828125,1422.949951171875,1294.5538330078125,11569884
2023-07-18,Infosys,1434.0,1477.949951171875,1429.0,1475.199951171875,1342.089111328125,16743977
2023-07-19,Infosys,1486.0,1498.800048828125,1460.699951171875,1474.949951171875,1341.8616943359375,13687062
2023-07-20,Infosys,1471.0,1471.0,1440.699951171875,1449.5,1318.7081298828125,8347221
2023-07-21,Infosys,1320.199951171875,1350.0,1305.0,1331.5999755859375,1211.4464111328125,45548305
2023-07-24,Infosys,1341.0,1349.9000244140625,1334.25,1336.5999755859375,1215.995361328125,8859789
2023-07-25,Infosys,1337.0,1342.8499755859375,1324.25,1334.5999755859375,1214.17578125,6801982
2023-07-26,Infosys,1343.0,1350.0,1339.4000244140625,1348.8499755859375,1227.1400146484375,5528885
2023-07-27,Infosys,1358.5999755859375,1363.800048828125,1347.050048828125,1353.1500244140625,1231.05224609375,9191861
2023-07-28,Infosys,1353.8499755859375,1363.8499755859375,1336.0,1340.5,1219.5433349609375,6122735
2023-07-31,Infosys,1348.75,1357.5,1333.25,1355.699951171875,1233.3719482421875,7902180
2023-08-01,Infosys,1362.0,1369.0,1357.0,1365.199951171875,1242.0145263671875,6064652
2023-08-02,Infosys,1369.300048828125,1371.949951171875,1348.449951171875,1356.8499755859375,1234.418212890625,7419145
2023-08-03,Infosys,1350.0,1366.550048828125,1349.0,1364.300048828125,1241.1959228515625,6503741
2023-08-04,Infosys,1368.9000244140625,1385.9000244140625,1362.0,1378.3499755859375,1253.9781494140625,5712345
2023-08-07,Infosys,1387.9000244140625,1395.0,1377.0,1393.0,1267.30615234375,3729093
2023-08-08,Infosys,1392.8499755859375,1393.550048828125,1384.4000244140625,1390.199951171875,1264.7587890625,4161877
2023-08-09,Infosys,1384.0,1396.0,1382.5,1394.4000244140625,1268.5799560546875,4090828
2023-08-10,Infosys,1391.5999755859375,1395.800048828125,1385.5999755859375,1389.0999755859375,1263.758056640625,3873025
2023-08-11,Infosys,1392.0,1396.8499755859375,1367.050048828125,1371.8499755859375,1248.064453125,5783517
2023-08-14,Infosys,1371.8499755859375,1395.0,1365.5999755859375,1393.550048828125,1267.806640625,4304135
2023-08-16,Infosys,1410.800048828125,1419.949951171875,1405.4000244140625,1418.5,1290.50537109375,7735313
2023-08-17,Infosys,1420.0,1420.0,1406.0,1411.550048828125,1284.1826171875,5618346
2023-08-18,Infosys,1403.699951171875,1408.699951171875,1386.1500244140625,1388.800048828125,1263.485107421875,5134103
2023-08-21,Infosys,1389.75,1407.0,1387.1500244140625,1405.4000244140625,1278.5872802734375,3032722
2023-08-22,Infosys,1404.699951171875,1406.050048828125,1396.6500244140625,1403.75,1277.086181640625,2890714
2023-08-23,Infosys,1416.0,1416.5999755859375,1405.6500244140625,1407.949951171875,1280.906982421875,2559125
2023-08-24,Infosys,1421.5,1425.050048828125,1414.449951171875,1423.5999755859375,1295.1451416015625,5171963
2023-08-25,Infosys,1413.0,1422.5,1411.4000244140625,1420.0999755859375,1291.9608154296875,4307172
2023-08-28,Infosys,1420.0999755859375,1424.800048828125,1411.4000244140625,1415.6500244140625,1287.9124755859375,3133464
2023-08-29,Infosys,1424.0,1424.4000244140625,1415.300048828125,1417.6500244140625,1289.7320556640625,3074444
2023-08-30,Infosys,1427.0,1436.6500244140625,1424.0,1435.1500244140625,1305.653076171875,3070887
2023-08-31,Infosys,1435.1500244140625,1444.9000244140625,1428.6500244140625,1435.449951171875,1305.9259033203125,9792735
2023-09-01,Infosys,1430.949951171875,1446.0,1428.199951171875,1443.8499755859375,1313.56787109375,3582133
2023-09-04,Infosys,1443.0,1470.0,1434.699951171875,1465.0999755859375,1332.900390625,4609014
2023-09-05,Infosys,1465.0,1480.050048828125,1456.5,1478.9000244140625,1345.4552001953125,5496840
2023-09-06,Infosys,1481.9000244140625,1482.9000244140625,1463.300048828125,1477.449951171875,1344.1361083984375,5075786
2023-09-07,Infosys,1470.5999755859375,1473.4000244140625,1462.050048828125,1466.199951171875,1333.901123046875,4411743
2023-09-08,Infosys,1463.5,1474.75,1460.199951171875,1469.5999755859375,1336.994384765625,3125838
2023-09-11,Infosys,1469.5999755859375,1478.050048828125,1464.5,1476.449951171875,1343.226318359375,4182226
2023-09-12,Infosys,1482.5,1504.0,1477.0999755859375,1501.0999755859375,1365.6519775390625,6793161
2023-09-13,Infosys,1505.0,1505.0,1488.6500244140625,1498.3499755859375,1363.1502685546875,4804686
2023-09-14,Infosys,1505.0,1512.550048828125,1499.1500244140625,1506.949951171875,1370.97412109375,6444213
2023-09-15,Infosys,1518.0,1518.4000244140625,1509.0,1511.5999755859375,1375.204833984375,8657816
2023-09-18,Infosys,1504.9000244140625,1504.9000244140625,1488.0,1491.800048828125,1357.19140625,3991916
2023-09-20,Infosys,1476.199951171875,1495.0999755859375,1476.199951171875,1490.25,1355.78125,4169337
2023-09-21,Infosys,1486.550048828125,1504.550048828125,1476.0,1501.75,1366.243408203125,6779195
2023-09-22,Infosys,1491.9000244140625,1506.949951171875,1485.199951171875,1496.1500244140625,1361.148681640625,5455613
2023-09-25,Infosys,1489.8499755859375,1489.8499755859375,1471.550048828125,1474.1500244140625,1341.1339111328125,4217863
2023-09-26,Infosys,1479.1500244140625,1479.9000244140625,1459.0,1460.6500244140625,1328.85205078125,3996528
2023-09-27,Infosys,1456.0,1469.5999755859375,1450.050048828125,1467.0,1334.6290283203125,3863586
2023-09-28,Infosys,1467.9000244140625,1472.5999755859375,1435.0,1439.449951171875,1309.56494140625,5814602
2023-09-29,Infosys,1432.0999755859375,1446.800048828125,1416.0,1435.449951171875,1305.9259033203125,6068968
2023-10-03,Infosys,1436.050048828125,1437.0,1420.300048828125,1434.0,1304.606689453125,4181867
2023-10-04,Infosys,1425.0,1449.949951171875,1418.199951171875,1444.3499755859375,1314.022705078125,4510406
2023-10-05,Infosys,1452.0,1475.6500244140625,1450.199951171875,1463.449951171875,1331.3992919921875,7384621
2023-10-06,Infosys,1469.5,1484.5,1463.300048828125,1478.699951171875,1345.2730712890625,3598672
2023-10-09,Infosys,1464.9000244140625,1491.0,1462.199951171875,1475.449951171875,1342.3165283203125,3567552
2023-10-10,Infosys,1483.9000244140625,1497.0,1469.0999755859375,1495.1500244140625,1360.239013671875,5688951
2023-10-11,Infosys,1497.0,1518.25,1481.449951171875,1494.4000244140625,1359.5567626953125,7220129
2023-10-12,Infosys,1491.9000244140625,1504.4000244140625,1452.0,1465.5,1333.2645263671875,11081662
2023-10-13,Infosys,1405.0,1438.0,1400.0,1431.1500244140625,1302.0137939453125,17973439
2023-10-16,Infosys,1432.0999755859375,1443.5999755859375,1430.0,1434.1500244140625,1304.7431640625,4850745
2023-10-17,Infosys,1440.25,1453.3499755859375,1438.050048828125,1442.449951171875,1312.294189453125,3923764
2023-10-18,Infosys,1442.0,1454.0,1438.3499755859375,1440.550048828125,1310.5657958984375,4264837
2023-10-19,Infosys,1426.0999755859375,1439.6500244140625,1426.0999755859375,1433.6500244140625,1304.288330078125,6795691
2023-10-20,Infosys,1430.0,1438.5,1425.25,1427.25,1298.4658203125,3928622
2023-10-23,Infosys,1425.5999755859375,1432.3499755859375,1405.25,1408.6500244140625,1281.544189453125,2636516
2023-10-25,Infosys,1399.0,1402.550048828125,1361.300048828125,1370.050048828125,1262.560302734375,6940777
2023-10-26,Infosys,1355.050048828125,1374.0,1353.0999755859375,1359.449951171875,1252.7918701171875,6357656
2023-10-27,Infosys,1363.6500244140625,1385.0,1363.6500244140625,1380.3499755859375,1272.0521240234375,4634358
2023-10-30,Infosys,1380.3499755859375,1380.3499755859375,1363.0999755859375,1377.050048828125,1269.0111083984375,2667696
2023-10-31,Infosys,1379.949951171875,1381.1500244140625,1363.0,1368.4000244140625,1261.039794921875,3451595
2023-11-01,Infosys,1373.050048828125,1377.449951171875,1351.6500244140625,1354.1500244140625,1247.9075927734375,3090672
2023-11-02,Infosys,1370.0,1376.300048828125,1361.6500244140625,1370.1500244140625,1262.6524658203125,3758060
2023-11-03,Infosys,1380.050048828125,1392.0,1377.75,1389.050048828125,1280.069580078125,3349045
2023-11-06,Infosys,1393.9000244140625,1407.25,1390.800048828125,1403.300048828125,1293.20166015625,2736381
2023-11-07,Infosys,1400.0,1405.9000244140625,1394.8499755859375,1404.300048828125,1294.1231689453125,2272209
2023-11-08,Infosys,1405.0,1405.0,1386.449951171875,1391.0,1281.866455078125,3550635
2023-11-09,Infosys,1395.9000244140625,1397.5,1370.050048828125,1374.800048828125,1266.9375,5498051
2023-11-10,Infosys,1369.949951171875,1373.1500244140625,1361.0,1368.8499755859375,1261.454345703125,2943649
2023-11-13,Infosys,1379.8499755859375,1382.449951171875,1370.8499755859375,1373.550048828125,1265.78564453125,3462092
2023-11-15,Infosys,1399.0,1414.0,1393.0,1410.5,1299.836669921875,8551860
2023-11-16,Infosys,1416.0999755859375,1453.4000244140625,1410.5999755859375,1444.9000244140625,1331.537841796875,6673907
2023-11-17,Infosys,1441.050048828125,1451.0,1435.050048828125,1437.550048828125,1324.7645263671875,4901251
2023-11-20,Infosys,1442.0,1452.0,1433.6500244140625,1436.5999755859375,1323.888916015625,3584210
2023-11-21,Infosys,1442.0,1450.0,1436.75,1439.0,1326.100830078125,3793135
2023-11-22,Infosys,1436.199951171875,1458.949951171875,1436.199951171875,1457.800048828125,1343.42578125,3108786
2023-11-23,Infosys,1467.9000244140625,1467.9000244140625,1447.699951171875,1449.25,1335.5465087890625,3186928
2023-11-24,Infosys,1445.550048828125,1452.6500244140625,1433.8499755859375,1437.4000244140625,1324.626220703125,2973195
2023-11-28,Infosys,1444.0,1445.0,1427.050048828125,1442.699951171875,1329.5103759765625,3755373
2023-11-29,Infosys,1451.0999755859375,1460.699951171875,1449.800048828125,1459.5999755859375,1345.08447265625,3875778
2023-11-30,Infosys,1453.25,1460.6500244140625,1449.550048828125,1455.1500244140625,1340.9835205078125,10120867
2023-12-01,Infosys,1459.9000244140625,1459.9000244140625,1446.1500244140625,1452.300048828125,1338.3572998046875,3489187
2023-12-04,Infosys,1460.449951171875,1471.9000244140625,1449.300048828125,1464.3499755859375,1349.4617919921875,5511948
2023-12-05,Infosys,1465.800048828125,1466.9000244140625,1442.0,1453.949951171875,1339.877685546875,5123039
2023-12-06,Infosys,1456.75,1477.0,1451.050048828125,1474.300048828125,1358.631103515625,5269178
2023-12-07,Infosys,1472.8499755859375,1472.8499755859375,1461.800048828125,1465.9000244140625,1350.8902587890625,4424453
2023-12-08,Infosys,1470.4000244140625,1494.699951171875,1466.25,1491.1500244140625,1374.1591796875,6323433
2023-12-11,Infosys,1490.0,1498.0,1482.0,1488.5,1371.717041015625,3862018
2023-12-12,Infosys,1477.5,1490.0,1467.6500244140625,1476.050048828125,1360.243896484375,6103494
2023-12-13,Infosys,1476.0,1476.050048828125,1433.1500244140625,1449.0,1335.316162109375,8549258
2023-12-14,Infosys,1463.4000244140625,1511.0,1461.3499755859375,1501.449951171875,1383.6510009765625,12489858
2023-12-15,Infosys,1523.050048828125,1588.550048828125,1521.0,1578.4000244140625,1454.5638427734375,18395389
2023-12-18,Infosys,1567.949951171875,1593.0,1560.300048828125,1564.3499755859375,1441.6160888671875,6467243
2023-12-19,Infosys,1570.0999755859375,1573.949951171875,1543.25,1558.300048828125,1436.0406494140625,4221721
2023-12-20,Infosys,1565.050048828125,1583.5,1530.0,1536.4000244140625,1415.8590087890625,6592367
2023-12-21,Infosys,1521.25,1546.6500244140625,1521.25,1536.0,1415.4903564453125,5319038
2023-12-22,Infosys,1534.949951171875,1566.0,1523.0,1562.9000244140625,1440.2799072265625,6741060
2023-12-26,Infosys,1535.0,1548.0,1523.0,1543.949951171875,1422.8165283203125,6878067
2023-12-27,Infosys,1544.0,1570.0,1544.0,1567.0999755859375,1444.150146484375,4225849
2023-12-28,Infosys,1568.949951171875,1568.949951171875,1555.0,1562.6500244140625,1440.049560546875,5702253
2023-12-29,Infosys,1541.050048828125,1559.449951171875,1540.0,1542.9000244140625,1421.8489990234375,4388990
2024-01-01,Infosys,1539.0,1557.0,1535.25,1551.3499755859375,1429.635986328125,2808451
2024-01-02,Infosys,1546.0,1549.1500244140625,1523.0,1534.4000244140625,1414.015869140625,5396313
2024-01-03,Infosys,1519.949951171875,1519.949951171875,1488.0,1490.0,1373.099365234375,7550363
2024-01-04,Infosys,1504.949951171875,1519.75,1492.9000244140625,1512.699951171875,1394.0184326171875,7056038
2024-01-05,Infosys,1506.75,1539.699951171875,1506.25,1532.550048828125,1412.3111572265625,8895403
2024-01-08,Infosys,1528.949951171875,1536.0,1513.25,1522.800048828125,1403.3260498046875,4440136
2024-01-09,Infosys,1541.9000244140625,1553.0,1525.8499755859375,1529.300048828125,1409.3160400390625,4412074
2024-01-10,Infosys,1524.949951171875,1535.449951171875,1505.0,1519.9000244140625,1400.653564453125,4096845
2024-01-11,Infosys,1524.9000244140625,1525.0,1486.5999755859375,1494.199951171875,1376.9698486328125,11296088
2024-01-12,Infosys,1562.0,1618.0,1555.4000244140625,1612.75,1486.2186279296875,26754401
2024-01-15,Infosys,1644.949951171875,1664.949951171875,1636.0,1652.0999755859375,1522.4815673828125,13228305
2024-01-16,Infosys,1644.800048828125,1648.5,1625.0,1631.550048828125,1503.5439453125,6500917
2024-01-17,Infosys,1620.25,1647.5,1620.25,1640.199951171875,1511.51513671875,9209876
2024-01-18,Infosys,1642.6500244140625,1649.0,1628.25,1642.5999755859375,1513.726806640625,6375464
2024-01-19,Infosys,1651.5999755859375,1665.5,1644.1500244140625,1659.199951171875,1529.0245361328125,4522736
2024-01-23,Infosys,1650.0999755859375,1674.699951171875,1637.699951171875,1642.1500244140625,1513.312255859375,9401255
2024-01-24,Infosys,1659.9000244140625,1680.0,1645.0,1675.4000244140625,1543.95361328125,8999681
2024-01-25,Infosys,1672.949951171875,1680.550048828125,1658.0,1669.0999755859375,1538.1478271484375,8865304
2024-01-29,Infosys,1665.1500244140625,1679.3499755859375,1647.5999755859375,1656.5999755859375,1526.6285400390625,4253785
2024-01-30,Infosys,1662.449951171875,1690.0,1648.25,1651.449951171875,1521.8824462890625,4995943
2024-01-31,Infosys,1648.25,1667.25,1638.0999755859375,1660.9000244140625,1530.5911865234375,6763779
2024-02-01,Infosys,1659.550048828125,1677.0,1650.3499755859375,1657.050048828125,1527.043212890625,5760011
2024-02-02,Infosys,1666.050048828125,1718.5,1665.0,1693.3499755859375,1560.4951171875,7858483
2024-02-05,Infosys,1694.75,1700.75,1681.8499755859375,1687.199951171875,1554.82763671875,3634135
2024-02-06,Infosys,1686.75,1733.0,1673.949951171875,1729.449951171875,1593.7628173828125,7694265
2024-02-07,Infosys,1729.0,1729.0,1686.8499755859375,1693.75,1560.86376953125,4613877
2024-02-08,Infosys,1698.0,1706.3499755859375,1682.800048828125,1692.0999755859375,1559.34326171875,5919715
2024-02-09,Infosys,1684.699951171875,1692.9000244140625,1659.800048828125,1669.3499755859375,1538.3782958984375,4600004
2024-02-12,Infosys,1670.3499755859375,1692.949951171875,1670.3499755859375,1680.0999755859375,1548.2847900390625,3555808
2024-02-13,Infosys,1683.0,1689.0999755859375,1663.5,1684.550048828125,1552.3856201171875,2696481
2024-02-14,Infosys,1660.199951171875,1669.449951171875,1635.5,1666.199951171875,1535.4752197265625,3768579
2024-02-15,Infosys,1677.0,1687.75,1661.5999755859375,1676.3499755859375,1544.8289794921875,4834391
2024-02-16,Infosys,1689.0,1709.0,1687.949951171875,1701.6500244140625,1568.1439208984375,4880654
2024-02-19,Infosys,1705.0,1711.5,1687.699951171875,1699.75,1566.3931884765625,3690993
2024-02-20,Infosys,1685.0,1694.25,1668.75,1685.25,1553.0306396484375,3706389
2024-02-21,Infosys,1674.0,1674.0,1645.300048828125,1655.550048828125,1525.660888671875,4300508
2024-02-22,Infosys,1665.0,1684.5999755859375,1644.4000244140625,1681.3499755859375,1549.4366455078125,5841277
2024-02-23,Infosys,1697.0,1698.449951171875,1671.9000244140625,1676.8499755859375,1545.2896728515625,5373072
2024-02-26,Infosys,1674.949951171875,1674.949951171875,1645.0,1660.1500244140625,1529.9000244140625,2782438
2024-02-27,Infosys,1661.0,1671.0999755859375,1652.800048828125,1663.5999755859375,1533.079345703125,5159088
2024-02-28,Infosys,1670.0,1687.800048828125,1662.050048828125,1671.25,1540.1290283203125,3188916
2024-02-29,Infosys,1665.0,1682.25,1653.300048828125,1673.9000244140625,1542.5711669921875,7814722
2024-03-01,Infosys,1669.0,1671.949951171875,1651.0,1654.699951171875,1524.87744140625,6387291
2024-03-04,Infosys,1657.8499755859375,1664.449951171875,1633.6500244140625,1637.199951171875,1508.7506103515625,4445156
2024-03-05,Infosys,1634.0,1637.3499755859375,1602.0,1606.5,1480.459228515625,4596579
2024-03-06,Infosys,1602.800048828125,1620.1500244140625,1576.0,1617.550048828125,1490.6424560546875,6420684
2024-03-07,Infosys,1616.5999755859375,1628.449951171875,1604.199951171875,1616.449951171875,1489.6285400390625,6348359
2024-03-11,Infosys,1608.1500244140625,1613.800048828125,1588.0,1600.5999755859375,1475.0220947265625,6752895
2024-03-12,Infosys,1600.0,1625.0,1597.6500244140625,1612.949951171875,1486.403076171875,4614222
2024-03-13,Infosys,1612.9000244140625,1624.5,1598.550048828125,1611.4000244140625,1484.9747314453125,5688997
2024-03-14,Infosys,1614.4000244140625,1657.75,1608.0,1653.300048828125,1523.58740234375,8803799
2024-03-15,Infosys,1641.0999755859375,1645.800048828125,1618.3499755859375,1634.0,1505.801513671875,11809997
2024-03-18,Infosys,1630.0,1632.6500244140625,1598.8499755859375,1602.6500244140625,1476.911376953125,4958904
2024-03-19,Infosys,1592.3499755859375,1599.0,1558.0,1561.449951171875,1438.9437255859375,6870411
2024-03-20,Infosys,1563.0,1574.949951171875,1552.3499755859375,1554.949951171875,1432.95361328125,4759059
2024-03-21,Infosys,1564.0,1576.949951171875,1543.4000244140625,1554.699951171875,1432.7232666015625,11062497
2024-03-22,Infosys,1521.0,1528.9000244140625,1498.199951171875,1508.8499755859375,1390.470458984375,14673890
2024-03-26,Infosys,1492.0,1507.449951171875,1487.9000244140625,1492.6500244140625,1375.54150390625,8351081
2024-03-27,Infosys,1496.0,1499.0,1481.550048828125,1483.8499755859375,1367.431884765625,6857402
2024-03-28,Infosys,1487.1500244140625,1511.800048828125,1487.1500244140625,1498.050048828125,1380.5179443359375,12499530
2024-04-01,Infosys,1525.0,1529.949951171875,1492.800048828125,1495.449951171875,1378.121826171875,6580002
2024-04-02,Infosys,1484.8499755859375,1493.1500244140625,1480.8499755859375,1482.8499755859375,1366.5103759765625,7279400
2024-04-03,Infosys,1479.0,1495.0999755859375,1475.0,1480.6500244140625,1364.4830322265625,8736248
2024-04-04,Infosys,1490.550048828125,1495.6500244140625,1468.0,1486.699951171875,1370.0582275390625,11186915
2024-04-05,Infosys,1480.050048828125,1486.699951171875,1476.050048828125,1479.0999755859375,1363.054443359375,5072482
2024-04-08,Infosys,1483.0,1490.949951171875,1474.0999755859375,1476.699951171875,1360.8428955078125,6610887
2024-04-09,Infosys,1490.0,1513.800048828125,1487.300048828125,1494.8499755859375,1377.56884765625,9423230
2024-04-10,Infosys,1500.3499755859375,1509.8499755859375,1484.550048828125,1506.800048828125,1388.581298828125,6744595
2024-04-12,Infosys,1504.0,1506.800048828125,1479.5,1484.75,1368.2611083984375,12275616
2024-04-15,Infosys,1480.0,1491.949951171875,1461.050048828125,1468.1500244140625,1352.9637451171875,8531224
2024-04-16,Infosys,1451.0,1455.1500244140625,1413.050048828125,1414.449951171875,1303.476806640625,16173541
2024-04-18,Infosys,1421.0999755859375,1444.699951171875,1407.5,1419.25,1307.9002685546875,22107945
2024-04-19,Infosys,1385.0,1426.8499755859375,1378.75,1411.25,1300.52783203125,20603621
2024-04-22,Infosys,1419.9000244140625,1436.8499755859375,1413.050048828125,1432.75,1320.341064453125,5859087
2024-04-23,Infosys,1443.0,1446.8499755859375,1433.0,1442.4000244140625,1329.2340087890625,4856174
2024-04-24,Infosys,1444.300048828125,1444.300048828125,1427.050048828125,1430.75,1318.497802734375,4268213
2024-04-25,Infosys,1420.0,1444.9000244140625,1420.0,1438.449951171875,1325.59375,9089398
2024-04-26,Infosys,1439.699951171875,1445.4000244140625,1427.0,1430.25,1318.0372314453125,8062444
2024-04-29,Infosys,1429.949951171875,1439.800048828125,1428.25,1434.75,1322.18408203125,5055957
2024-04-30,Infosys,1434.699951171875,1436.550048828125,1417.550048828125,1420.550048828125,1309.0982666015625,6936588
2024-05-02,Infosys,1413.0,1424.0,1411.8499755859375,1414.449951171875,1303.476806640625,10076354
2024-05-03,Infosys,1422.0999755859375,1424.800048828125,1403.199951171875,1416.300048828125,1305.1817626953125,8842345
2024-05-06,Infosys,1420.0,1445.699951171875,1417.0999755859375,1425.9000244140625,1314.0284423828125,6445422
2024-05-07,Infosys,1424.949951171875,1443.3499755859375,1415.5999755859375,1440.949951171875,1327.8975830078125,6080661
2024-05-08,Infosys,1435.25,1439.75,1425.5999755859375,1427.300048828125,1315.3187255859375,6234983
2024-05-09,Infosys,1427.550048828125,1449.949951171875,1424.8499755859375,1439.550048828125,1326.6075439453125,6088406
2024-05-10,Infosys,1435.050048828125,1435.949951171875,1413.0,1424.9000244140625,1313.10693359375,8777481
2024-05-13,Infosys,1425.0,1425.0,1411.199951171875,1423.449951171875,1311.7706298828125,3735954
2024-05-14,Infosys,1426.4000244140625,1433.75,1418.050048828125,1424.699951171875,1312.9224853515625,3463230
2024-05-15,Infosys,1426.0,1431.800048828125,1418.550048828125,1419.949951171875,1308.545166015625,4327544
2024-05-16,Infosys,1433.949951171875,1455.75,1427.0,1453.3499755859375,1339.3248291015625,9249145
2024-05-17,Infosys,1457.0,1457.0,1439.25,1444.300048828125,1330.98486328125,7542860
2024-05-21,Infosys,1430.0,1444.699951171875,1428.4000244140625,1434.1500244140625,1321.631103515625,6752663
2024-05-22,Infosys,1428.75,1459.949951171875,1428.0,1454.800048828125,1340.6610107421875,7173285
2024-05-23,Infosys,1454.699951171875,1478.1500244140625,1450.0,1472.4000244140625,1356.8802490234375,8641428
2024-05-24,Infosys,1468.25,1475.5,1460.0,1465.0999755859375,1350.15283203125,5277938
2024-05-27,Infosys,1471.8499755859375,1479.5999755859375,1460.25,1471.3499755859375,1355.91259765625,5821844
2024-05-28,Infosys,1475.5,1476.0,1460.300048828125,1467.050048828125,1351.9500732421875,6186922
2024-05-29,Infosys,1465.4000244140625,1465.5,1450.0,1450.949951171875,1337.113037109375,7401634
2024-05-30,Infosys,1442.800048828125,1449.8499755859375,1421.550048828125,1427.449951171875,1315.456787109375,9663150
2024-05-31,Infosys,1409.800048828125,1436.75,1400.0,1406.9000244140625,1322.4598388671875,37113815
2024-06-03,Infosys,1440.0,1440.0,1404.0,1405.9000244140625,1321.519775390625,10589244
2024-06-04,Infosys,1409.0,1415.0,1358.3499755859375,1393.6500244140625,1310.0050048828125,13736134
2024-06-05,Infosys,1400.1500244140625,1438.0,1400.1500244140625,1430.0999755859375,1344.2672119140625,9233424
2024-06-06,Infosys,1444.949951171875,1474.300048828125,1437.5,1472.25,1383.8875732421875,12660930
2024-06-07,Infosys,1481.0,1539.699951171875,1477.25,1533.5999755859375,1441.5552978515625,24075302
2024-06-10,Infosys,1525.300048828125,1529.800048828125,1497.300048828125,1499.75,1409.737060546875,6810606
2024-06-11,Infosys,1500.050048828125,1506.449951171875,1493.949951171875,1495.75,1405.97705078125,4853054
2024-06-12,Infosys,1507.0,1508.75,1482.75,1485.199951171875,1396.0601806640625,9564320
2024-06-13,Infosys,1495.0,1505.0,1489.3499755859375,1493.949951171875,1404.28515625,7307565
2024-06-14,Infosys,1503.699951171875,1503.699951171875,1486.050048828125,1488.9000244140625,1399.5382080078125,4237727
2024-06-18,Infosys,1497.0,1507.0,1495.4000244140625,1498.199951171875,1408.280029296875,5420939
2024-06-19,Infosys,1505.0,1515.6500244140625,1496.699951171875,1511.3499755859375,1420.6407470703125,5493456
2024-06-20,Infosys,1516.300048828125,1517.5,1499.0999755859375,1515.4000244140625,1424.4476318359375,7927010
2024-06-21,Infosys,1545.0,1557.75,1523.699951171875,1532.699951171875,1440.7093505859375,17301941
2024-06-24,Infosys,1524.550048828125,1529.0999755859375,1515.4000244140625,1527.1500244140625,1435.492431640625,5564989
2024-06-25,Infosys,1526.0,1543.9000244140625,1520.3499755859375,1541.949951171875,1449.404052734375,4551525
2024-06-26,Infosys,1541.0,1548.8499755859375,1535.0,1540.699951171875,1448.229248046875,4851004
2024-06-27,Infosys,1538.449951171875,1578.4000244140625,1532.050048828125,1573.3499755859375,1478.919677734375,14757754
2024-06-28,Infosys,1572.550048828125,1588.5,1564.25,1566.75,1472.7156982421875,8197544
2024-07-01,Infosys,1559.5,1599.9000244140625,1559.5,1590.800048828125,1495.3223876953125,6801771
2024-07-02,Infosys,1596.199951171875,1633.800048828125,1586.5,1621.050048828125,1523.7567138671875,10493173
2024-07-03,Infosys,1625.0,1636.0,1606.0,1627.4000244140625,1529.7255859375,7269965
2024-07-04,Infosys,1628.199951171875,1660.0,1628.0,1650.6500244140625,1551.5802001953125,8008311
2024-07-05,Infosys,1651.449951171875,1665.8499755859375,1633.3499755859375,1647.449951171875,1548.5721435546875,7065022
2024-07-08,Infosys,1643.0999755859375,1666.0,1640.0,1661.6500244140625,1561.9200439453125,5880533
2024-07-09,Infosys,1659.9000244140625,1666.75,1651.0,1657.1500244140625,1557.6900634765625,5191182
2024-07-10,Infosys,1657.0,1674.0,1637.550048828125,1648.25,1549.32421875,9852770
2024-07-11,Infosys,1656.0,1665.0,1642.050048828125,1652.699951171875,1553.5072021484375,8857679
2024-07-12,Infosys,1680.0,1719.75,1666.6500244140625,1711.75,1609.012939453125,17078316
2024-07-15,Infosys,1726.199951171875,1728.0,1702.6500244140625,1707.050048828125,1604.59521484375,6942230
2024-07-16,Infosys,1718.5999755859375,1737.9000244140625,1700.0,1726.050048828125,1622.4547119140625,6886281
2024-07-18,Infosys,1719.0,1765.4000244140625,1719.0,1758.050048828125,1652.5343017578125,11248896
2024-07-19,Infosys,1844.0,1844.0,1786.449951171875,1792.949951171875,1685.3394775390625,29819116
2024-07-22,Infosys,1800.1500244140625,1823.0,1792.949951171875,1810.8499755859375,1702.165283203125,8462126
2024-07-23,Infosys,1810.0,1839.949951171875,1783.25,1836.9000244140625,1726.65185546875,7113056
2024-07-24,Infosys,1837.5,1842.3499755859375,1819.5999755859375,1833.949951171875,1723.878662109375,6002845
2024-07-25,Infosys,1820.0,1830.9000244140625,1812.0,1824.8499755859375,1715.3248291015625,5815599
2024-07-26,Infosys,1825.3499755859375,1883.0,1825.3499755859375,1878.9000244140625,1766.1309814453125,11369047
2024-07-29,Infosys,1893.5999755859375,1903.0,1864.0,1871.0999755859375,1758.799072265625,4635931
2024-07-30,Infosys,1871.0999755859375,1879.949951171875,1860.0,1877.1500244140625,1764.486083984375,2721265
2024-07-31,Infosys,1877.0,1885.1500244140625,1865.050048828125,1868.25,1756.1201171875,5004209
2024-08-01,Infosys,1856.0999755859375,1867.9000244140625,1845.0999755859375,1852.5999755859375,1741.409423828125,7475014
2024-08-02,Infosys,1843.0,1859.5,1816.1500244140625,1821.199951171875,1711.893798828125,7400938
2024-08-05,Infosys,1784.949951171875,1797.5,1718.550048828125,1751.9000244140625,1646.7532958984375,10736703
2024-08-06,Infosys,1760.199951171875,1796.949951171875,1744.8499755859375,1751.0999755859375,1646.0013427734375,7690163
2024-08-07,Infosys,1796.0,1797.9000244140625,1762.0999755859375,1791.6500244140625,1684.11767578125,5094329
2024-08-08,Infosys,1779.949951171875,1779.949951171875,1727.0999755859375,1743.1500244140625,1638.5284423828125,6227910
2024-08-09,Infosys,1771.25,1780.75,1756.0,1770.75,1664.471923828125,4258524
2024-08-12,Infosys,1773.050048828125,1803.5,1768.0999755859375,1797.4000244140625,1689.5224609375,4315329
2024-08-13,Infosys,1810.0,1810.0,1789.050048828125,1797.449951171875,1689.5694580078125,4176918
2024-08-14,Infosys,1802.0,1825.0,1797.449951171875,1823.25,1713.821044921875,7450718
2024-08-16,Infosys,1850.0,1861.8499755859375,1829.5,1858.949951171875,1747.378173828125,7335657
2024-08-19,Infosys,1860.0,1867.550048828125,1849.199951171875,1864.800048828125,1752.8773193359375,2585989
2024-08-20,Infosys,1880.0,1885.699951171875,1868.199951171875,1872.199951171875,1759.8328857421875,3870333
2024-08-21,Infosys,1875.0999755859375,1879.0,1867.0999755859375,1872.699951171875,1760.302978515625,1966902
2024-08-22,Infosys,1884.0,1893.6500244140625,1869.699951171875,1880.25,1767.39990234375,4300287
2024-08-23,Infosys,1878.199951171875,1882.5999755859375,1857.0,1862.0999755859375,1750.339111328125,5015935
2024-08-26,Infosys,1870.0,1888.75,1864.0,1876.1500244140625,1763.546142578125,3728589
2024-08-27,Infosys,1876.1500244140625,1902.75,1873.9000244140625,1900.0999755859375,1786.0584716796875,3830679
2024-08-28,Infosys,1906.9000244140625,1951.0,1897.4000244140625,1939.0999755859375,1822.7177734375,6514531
2024-08-29,Infosys,1933.0,1950.5,1920.9000244140625,1933.3499755859375,1817.31298828125,7228284
2024-08-30,Infosys,1938.0,1950.0,1928.0,1943.699951171875,1827.041748046875,13466759
2024-09-02,Infosys,1943.3499755859375,1975.75,1942.800048828125,1964.5,1846.5933837890625,5573739
2024-09-03,Infosys,1967.0,1967.0,1936.449951171875,1941.25,1824.7388916015625,4694322
2024-09-04,Infosys,1921.0999755859375,1927.199951171875,1900.050048828125,1922.449951171875,1807.067138671875,4778310
2024-09-05,Infosys,1926.25,1940.0,1909.5999755859375,1933.1500244140625,1817.1248779296875,4081810
2024-09-06,Infosys,1922.0,1936.5,1896.8499755859375,1901.8499755859375,1787.7034912109375,5848106
2024-09-09,Infosys,1890.0,1920.8499755859375,1889.0,1894.6500244140625,1780.935791015625,4772612
2024-09-10,Infosys,1904.9000244140625,1935.0,1896.0,1912.300048828125,1797.5263671875,6909600
2024-09-11,Infosys,1914.699951171875,1926.0,1905.0,1910.1500244140625,1795.50537109375,5312946
2024-09-12,Infosys,1925.0,1956.4000244140625,1910.800048828125,1950.449951171875,1833.3865966796875,8555092
2024-09-13,Infosys,1950.449951171875,1958.5999755859375,1935.6500244140625,1944.0999755859375,1827.417724609375,3843127
2024-09-16,Infosys,1945.75,1952.0,1933.050048828125,1950.25,1833.1986083984375,1570181
2024-09-17,Infosys,1947.75,1958.449951171875,1942.1500244140625,1952.550048828125,1835.360595703125,2793127
2024-09-18,Infosys,1938.75,1938.75,1881.300048828125,1892.1500244140625,1778.585693359375,6385468
2024-09-19,Infosys,1910.5999755859375,1924.9000244140625,1878.800048828125,1894.199951171875,1780.5126953125,7976570
2024-09-20,Infosys,1905.0,1915.0,1867.4000244140625,1905.75,1791.3695068359375,15242974
2024-09-23,Infosys,1909.0,1918.9000244140625,1878.449951171875,1896.449951171875,1782.6275634765625,3636672
2024-09-24,Infosys,1888.0,1910.9000244140625,1871.4000244140625,1898.5999755859375,1784.6484375,7277616
2024-09-25,Infosys,1886.3499755859375,1901.5999755859375,1876.800048828125,1895.300048828125,1781.546630859375,4268341
2024-09-26,Infosys,1897.800048828125,1917.949951171875,1893.0,1900.25,1786.1995849609375,8952803
2024-09-27,Infosys,1932.0999755859375,1974.5999755859375,1903.300048828125,1906.75,1792.3094482421875,14908931
2024-09-30,Infosys,1880.0,1901.25,1870.5,1875.5999755859375,1763.029052734375,6986955
2024-10-01,Infosys,1875.0,1908.949951171875,1875.0,1904.3499755859375,1790.05322265625,4029072
2024-10-03,Infosys,1889.5,1911.8499755859375,1881.0,1893.4000244140625,1779.7606201171875,7503887
2024-10-04,Infosys,1889.550048828125,1954.0999755859375,1886.0,1918.1500244140625,1803.0252685546875,10001483
2024-10-07,Infosys,1923.199951171875,1942.0,1916.050048828125,1934.300048828125,1818.2059326171875,6112575
2024-10-08,Infosys,1937.9000244140625,1957.949951171875,1906.3499755859375,1948.550048828125,1831.6007080078125,5637391
2024-10-09,Infosys,1952.550048828125,1977.0,1945.0999755859375,1952.75,1835.548583984375,4857163
2024-10-10,Infosys,1957.9000244140625,1964.0,1914.0999755859375,1919.0,1803.8240966796875,4782119
2024-10-11,Infosys,1918.0,1947.0,1910.0999755859375,1935.0999755859375,1818.9578857421875,4709431
2024-10-14,Infosys,1932.1500244140625,1969.5,1931.0999755859375,1958.9000244140625,1841.329345703125,3751378
2024-10-15,Infosys,1960.0,1991.449951171875,1951.75,1959.300048828125,1841.70556640625,5353705
2024-10-16,Infosys,1955.0,1959.550048828125,1916.3499755859375,1920.0999755859375,1804.858154296875,3111512
2024-10-17,Infosys,1935.199951171875,1978.0,1930.1500244140625,1968.0999755859375,1849.9771728515625,8162822
2024-10-18,Infosys,1893.800048828125,1936.8499755859375,1869.25,1879.5999755859375,1766.7889404296875,10526196
2024-10-21,Infosys,1891.0999755859375,1898.800048828125,1838.0,1852.75,1741.5504150390625,4654601
2024-10-22,Infosys,1858.199951171875,1877.800048828125,1846.949951171875,1851.5999755859375,1740.4693603515625,4125240
2024-10-23,Infosys,1845.25,1886.0,1844.0,1873.4000244140625,1760.9610595703125,4311910
2024-10-24,Infosys,1861.4000244140625,1884.0,1860.0,1863.3499755859375,1751.5142822265625,2906475
2024-10-25,Infosys,1863.449951171875,1876.3499755859375,1846.4000244140625,1862.050048828125,1750.2923583984375,4689120
2024-10-28,Infosys,1859.699951171875,1881.9000244140625,1857.0,1865.3499755859375,1753.3941650390625,7018940
2024-10-29,Infosys,1846.0,1851.5999755859375,1829.0,1839.300048828125,1748.5933837890625,4621252
2024-10-30,Infosys,1832.0,1839.0,1796.3499755859375,1802.0999755859375,1713.2276611328125,5919715
2024-10-31,Infosys,1787.9000244140625,1787.9000244140625,1746.5,1757.25,1670.589599609375,7395236
2024-11-01,Infosys,1764.5,1766.0,1752.050048828125,1760.8499755859375,1674.0120849609375,371966
2024-11-04,Infosys,1724.5,1767.0,1718.0,1763.6500244140625,1676.6739501953125,7336722
2024-11-05,Infosys,1760.0,1768.449951171875,1745.0,1754.199951171875,1667.68994140625,3160880
2024-11-06,Infosys,1764.0,1827.199951171875,1762.6500244140625,1823.699951171875,1733.762451171875,10421494
2024-11-07,Infosys,1812.949951171875,1825.699951171875,1787.0,1803.050048828125,1714.131103515625,4550965
2024-11-08,Infosys,1818.0,1840.5999755859375,1813.1500244140625,1829.949951171875,1739.704345703125,4210960
2024-11-11,Infosys,1829.0,1868.0,1822.550048828125,1860.0999755859375,1768.367431640625,3804234
2024-11-12,Infosys,1871.0999755859375,1881.0,1861.0,1868.800048828125,1776.6385498046875,5012450
2024-11-13,Infosys,1861.0999755859375,1873.199951171875,1856.300048828125,1868.4000244140625,1776.2581787109375,4257495
2024-11-14,Infosys,1865.5999755859375,1876.0,1856.0,1864.550048828125,1772.5980224609375,4311431
2024-11-18,Infosys,1849.199951171875,1849.199951171875,1795.0,1811.449951171875,1722.1165771484375,4839244
2024-11-19,Infosys,1825.5,1859.699951171875,1820.550048828125,1824.75,1734.7607421875,4669769
2024-11-21,Infosys,1842.0,1867.0,1820.5999755859375,1834.050048828125,1743.602294921875,5436504
2024-11-22,Infosys,1854.0999755859375,1914.050048828125,1834.0,1902.25,1808.4388427734375,6301486
2024-11-25,Infosys,1916.0,1919.300048828125,1882.0,1889.699951171875,1796.507568359375,12764638
2024-11-26,Infosys,1904.949951171875,1938.5999755859375,1897.300048828125,1924.1500244140625,1829.2589111328125,6850495
2024-11-27,Infosys,1930.0999755859375,1941.4000244140625,1911.75,1924.5,1829.591552734375,4447143
2024-11-28,Infosys,1914.9000244140625,1914.9000244140625,1851.6500244140625,1856.6500244140625,1765.0875244140625,8468790
2024-11-29,Infosys,1851.0999755859375,1877.0,1845.0,1857.8499755859375,1766.2283935546875,5244346
2024-12-02,Infosys,1859.0,1882.800048828125,1835.199951171875,1879.800048828125,1787.095947265625,2868263
2024-12-03,Infosys,1887.0,1899.75,1871.1500244140625,1892.0999755859375,1798.789306640625,4715792
2024-12-04,Infosys,1884.0,1913.949951171875,1875.0,1889.25,1796.0799560546875,4705573
2024-12-05,Infosys,1900.0,1949.9000244140625,1888.949951171875,1934.8499755859375,1839.4310302734375,9050038
2024-12-06,Infosys,1932.800048828125,1937.949951171875,1912.4000244140625,1922.4000244140625,1827.594970703125,3573331
2024-12-09,Infosys,1924.199951171875,1930.199951171875,1897.199951171875,1923.6500244140625,1828.783447265625,4274645
2024-12-10,Infosys,1939.0,1965.5999755859375,1932.0,1948.550048828125,1852.45556640625,6174921
2024-12-11,Infosys,1955.0,1978.0,1952.0,1974.1500244140625,1876.79296875,5025612
2024-12-12,Infosys,1975.199951171875,1998.800048828125,1970.550048828125,1987.0,1889.0091552734375,6462130
2024-12-13,Infosys,1969.75,2006.449951171875,1953.800048828125,1999.699951171875,1901.0828857421875,5362693
2024-12-16,Infosys,1995.449951171875,1999.5999755859375,1977.5999755859375,1980.050048828125,1882.4019775390625,3119221
2024-12-17,Infosys,1968.0,1982.0,1958.0,1976.5999755859375,1879.1220703125,5811050
2024-12-18,Infosys,1966.800048828125,1984.949951171875,1961.5999755859375,1979.1500244140625,1881.5465087890625,3064095
2024-12-19,Infosys,1934.0,1959.75,1920.0,1946.199951171875,1850.2213134765625,5323592
2024-12-20,Infosys,1975.1500244140625,1979.949951171875,1911.25,1922.1500244140625,1827.357421875,11056720
2024-12-23,Infosys,1930.050048828125,1940.0,1909.0,1924.300048828125,1829.4014892578125,2781793
2024-12-24,Infosys,1927.050048828125,1942.0,1840.0,1909.050048828125,1814.903564453125,2360544
2024-12-26,Infosys,1909.050048828125,1919.75,1902.300048828125,1907.4000244140625,1813.3348388671875,3623321
2024-12-27,Infosys,1909.4000244140625,1924.1500244140625,1903.9000244140625,1916.75,1822.2237548828125,3937500
2024-12-30,Infosys,1915.699951171875,1916.0,1886.5,1906.0,1812.00390625,7789055
2024-12-31,Infosys,1892.300048828125,1897.0,1845.050048828125,1880.0,1787.2860107421875,3613063
2025-01-01,Infosys,1874.0,1892.949951171875,1874.0,1882.5,1789.6627197265625,1838368
2025-01-02,Infosys,1887.0,1962.6500244140625,1885.300048828125,1957.8499755859375,1861.2967529296875,7083645
2025-01-03,Infosys,1952.949951171875,1952.949951171875,1922.0,1938.75,1843.1387939453125,6218003
2025-01-06,Infosys,1952.0,1973.0,1928.0,1937.8499755859375,1842.2830810546875,7164403
2025-01-07,Infosys,1945.0,1958.550048828125,1923.6500244140625,1930.8499755859375,1835.6282958984375,4294832
2025-01-08,Infosys,1930.0,1938.5999755859375,1888.75,1933.1500244140625,1837.81494140625,5482050
2025-01-09,Infosys,1934.050048828125,1951.8499755859375,1910.550048828125,1917.300048828125,1822.74658203125,6833503
2025-01-10,Infosys,1937.0,1977.800048828125,1932.25,1966.949951171875,1869.947998046875,8036913
2025-01-13,Infosys,1956.0,1982.800048828125,1949.0,1962.199951171875,1865.4322509765625,5804152
2025-01-14,Infosys,1968.8499755859375,1971.800048828125,1931.0999755859375,1940.050048828125,1844.374755859375,5792162
2025-01-15,Infosys,1947.0,1958.050048828125,1937.0999755859375,1949.6500244140625,1853.501220703125,2985439
2025-01-16,Infosys,1965.949951171875,1966.949951171875,1916.8499755859375,1928.449951171875,1833.3466796875,7533579
2025-01-17,Infosys,1851.0,1858.0,1812.0,1815.449951171875,1725.9193115234375,16409953
2025-01-20,Infosys,1822.949951171875,1827.949951171875,1793.1500244140625,1813.300048828125,1723.87548828125,4333011
2025-01-21,Infosys,1819.050048828125,1831.6500244140625,1793.050048828125,1800.699951171875,1711.896728515625,7169109
2025-01-22,Infosys,1807.4000244140625,1865.800048828125,1805.1500244140625,1856.449951171875,1764.8974609375,8373913
2025-01-23,Infosys,1858.0,1879.550048828125,1852.699951171875,1865.449951171875,1773.4534912109375,5907471
2025-01-24,Infosys,1865.5,1894.9000244140625,1864.25,1875.449951171875,1782.96044921875,4887027
2025-01-27,Infosys,1848.75,1863.0,1812.0,1822.0,1732.1463623046875,7652371
2025-01-28,Infosys,1830.0,1863.5,1824.9000244140625,1829.75,1739.5142822265625,6999495
2025-01-29,Infosys,1845.0,1888.6500244140625,1840.5,1881.25,1788.474365234375,5145155
2025-01-30,Infosys,1873.1500244140625,1887.199951171875,1844.0,1859.949951171875,1768.224853515625,7336056
2025-01-31,Infosys,1871.0,1897.449951171875,1871.0,1879.800048828125,1787.095947265625,5820470
2025-02-01,Infosys,1880.300048828125,1890.5999755859375,1846.0,1851.3499755859375,1760.0489501953125,1701402
2025-02-03,Infosys,1836.0,1876.550048828125,1832.4000244140625,1863.300048828125,1771.40966796875,4823228
2025-02-04,Infosys,1889.0,1911.199951171875,1875.0,1898.800048828125,1805.158935546875,7334787
2025-02-05,Infosys,1906.0,1919.699951171875,1894.300048828125,1897.050048828125,1803.495361328125,4996744
2025-02-06,Infosys,1917.0,1924.0,1900.0,1915.6500244140625,1821.177978515625,4765255
2025-02-07,Infosys,1919.300048828125,1923.699951171875,1889.449951171875,1903.6500244140625,1809.769775390625,4126260
2025-02-10,Infosys,1905.0,1905.0,1878.5999755859375,1880.300048828125,1787.5712890625,3828734
2025-02-11,Infosys,1883.0999755859375,1903.0,1870.0,1875.6500244140625,1783.1505126953125,4411601
2025-02-12,Infosys,1885.0,1894.5999755859375,1847.0,1863.1500244140625,1771.2669677734375,5633947
2025-02-13,Infosys,1868.5,1873.5,1835.6500244140625,1843.25,1752.348388671875,5237744
2025-02-14,Infosys,1854.0,1859.300048828125,1828.3499755859375,1856.4000244140625,1764.849853515625,5292961
2025-02-17,Infosys,1838.550048828125,1852.75,1822.1500244140625,1842.300048828125,1751.4453125,4428956
2025-02-18,Infosys,1842.300048828125,1861.6500244140625,1837.5999755859375,1851.949951171875,1760.619384765625,4365260
2025-02-19,Infosys,1847.4000244140625,1849.199951171875,1805.9000244140625,1810.800048828125,1721.498779296875,4611411
2025-02-20,Infosys,1805.550048828125,1831.0,1805.550048828125,1825.1500244140625,1735.14111328125,2218020
2025-02-21,Infosys,1821.800048828125,1829.8499755859375,1806.199951171875,1815.0,1725.4915771484375,3379879
2025-02-24,Infosys,1800.050048828125,1808.0,1750.25,1764.0999755859375,1677.101806640625,7594720
2025-02-25,Infosys,1745.1500244140625,1778.449951171875,1745.1500244140625,1767.699951171875,1680.524169921875,5092963
2025-02-27,Infosys,1755.199951171875,1775.8499755859375,1751.0999755859375,1764.300048828125,1677.2919921875,5757079
2025-02-28,Infosys,1755.050048828125,1755.0999755859375,1682.449951171875,1687.699951171875,1604.4696044921875,12182167
2025-03-03,Infosys,1692.300048828125,1728.5999755859375,1692.300048828125,1708.5999755859375,1624.3388671875,7504969
2025-03-04,Infosys,1695.0,1699.0,1670.0,1688.300048828125,1605.0399169921875,6759673
2025-03-05,Infosys,1692.449951171875,1732.949951171875,1692.449951171875,1711.5,1627.0958251953125,8180782
2025-03-06,Infosys,1715.0,1722.300048828125,1691.0999755859375,1715.8499755859375,1631.231201171875,10610547
2025-03-07,Infosys,1703.0999755859375,1705.0,1675.5,1686.0,1602.853271484375,8019331
2025-03-10,Infosys,1686.0,1719.0,1676.199951171875,1701.449951171875,1617.5413818359375,7558981
2025-03-11,Infosys,1680.0,1680.0,1637.050048828125,1661.5999755859375,1579.6566162109375,12671234
2025-03-12,Infosys,1636.9000244140625,1636.9000244140625,1563.800048828125,1590.8499755859375,1512.3956298828125,14870008
2025-03-13,Infosys,1599.25,1606.050048828125,1570.300048828125,1579.8499755859375,1501.938232421875,7822888
2025-03-17,Infosys,1545.1500244140625,1594.0,1545.1500244140625,1590.050048828125,1511.63525390625,7526032
2025-03-18,Infosys,1590.050048828125,1590.050048828125,1590.050048828125,1590.050048828125,1511.63525390625,0
2025-03-19,Infosys,1603.0,1603.0,1572.800048828125,1586.550048828125,1508.307861328125,7387068
2025-03-20,Infosys,1592.0,1631.9000244140625,1592.0,1615.550048828125,1535.8778076171875,7186750
2025-03-21,Infosys,1577.949951171875,1603.9000244140625,1563.6500244140625,1592.550048828125,1514.011962890625,10074677
2025-03-24,Infosys,1597.949951171875,1607.0999755859375,1572.699951171875,1592.75,1514.2021484375,8857726
2025-03-25,Infosys,1605.0,1636.1500244140625,1605.0,1628.449951171875,1548.1414794921875,9890140
2025-03-26,Infosys,1626.0,1637.75,1595.0,1599.449951171875,1520.571533203125,6651302
2025-03-27,Infosys,1595.550048828125,1619.949951171875,1586.0,1603.550048828125,1524.469482421875,9426573
2025-03-28,Infosys,1590.0,1598.449951171875,1560.0,1570.6500244140625,1493.19189453125,6799047
2025-04-01,Infosys,1539.25,1547.4000244140625,1517.8499755859375,1526.5,1451.21923828125,12680733
2025-04-02,Infosys,1535.199951171875,1555.6500244140625,1535.199951171875,1550.1500244140625,1473.7030029296875,6193478
2025-04-03,Infosys,1534.6500244140625,1534.6500244140625,1485.050048828125,1496.5,1422.69873046875,10459504
2025-04-04,Infosys,1460.5,1472.0,1448.0,1451.6500244140625,1380.0606689453125,9590254
2025-04-07,Infosys,1352.0,1405.9000244140625,1307.0,1396.75,1327.8680419921875,21715252
2025-04-08,Infosys,1431.0,1456.5,1415.0,1428.800048828125,1358.3375244140625,12805001
2025-04-09,Infosys,1405.050048828125,1409.449951171875,1381.9000244140625,1403.699951171875,1334.4752197265625,8546854
2025-04-11,Infosys,1411.25,1438.800048828125,1397.050048828125,1409.449951171875,1339.941650390625,12567440
2025-04-15,Infosys,1445.5999755859375,1447.699951171875,1409.0,1426.0,1355.675537109375,10178530
2025-04-16,Infosys,1425.0,1427.5,1396.800048828125,1413.0999755859375,1343.4117431640625,12022740
2025-04-17,Infosys,1398.0,1429.800048828125,1378.300048828125,1419.5,1349.49609375,14264227
2025-04-21,Infosys,1410.0,1471.800048828125,1410.0,1451.0,1379.442626953125,15648970
2025-04-22,Infosys,1440.0,1440.0,1419.300048828125,1422.800048828125,1352.6334228515625,9399738
2025-04-23,Infosys,1446.0,1487.800048828125,1439.5999755859375,1474.9000244140625,1402.1640625,11136642
2025-04-24,Infosys,1469.9000244140625,1482.9000244140625,1461.5,1471.4000244140625,1398.836669921875,7114292
2025-04-25,Infosys,1475.5,1501.699951171875,1463.5,1480.199951171875,1407.2025146484375,8329979
2025-04-28,Infosys,1480.199951171875,1489.5999755859375,1465.300048828125,1482.0999755859375,1409.0087890625,5886253
2025-04-29,Infosys,1482.0,1509.800048828125,1474.0999755859375,1497.5,1423.6494140625,8056743
2025-04-30,Infosys,1496.800048828125,1508.800048828125,1482.5999755859375,1500.0999755859375,1426.1212158203125,7704183
2025-05-02,Infosys,1499.699951171875,1523.199951171875,1496.199951171875,1506.9000244140625,1432.5858154296875,7402310
2025-05-05,Infosys,1515.0,1523.0,1502.800048828125,1508.5999755859375,1434.2020263671875,4282493
2025-05-06,Infosys,1506.0,1515.5999755859375,1499.0999755859375,1511.5,1436.958984375,4270530
2025-05-07,Infosys,1500.0,1518.800048828125,1496.5999755859375,1508.300048828125,1433.9168701171875,5691799
2025-05-08,Infosys,1508.0,1516.5,1501.199951171875,1511.4000244140625,1436.8638916015625,8424409
2025-05-09,Infosys,1500.699951171875,1511.4000244140625,1494.0999755859375,1507.5999755859375,1433.2513427734375,4478653
2025-05-12,Infosys,1537.0,1632.0,1532.0,1626.9000244140625,1546.6678466796875,11372857
2025-05-13,Infosys,1609.0,1612.199951171875,1564.5999755859375,1568.5999755859375,1491.242919921875,12846210
2025-05-14,Infosys,1574.0,1595.0,1569.5,1592.4000244140625,1513.869384765625,4870057
2025-05-15,Infosys,1589.800048828125,1618.5999755859375,1571.0,1613.0,1533.4534912109375,11151167
2025-05-16,Infosys,1612.5999755859375,1612.5999755859375,1581.5,1589.9000244140625,1511.49267578125,4576751
2025-05-19,Infosys,1576.5,1585.0,1555.699951171875,1559.800048828125,1482.8770751953125,8855798
2025-05-20,Infosys,1570.0,1583.5,1558.0,1560.5999755859375,1483.6375732421875,7143998
2025-05-21,Infosys,1567.9000244140625,1571.0,1552.0999755859375,1568.5,1491.1480712890625,4157309
2025-05-22,Infosys,1555.5,1560.800048828125,1540.0,1547.5,1471.18359375,6158990
2025-05-23,Infosys,1550.0,1587.199951171875,1550.0,1564.800048828125,1487.6304931640625,5038421
2025-05-26,Infosys,1566.5999755859375,1583.800048828125,1562.699951171875,1580.5,1502.55615234375,3170102
2025-05-27,Infosys,1579.9000244140625,1582.9000244140625,1556.4000244140625,1570.0999755859375,1492.6690673828125,7775714
2025-05-28,Infosys,1581.0,1587.699951171875,1570.0,1571.800048828125,1494.2852783203125,3623370
2025-05-29,Infosys,1589.0,1608.9000244140625,1576.5999755859375,1585.5999755859375,1507.404541015625,8609500
2025-05-30,Infosys,1571.0,1572.0,1555.0999755859375,1562.699951171875,1506.5369873046875,13148092
2025-06-02,Infosys,1560.0,1560.0,1539.0,1553.800048828125,1497.9569091796875,4374509
2025-06-03,Infosys,1559.0,1567.300048828125,1535.5999755859375,1543.0,1487.5450439453125,6853403
2025-06-04,Infosys,1543.0,1557.300048828125,1541.4000244140625,1551.199951171875,1495.4503173828125,4548307
2025-06-05,Infosys,1547.9000244140625,1567.699951171875,1541.5999755859375,1554.300048828125,1498.43896484375,6948539
2025-06-06,Infosys,1554.699951171875,1568.9000244140625,1543.0999755859375,1563.800048828125,1507.5975341796875,3960020
2025-06-09,Infosys,1578.0,1588.0,1571.0,1572.9000244140625,1516.3704833984375,2903202
2025-06-10,Infosys,1584.0,1607.5,1577.5,1596.0,1538.6402587890625,8591925
2025-06-11,Infosys,1590.0999755859375,1634.5999755859375,1590.0999755859375,1631.0999755859375,1572.4786376953125,10597410
2025-06-12,Infosys,1617.0,1628.0,1598.0999755859375,1608.5999755859375,1550.7874755859375,10483574
2025-06-13,Infosys,1576.0,1609.0,1570.199951171875,1602.0,1544.4246826171875,6968315
2025-06-16,Infosys,1600.0,1634.800048828125,1597.0999755859375,1623.800048828125,1565.441162109375,5591842
2025-06-17,Infosys,1620.699951171875,1647.4000244140625,1615.5999755859375,1639.9000244140625,1580.962646484375,7622083
2025-06-18,Infosys,1621.0,1644.699951171875,1621.0,1632.9000244140625,1574.214111328125,5629707
2025-06-19,Infosys,1623.9000244140625,1630.0,1611.5,1618.4000244140625,1560.2352294921875,5147760
2025-06-20,Infosys,1619.0,1630.699951171875,1608.9000244140625,1622.9000244140625,1564.573486328125,9202821
2025-06-23,Infosys,1601.0,1601.0,1575.4000244140625,1584.0,1527.071533203125,7943676
2025-06-24,Infosys,1601.0,1609.0,1576.5999755859375,1581.5999755859375,1524.7576904296875,8083992
2025-06-25,Infosys,1590.0,1619.9000244140625,1585.0999755859375,1614.9000244140625,1556.8609619140625,7813533
2025-06-26,Infosys,1608.800048828125,1624.0,1606.5999755859375,1616.0,1557.9215087890625,6519233
2025-06-27,Infosys,1619.0,1629.5999755859375,1602.4000244140625,1608.0,1550.208984375,8912268
2025-06-30,Infosys,1615.0,1615.0,1594.0999755859375,1601.800048828125,1544.2318115234375,6294505
2025-07-01,Infosys,1609.0,1617.699951171875,1600.5,1606.800048828125,1549.0521240234375,4178937
2025-07-02,Infosys,1618.0,1649.0,1603.4000244140625,1610.5,1552.619140625,8653641
2025-07-03,Infosys,1618.5,1632.4000244140625,1615.0,1618.699951171875,1560.5244140625,5259695
2025-07-04,Infosys,1625.0,1643.4000244140625,1612.300048828125,1640.699951171875,1581.7337646484375,4411273
2025-07-07,Infosys,1640.0,1644.0,1623.0,1627.0,1568.526123046875,3294523
2025-07-08,Infosys,1628.0,1646.199951171875,1621.5,1638.699951171875,1579.8056640625,4590681
2025-07-09,Infosys,1637.800048828125,1638.0,1623.5999755859375,1633.699951171875,1574.9852294921875,4580828
2025-07-10,Infosys,1638.9000244140625,1638.9000244140625,1607.0999755859375,1615.800048828125,1557.7286376953125,5330179
2025-07-11,Infosys,1579.0999755859375,1607.0999755859375,1563.0,1594.9000244140625,1537.579833984375,11391755
2025-07-14,Infosys,1591.800048828125,1591.800048828125,1559.800048828125,1570.300048828125,1513.8638916015625,9173426
2025-07-15,Infosys,1565.0999755859375,1603.5999755859375,1564.0,1585.5999755859375,1528.614013671875,7614807
2025-07-16,Infosys,1579.0,1612.0,1578.5,1607.9000244140625,1550.112548828125,6223491
2025-07-17,Infosys,1598.0,1610.0,1580.0999755859375,1583.5,1526.5894775390625,7374814
2025-07-18,Infosys,1592.0999755859375,1599.300048828125,1580.0,1586.0999755859375,1529.0960693359375,5161833
2025-07-21,Infosys,1580.0,1589.0,1566.800048828125,1584.300048828125,1527.36083984375,3682661
2025-07-22,Infosys,1565.0,1585.800048828125,1565.0,1570.9000244140625,1514.4423828125,8473741
2025-07-23,Infosys,1576.300048828125,1591.9000244140625,1550.0,1574.5,1517.9129638671875,8035026
2025-07-24,Infosys,1580.0,1582.0,1548.199951171875,1552.5,1496.70361328125,14169664
2025-07-25,Infosys,1543.4000244140625,1549.5,1511.300048828125,1515.699951171875,1461.2261962890625,10851259
2025-07-28,Infosys,1513.9000244140625,1519.300048828125,1482.5,1516.0,1461.515380859375,6439855
2025-07-29,Infosys,1512.9000244140625,1517.199951171875,1496.0999755859375,1513.699951171875,1459.2979736328125,7070448
2025-07-30,Infosys,1519.9000244140625,1521.699951171875,1506.0,1519.0,1464.40771484375,5719051
2025-07-31,Infosys,1509.699951171875,1527.0999755859375,1497.0,1509.0,1454.76708984375,6851407
2025-08-01,Infosys,1493.9000244140625,1498.699951171875,1465.5,1469.5999755859375,1416.782958984375,8702978
2025-08-04,Infosys,1461.5,1482.800048828125,1451.0,1480.5,1427.291259765625,8610216
2025-08-05,Infosys,1478.699951171875,1478.699951171875,1455.0,1460.300048828125,1407.8173828125,10213323
2025-08-06,Infosys,1452.0,1456.0999755859375,1430.300048828125,1436.699951171875,1385.0654296875,10566934
2025-08-07,Infosys,1430.0,1442.0,1414.199951171875,1436.9000244140625,1385.25830078125,9892020
2025-08-08,Infosys,1425.0,1433.199951171875,1417.0999755859375,1423.0999755859375,1371.9542236328125,10048009
2025-08-11,Infosys,1419.9000244140625,1433.4000244140625,1414.0,1428.199951171875,1376.8709716796875,6625368
2025-08-12,Infosys,1428.199951171875,1441.0,1421.0,1424.0999755859375,1372.918212890625,9899184
2025-08-13,Infosys,1425.0,1434.0,1422.4000244140625,1426.5999755859375,1375.328369140625,10318063
2025-08-14,Infosys,1426.199951171875,1470.0,1426.199951171875,1447.699951171875,1395.6700439453125,12902347
2025-08-18,Infosys,1464.699951171875,1464.699951171875,1429.5999755859375,1435.800048828125,1384.1978759765625,7254561
2025-08-19,Infosys,1432.699951171875,1449.4000244140625,1432.699951171875,1440.0,1388.246826171875,3986094
2025-08-20,Infosys,1440.699951171875,1499.0,1440.699951171875,1496.199951171875,1442.427001953125,10413061
2025-08-21,Infosys,1508.0,1508.0,1484.300048828125,1496.4000244140625,1442.619873046875,6565539
2025-08-22,Infosys,1498.0999755859375,1504.300048828125,1486.0999755859375,1487.5,1434.0396728515625,5543397
2025-08-25,Infosys,1506.699951171875,1539.0,1506.699951171875,1532.0999755859375,1477.0367431640625,10694531
2025-08-26,Infosys,1523.0,1538.4000244140625,1518.5999755859375,1529.5999755859375,1474.6265869140625,15994798
2025-08-28,Infosys,1529.5999755859375,1529.5999755859375,1498.0,1500.0999755859375,1446.1868896484375,5443364
2025-08-29,Infosys,1501.9000244140625,1501.9000244140625,1467.699951171875,1469.5999755859375,1416.782958984375,8169075
2025-09-01,Infosys,1476.699951171875,1503.4000244140625,1476.199951171875,1499.4000244140625,1445.511962890625,4546057
2025-09-02,Infosys,1499.4000244140625,1512.800048828125,1486.300048828125,1498.699951171875,1444.837158203125,5218763
2025-09-03,Infosys,1500.0,1501.9000244140625,1473.0,1479.0999755859375,1425.941650390625,4623483
2025-09-04,Infosys,1484.0,1484.0,1460.0999755859375,1463.0,1410.420166015625,5787724
2025-09-05,Infosys,1470.0,1472.699951171875,1433.0,1444.5999755859375,1392.6815185546875,5466487
2025-09-08,Infosys,1451.0,1458.0,1428.300048828125,1432.9000244140625,1381.4019775390625,3811567
2025-09-09,Infosys,1481.0,1507.199951171875,1472.5,1504.300048828125,1450.2359619140625,13072640
2025-09-10,Infosys,1510.0999755859375,1534.9000244140625,1509.300048828125,1532.5999755859375,1477.518798828125,7281071
2025-09-11,Infosys,1523.9000244140625,1527.5,1506.5,1509.699951171875,1455.4417724609375,8003662
2025-09-12,Infosys,1537.0,1542.9000244140625,1521.0999755859375,1525.5999755859375,1470.7703857421875,12856963
2025-09-15,Infosys,1525.5999755859375,1527.5,1501.199951171875,1508.4000244140625,1454.1885986328125,6167414
2025-09-16,Infosys,1508.4000244140625,1514.0,1503.5,1511.300048828125,1456.9844970703125,8923112
2025-09-17,Infosys,1516.9000244140625,1526.699951171875,1514.0,1522.4000244140625,1467.685546875,4795698
2025-09-18,Infosys,1550.0,1555.0,1538.5,1540.5999755859375,1485.2313232421875,9331945
2025-09-19,Infosys,1544.5999755859375,1551.300048828125,1520.0999755859375,1540.199951171875,1484.845703125,12988129
2025-09-22,Infosys,1482.699951171875,1514.699951171875,1482.0,1499.5,1445.6083984375,15655204
2025-09-23,Infosys,1493.0,1513.0,1493.0,1497.5,1443.6802978515625,9832164
2025-09-24,Infosys,1487.199951171875,1496.699951171875,1482.699951171875,1494.5999755859375,1440.884521484375,4937004
2025-09-25,Infosys,1489.0,1502.699951171875,1476.5,1484.800048828125,1431.4368896484375,9491867
2025-09-26,Infosys,1475.0,1478.699951171875,1441.199951171875,1448.9000244140625,1396.8270263671875,8597058
2025-09-29,Infosys,1460.0,1465.0,1436.5,1441.800048828125,1389.982177734375,10513117
2025-09-30,Infosys,1443.0,1452.199951171875,1438.0999755859375,1441.800048828125,1389.982177734375,7556305
2025-10-01,Infosys,1446.0,1449.5,1427.4000244140625,1445.800048828125,1393.8385009765625,6250692
2025-10-03,Infosys,1439.0,1448.300048828125,1433.199951171875,1446.5999755859375,1394.609619140625,6877533
2025-10-06,Infosys,1446.5999755859375,1478.800048828125,1442.300048828125,1476.0,1422.9530029296875,4630590
2025-10-07,Infosys,1477.699951171875,1482.9000244140625,1454.0,1458.5,1406.0819091796875,5570320
2025-10-08,Infosys,1457.0,1498.0,1455.0,1495.0,1441.2701416015625,4657192
2025-10-09,Infosys,1502.0,1514.0,1487.0,1509.300048828125,1455.0562744140625,7028753
2025-10-10,Infosys,1510.0,1521.699951171875,1498.800048828125,1514.9000244140625,1460.4549560546875,3738353
2025-10-13,Infosys,1497.0,1504.699951171875,1483.4000244140625,1493.199951171875,1439.5347900390625,5859355
2025-10-14,Infosys,1499.0,1514.4000244140625,1486.5,1489.9000244140625,1436.353515625,5600789
2025-10-15,Infosys,1483.9000244140625,1488.5999755859375,1467.5,1474.4000244140625,1421.4105224609375,6986098
2025-10-16,Infosys,1473.9000244140625,1474.5,1460.5,1471.5,1418.61474609375,8005748
2025-10-17,Infosys,1454.9000244140625,1458.4000244140625,1434.0,1441.0999755859375,1389.3072509765625,16959378
2025-10-20,Infosys,1453.699951171875,1467.0,1450.0,1460.9000244140625,1408.395751953125,6994246
2025-10-21,Infosys,1478.0,1486.0,1470.0,1472.4000244140625,1419.482421875,1698704
2025-10-23,Infosys,1510.0,1546.0,1506.0,1528.5,1473.566162109375,20358624
2025-10-24,Infosys,1539.5,1543.0,1518.0,1525.4000244140625,1470.57763671875,8652257
2025-10-27,Infosys,1510.0,1515.300048828125,1498.0999755859375,1504.5,1472.633056640625,7273211
2025-10-28,Infosys,1499.699951171875,1506.5,1490.5,1500.199951171875,1468.4241943359375,8211019
2025-10-29,Infosys,1500.199951171875,1520.199951171875,1496.9000244140625,1510.4000244140625,1478.408203125,4884976
2025-10-30,Infosys,1507.0,1508.199951171875,1489.0999755859375,1493.800048828125,1462.1597900390625,5608867
2025-10-31,Infosys,1490.0,1497.0999755859375,1480.699951171875,1482.300048828125,1450.9034423828125,4819814
2025-11-03,Infosys,1482.300048828125,1491.4000244140625,1474.199951171875,1485.5,1454.0355224609375,5470600
2025-11-04,Infosys,1479.699951171875,1481.9000244140625,1462.9000244140625,1467.9000244140625,1436.808349609375,8691330
2025-11-06,Infosys,1478.5999755859375,1483.0,1461.9000244140625,1466.699951171875,1435.6336669921875,7944752
2025-11-07,Infosys,1470.0,1480.9000244140625,1449.0999755859375,1476.800048828125,1445.5198974609375,8765759
2025-11-10,Infosys,1490.0999755859375,1520.0,1490.0,1513.5,1481.4425048828125,9787975
2025-11-11,Infosys,1525.0,1533.4000244140625,1511.0999755859375,1530.300048828125,1497.88671875,13692989
2025-11-12,Infosys,1540.0,1559.199951171875,1538.0999755859375,1551.699951171875,1518.8333740234375,14635417
2025-11-13,Infosys,1557.0999755859375,1557.5,1530.300048828125,1541.800048828125,1509.14306640625,19655689
2025-11-14,Infosys,1520.0,1530.0,1488.800048828125,1502.800048828125,1470.9691162109375,9739549
2025-11-17,Infosys,1496.0,1510.199951171875,1492.5,1507.5999755859375,1475.66748046875,7910354
2025-11-18,Infosys,1506.0,1506.0,1483.199951171875,1486.4000244140625,1454.91650390625,7525119
2025-11-19,Infosys,1490.5,1543.0,1490.5,1541.0999755859375,1508.4578857421875,10981126
2025-11-20,Infosys,1555.0,1555.0,1534.0,1536.5,1503.955322265625,7387584
2025-11-21,Infosys,1531.0,1551.5,1526.300048828125,1545.0,1512.2752685546875,9186302
2025-11-24,Infosys,1563.5999755859375,1585.0,1541.0,1548.0,1515.2117919921875,19270381
2025-11-25,Infosys,1549.0,1550.5999755859375,1525.9000244140625,1530.5999755859375,1498.1802978515625,8107952
2025-11-26,Infosys,1532.0999755859375,1560.300048828125,1532.0999755859375,1557.9000244140625,1524.902099609375,7575038
2025-11-27,Infosys,1564.0,1574.300048828125,1552.199951171875,1566.4000244140625,1533.2220458984375,7552252
2025-11-28,Infosys,1565.0,1568.4000244140625,1557.0,1560.0999755859375,1527.055419921875,4453221
2025-12-01,Infosys,1562.5,1574.0,1556.0,1564.0,1530.872802734375,5341800
2025-12-02,Infosys,1567.0,1579.9000244140625,1556.0999755859375,1561.0,1527.9364013671875,6335969
2025-12-03,Infosys,1555.0999755859375,1586.0,1554.0999755859375,1578.699951171875,1545.261474609375,12895312
2025-12-04,Infosys,1568.0,1599.0,1568.0,1597.5999755859375,1563.7611083984375,12609619
2025-12-05,Infosys,1610.0,1631.800048828125,1600.0,1616.199951171875,1581.9671630859375,10344725
2025-12-08,Infosys,1617.0999755859375,1630.0,1600.199951171875,1610.800048828125,1576.681640625,7550413
2025-12-09,Infosys,1601.199951171875,1606.9000244140625,1582.4000244140625,1599.0,1565.1314697265625,6957599
2025-12-10,Infosys,1608.0,1608.0,1582.800048828125,1584.800048828125,1551.2322998046875,5116140
2025-12-11,Infosys,1598.0,1607.4000244140625,1580.5,1598.0,1564.1527099609375,5159319
2025-12-12,Infosys,1601.4000244140625,1601.800048828125,1582.5999755859375,1598.199951171875,1564.348388671875,4633912
2025-12-15,Infosys,1585.0,1610.800048828125,1585.0,1606.800048828125,1572.766357421875,4190558
2025-12-16,Infosys,1600.0,1603.0,1585.5999755859375,1592.9000244140625,1559.1607666015625,5499258
2025-12-17,Infosys,1587.199951171875,1606.9000244140625,1586.0,1602.0,1568.0679931640625,4817628
2025-12-18,Infosys,1610.5,1630.0,1606.699951171875,1626.800048828125,1592.3427734375,6577293
2025-12-19,Infosys,1650.0,1654.9000244140625,1629.800048828125,1638.699951171875,1603.9906005859375,13149023
2025-12-22,Infosys,1664.0,1693.199951171875,1664.0,1689.5999755859375,1653.8125,23098923
2025-12-23,Infosys,1679.0,1679.0,1656.4000244140625,1668.300048828125,1632.9637451171875,6593060
2025-12-24,Infosys,1661.0,1667.5999755859375,1652.5,1663.4000244140625,1628.16748046875,4271167
2025-12-26,Infosys,1663.4000244140625,1668.800048828125,1651.699951171875,1656.0999755859375,1621.0220947265625,2006491
2025-12-29,Infosys,1658.0,1673.0999755859375,1637.0999755859375,1644.699951171875,1609.863525390625,4062817
2025-12-30,Infosys,1647.0,1647.9000244140625,1616.800048828125,1621.5999755859375,1587.2528076171875,9395937
2025-12-31,Infosys,1621.0,1628.5999755859375,1609.199951171875,1615.4000244140625,1581.1842041015625,6538656
2026-01-01,Infosys,1615.4000244140625,1639.5999755859375,1614.0999755859375,1629.800048828125,1595.2791748046875,3658165
2026-01-02,Infosys,1635.9000244140625,1643.5,1627.5,1640.4000244140625,1605.6546630859375,2524526
2026-01-05,Infosys,1637.0,1637.0,1583.0999755859375,1606.4000244140625,1572.374755859375,5917885
2026-01-06,Infosys,1600.0999755859375,1619.9000244140625,1599.0,1612.199951171875,1578.0518798828125,4466729
2026-01-07,Infosys,1615.0,1642.0,1615.0,1639.0,1604.2843017578125,4508079
2026-01-08,Infosys,1638.9000244140625,1644.300048828125,1608.5999755859375,1613.300048828125,1579.128662109375,3942131
2026-01-09,Infosys,1610.0,1631.300048828125,1607.0,1614.0999755859375,1579.91162109375,6816681
2026-01-12,Infosys,1610.0999755859375,1613.300048828125,1592.5999755859375,1595.9000244140625,1562.09716796875,6985362
2026-01-13,Infosys,1618.0,1618.0,1586.4000244140625,1599.0,1565.1314697265625,8080618
2026-01-14,Infosys,1588.0,1617.0,1583.0999755859375,1599.800048828125,1565.91455078125,7557157
2026-01-15,Infosys,1599.800048828125,1599.800048828125,1599.800048828125,1599.800048828125,1565.91455078125,0
2026-01-16,Infosys,1663.699951171875,1694.0,1653.4000244140625,1689.800048828125,1654.00830078125,19335957
2026-01-19,Infosys,1685.0,1685.0,1666.5,1681.199951171875,1645.59033203125,5104958
2026-01-20,Infosys,1673.0,1680.199951171875,1652.9000244140625,1658.9000244140625,1623.7628173828125,6406503
2026-01-21,Infosys,1651.0,1657.0,1631.199951171875,1654.4000244140625,1619.358154296875,6224582
2026-01-22,Infosys,1666.0,1671.199951171875,1653.800048828125,1663.5,1628.265380859375,6228892
2026-01-23,Infosys,1667.199951171875,1675.699951171875,1662.199951171875,1670.800048828125,1635.4107666015625,5869137
2026-01-27,Infosys,1685.800048828125,1689.4000244140625,1661.0999755859375,1682.699951171875,1647.05859375,10673087
2026-01-28,Infosys,1680.0,1688.800048828125,1650.0,1666.5,1631.2017822265625,8588664
2026-01-29,Infosys,1658.0,1666.5,1642.0999755859375,1659.5,1624.35009765625,4749582
2026-01-30,Infosys,1655.0,1655.0,1618.0999755859375,1641.0,1606.241943359375,9207926
2026-02-02,Infosys,1662.0,1662.0,1618.0,1629.4000244140625,1594.8875732421875,6784887
2026-02-03,Infosys,1727.199951171875,1728.0,1653.0,1656.0,1620.9241943359375,8805868
2026-02-04,Infosys,1574.0,1584.9000244140625,1510.0999755859375,1535.800048828125,1503.2701416015625,28828622
2026-02-05,Infosys,1534.0,1551.0,1515.699951171875,1520.199951171875,1488.00048828125,10628127
2026-02-06,Infosys,1522.0999755859375,1525.0,1480.0,1507.0999755859375,1475.177978515625,13900866
2026-02-09,Infosys,1522.0999755859375,1528.0,1493.0,1497.199951171875,1465.4876708984375,8294615
2026-02-10,Infosys,1500.0,1515.9000244140625,1491.0,1497.800048828125,1466.0750732421875,8657000
2026-02-11,Infosys,1501.199951171875,1505.9000244140625,1469.0,1471.9000244140625,1440.7236328125,7934411
2026-02-12,Infosys,1428.9000244140625,1435.699951171875,1380.5,1386.0,1356.64306640625,26048896
2026-02-13,Infosys,1293.9000244140625,1377.300048828125,1281.5,1369.0999755859375,1340.1009521484375,45785709
2026-02-16,Infosys,1373.699951171875,1376.0,1338.300048828125,1365.5999755859375,1336.6751708984375,14621891
2026-02-17,Infosys,1370.0,1431.0,1367.0,1391.199951171875,1361.73291015625,25347684
2026-02-18,Infosys,1390.9000244140625,1401.0,1345.300048828125,1373.699951171875,1344.603515625,20241373
2026-02-19,Infosys,1385.0,1402.0,1363.199951171875,1370.5,1341.471435546875,14574228
2026-02-20,Infosys,1359.199951171875,1365.0,1338.199951171875,1353.199951171875,1324.5377197265625,12633552
2026-02-23,Infosys,1352.0,1352.0,1318.0,1327.5,1299.3822021484375,12887826
2026-02-24,Infosys,1301.0,1303.5999755859375,1264.0999755859375,1275.5,1248.4835205078125,27839061
2026-02-25,Infosys,1286.199951171875,1323.5999755859375,1286.199951171875,1290.0999755859375,1262.7742919921875,16669618
2026-02-26,Infosys,1305.5,1314.0,1286.300048828125,1289.0999755859375,1261.7955322265625,11493914
2026-02-27,Infosys,1326.300048828125,1335.0,1294.199951171875,1300.0999755859375,1272.5625,23141724
2026-03-02,Infosys,1291.0,1298.800048828125,1273.0,1288.9000244140625,1261.5997314453125,9700361
2026-03-04,Infosys,1292.0,1317.0,1292.0,1307.4000244140625,1279.7078857421875,15154950
2026-03-05,Infosys,1320.0,1320.0,1290.0999755859375,1305.800048828125,1278.141845703125,10362147
2026-03-06,Infosys,1303.0,1327.199951171875,1303.0,1308.4000244140625,1280.686767578125,8724291
2026-03-09,Infosys,1290.0,1318.0,1282.5,1315.0,1287.14697265625,10068514
2026-03-10,Infosys,1320.0,1321.0,1284.0999755859375,1295.5999755859375,1268.1578369140625,9600171
2026-03-11,Infosys,1288.0,1299.5,1271.300048828125,1276.300048828125,1249.2667236328125,7868891
2026-03-12,Infosys,1272.5,1278.5999755859375,1258.0,1265.800048828125,1238.9891357421875,7599940
2026-03-13,Infosys,1251.0,1269.5999755859375,1242.5999755859375,1248.300048828125,1221.8597412109375,7366098
2026-03-16,Infosys,1240.199951171875,1254.300048828125,1224.199951171875,1249.800048828125,1223.3280029296875,12314450
2026-03-17,Infosys,1245.0,1245.0,1215.0999755859375,1232.9000244140625,1206.785888671875,11223276
2026-03-18,Infosys,1238.0,1290.800048828125,1234.9000244140625,1267.0999755859375,1240.261474609375,12365381
2026-03-19,Infosys,1244.199951171875,1255.0,1215.0999755859375,1220.800048828125,1194.9422607421875,9156461
2026-03-20,Infosys,1242.0,1264.800048828125,1229.199951171875,1255.9000244140625,1229.2987060546875,27299975
2026-03-23,Infosys,1238.199951171875,1261.0999755859375,1227.4000244140625,1256.800048828125,1230.1796875,12420293
2026-03-24,Infosys,1269.0,1297.0,1251.0,1278.300048828125,1251.224365234375,13613495
2026-03-25,Infosys,1270.0,1290.5999755859375,1257.0999755859375,1279.0999755859375,1252.00732421875,10824030
2026-03-27,Infosys,1285.199951171875,1294.800048828125,1263.199951171875,1269.699951171875,1242.806396484375,13092541
2026-03-30,Infosys,1250.0,1265.5,1243.0,1250.5999755859375,1224.1109619140625,14108486
2026-04-01,Infosys,1290.0,1303.0,1269.5,1275.699951171875,1248.6793212890625,8137156
2026-04-02,Infosys,1260.0,1305.4000244140625,1259.800048828125,1300.800048828125,1273.247802734375,12873492
2026-04-06,Infosys,1301.4000244140625,1320.0,1299.0,1306.199951171875,1278.5333251953125,10208682
2026-04-07,Infosys,1302.0,1345.0999755859375,1293.5,1339.4000244140625,1311.0301513671875,15355792
2026-04-08,Infosys,1349.0,1376.9000244140625,1331.0,1346.199951171875,1317.68603515625,16030133
2026-04-09,Infosys,1329.9000244140625,1337.5,1314.0,1331.5999755859375,1303.395263671875,14894607
2026-04-10,Infosys,1318.0,1318.9000244140625,1283.300048828125,1292.5,1265.12353515625,19233369
2026-04-13,Infosys,1272.0,1289.0,1265.699951171875,1276.800048828125,1249.756103515625,10366082
2026-04-15,Infosys,1306.300048828125,1322.5,1300.5,1305.300048828125,1277.6524658203125,12098912
2026-04-16,Infosys,1322.0999755859375,1331.0,1309.0,1319.199951171875,1291.2579345703125,18527029
2026-04-17,Infosys,1313.0,1328.300048828125,1306.0999755859375,1318.699951171875,1290.7685546875,12064048
2026-04-20,Infosys,1320.0,1324.9000244140625,1308.0999755859375,1312.5999755859375,1284.7977294921875,7172300
2026-04-21,Infosys,1310.0,1325.0,1299.300048828125,1313.199951171875,1285.385009765625,10057440
2026-04-22,Infosys,1295.0,1297.699951171875,1255.9000244140625,1268.5999755859375,1241.729736328125,20088378
2026-04-23,Infosys,1254.0,1265.699951171875,1226.0,1240.5999755859375,1214.32275390625,14792854
2026-04-24,Infosys,1200.0,1223.9000244140625,1152.199951171875,1154.5999755859375,1130.144287109375,42078914
2026-04-27,Infosys,1154.5999755859375,1179.9000244140625,1154.5,1170.300048828125,1145.5118408203125,19579883
2026-04-28,Infosys,1162.699951171875,1169.4000244140625,1149.800048828125,1152.0999755859375,1127.697265625,12720276
2026-04-29,Infosys,1158.5,1178.199951171875,1156.800048828125,1167.5,1142.7711181640625,8303109
2026-04-30,Infosys,1167.5,1189.800048828125,1159.5999755859375,1181.800048828125,1156.768310546875,12205669
2026-05-01,Infosys,1181.800048828125,1181.800048828125,1181.800048828125,1181.800048828125,1156.768310546875,0
2026-05-04,Infosys,1195.0,1195.0,1165.199951171875,1168.4000244140625,1143.652099609375,7735811
2026-05-05,Infosys,1169.5,1185.199951171875,1160.0999755859375,1178.0999755859375,1153.1466064453125,8164108
2026-05-06,Infosys,1187.0,1191.5,1164.0999755859375,1167.199951171875,1142.4774169921875,9856963
2026-05-07,Infosys,1173.0,1175.4000244140625,1159.199951171875,1162.699951171875,1138.07275390625,12013987
2026-05-08,Infosys,1161.0,1183.5,1158.800048828125,1179.199951171875,1154.2232666015625,7582770
2026-05-11,Infosys,1176.0,1187.0,1172.0999755859375,1177.0,1152.0699462890625,7336288
2026-05-12,Infosys,1162.0,1162.0,1123.0,1140.300048828125,1116.1473388671875,16891948
2026-05-13,Infosys,1136.5999755859375,1142.5999755859375,1121.0,1123.0999755859375,1099.3115234375,6664111
2026-05-14,Infosys,1119.800048828125,1121.9000244140625,1089.0,1095.0,1071.8067626953125,16914842
2026-05-15,Infosys,1102.0,1133.199951171875,1101.5999755859375,1119.0,1095.2984619140625,17482450
2026-05-18,Infosys,1119.0,1146.0999755859375,1118.0,1142.5,1118.3006591796875,12096377
2026-05-19,Infosys,1162.0,1198.4000244140625,1162.0,1196.9000244140625,1171.5484619140625,32175705
2026-05-20,Infosys,1187.0,1206.9000244140625,1184.9000244140625,1193.699951171875,1168.4161376953125,15121010
2026-05-21,Infosys,1196.0999755859375,1201.800048828125,1177.0,1181.199951171875,1156.180908203125,10021033
2026-05-22,Infosys,1182.5,1191.800048828125,1172.5,1174.5,1149.622802734375,8803066
2026-05-25,Infosys,1183.0,1185.0,1166.0999755859375,1168.5,1143.75,5856136
2026-05-26,Infosys,1166.300048828125,1180.699951171875,1162.9000244140625,1167.699951171875,1142.966796875,8005767
2026-05-27,Infosys,1161.0,1167.300048828125,1155.0,1159.9000244140625,1135.3321533203125,6371871
2026-05-28,Infosys,1159.9000244140625,1159.9000244140625,1159.9000244140625,1159.9000244140625,1135.3321533203125,0
2026-05-29,Infosys,1182.0,1210.0,1153.5999755859375,1160.9000244140625,1136.3109130859375,69085430
2026-06-01,Infosys,1175.0,1217.0,1173.699951171875,1202.5,1177.02978515625,19439331
2026-06-02,Infosys,1232.5,1278.9000244140625,1232.5,1270.800048828125,1243.8831787109375,36032600
2026-06-03,Infosys,1242.0999755859375,1249.9000244140625,1216.0,1222.5999755859375,1196.7039794921875,18534303
2026-06-04,Infosys,1208.0,1215.199951171875,1196.199951171875,1201.300048828125,1175.855224609375,12755957
2026-06-05,Infosys,1220.0,1223.800048828125,1194.300048828125,1197.5,1172.1357421875,8692290
2026-06-08,Infosys,1177.5,1200.699951171875,1176.5,1187.5999755859375,1162.4453125,8631711
2026-06-09,Infosys,1193.5999755859375,1193.5999755859375,1167.300048828125,1180.300048828125,1155.300048828125,10984054
2026-06-10,Infosys,1160.0999755859375,1171.4000244140625,1143.300048828125,1145.300048828125,1145.300048828125,8887626
2026-06-11,Infosys,1129.699951171875,1133.699951171875,1109.0,1114.5999755859375,1114.5999755859375,9372176
2026-06-12,Infosys,1120.0,1123.300048828125,1111.5,1116.4000244140625,1116.4000244140625,8075333
2026-06-15,Infosys,1130.0,1151.0,1123.0,1134.9000244140625,1134.9000244140625,7856192
2026-06-16,Infosys,1136.9000244140625,1153.800048828125,1123.199951171875,1143.5999755859375,1143.5999755859375,10456090
2026-06-17,Infosys,1149.0,1162.5,1148.0,1157.699951171875,1157.699951171875,5995119
2026-06-18,Infosys,1142.9000244140625,1142.9000244140625,1125.300048828125,1127.5,1127.5,16781447
2026-06-19,Infosys,1062.300048828125,1066.0,1030.0,1051.4000244140625,1051.4000244140625,45665442
2026-06-22,Infosys,1055.0,1080.300048828125,1055.0,1065.4000244140625,1065.4000244140625,10178505
2026-06-23,Infosys,1053.800048828125,1055.300048828125,1026.0,1029.300048828125,1029.300048828125,19323064
2026-06-24,Infosys,1040.9000244140625,1065.5,1037.699951171875,1056.5999755859375,1056.5999755859375,12346266
2026-06-25,Infosys,1065.0,1068.0,1039.0999755859375,1041.199951171875,1041.199951171875,15866779
2026-06-26,Infosys,1041.199951171875,1041.199951171875,1041.199951171875,1041.199951171875,1041.199951171875,0
2026-06-29,Infosys,1037.0999755859375,1046.5999755859375,1029.0999755859375,1036.699951171875,1036.699951171875,15080892
2026-06-30,Infosys,1030.0,1030.4000244140625,996.0,1000.4000244140625,1000.4000244140625,24128263
2026-07-01,Infosys,1006.0,1014.0,982.4000244140625,985.2999877929688,985.2999877929688,13037982
2026-07-02,Infosys,1006.4000244140625,1045.0,1006.0,1040.9000244140625,1040.9000244140625,18741111
2026-07-03,Infosys,1063.0,1068.699951171875,1042.0,1047.199951171875,1047.199951171875,11653534
2026-07-06,Infosys,1050.0999755859375,1053.0,1033.0,1042.199951171875,1042.199951171875,5559747
2026-07-07,Infosys,1040.5999755859375,1087.5,1040.5999755859375,1071.800048828125,1071.800048828125,18866296
