Date,Company,Open,High,Low,Close,Adj Close,Volume
2022-07-11,ITC,282.1341552734375,285.93768310546875,281.2193908691406,284.05999755859375,243.6586456298828,12828405
2022-07-12,ITC,282.1341552734375,284.3970031738281,280.1120300292969,281.8453063964844,241.7589111328125,14616684
2022-07-13,ITC,282.1341552734375,283.8674011230469,281.8453063964844,283.1452331542969,242.87400817871094,9634877
2022-07-14,ITC,283.3859558105469,285.35992431640625,278.42694091796875,280.06390380859375,240.23092651367188,13930984
2022-07-15,ITC,281.1712646484375,283.0970764160156,278.76397705078125,282.66375732421875,242.46099853515625,11450042
2022-07-18,ITC,284.05999755859375,285.3117980957031,282.8563537597656,284.348876953125,243.90646362304688,11751684
2022-07-19,ITC,284.05999755859375,284.63775634765625,281.8453063964844,283.6748352050781,243.32826232910156,9542292
2022-07-20,ITC,283.9637145996094,288.39312744140625,282.7119140625,287.1413269042969,246.30172729492188,16397373
2022-07-21,ITC,287.9116516113281,290.99298095703125,286.94873046875,288.4412536621094,247.41676330566406,16660697
2022-07-22,ITC,288.87457275390625,291.2818603515625,287.0450439453125,289.4041748046875,248.24273681640625,10351425
2022-07-25,ITC,287.9116516113281,291.7151794433594,287.7190856933594,289.93377685546875,248.69696044921875,11050533
2022-07-26,ITC,289.8374938964844,292.4855041503906,289.3078918457031,291.23370361328125,249.81202697753906,10114261
2022-07-27,ITC,291.6188659667969,293.68914794921875,289.45233154296875,292.87066650390625,251.2161865234375,9706094
2022-07-28,ITC,293.5928649902344,293.8817443847656,291.1855773925781,292.1966247558594,250.63803100585938,11256515
2022-07-29,ITC,293.68914794921875,294.5557861328125,290.17449951171875,291.81146240234375,250.3076171875,17584873
2022-08-01,ITC,292.7262268066406,297.3482360839844,291.859619140625,296.096435546875,253.98316955566406,16501510
2022-08-02,ITC,298.50372314453125,304.9071044921875,296.7704772949219,298.45556640625,256.00677490234375,40483892
2022-08-03,ITC,299.370361328125,299.370361328125,292.38922119140625,296.7223205566406,254.52000427246094,18376724
2022-08-04,ITC,296.577880859375,298.84075927734375,295.7594299316406,298.02227783203125,255.6350555419922,16514348
2022-08-05,ITC,298.02227783203125,300.2369689941406,297.6371154785156,299.32220458984375,256.7500915527344,10477269
2022-08-08,ITC,299.4184875488281,302.3072509765625,298.5518798828125,301.5368957519531,258.64984130859375,8627072
2022-08-10,ITC,301.5368957519531,302.4516906738281,299.2259216308594,299.6592102050781,257.0392150878906,9267241
2022-08-11,ITC,301.3924560546875,301.8257751464844,293.97802734375,294.8927917480469,252.95074462890625,11305242
2022-08-12,ITC,294.8927917480469,297.92596435546875,293.20770263671875,297.10748291015625,254.85040283203125,6669853
2022-08-16,ITC,297.10748291015625,299.9480895996094,297.10748291015625,299.0333251953125,256.50238037109375,8941455
2022-08-17,ITC,300.14068603515625,301.6332092285156,299.4666442871094,300.95916748046875,258.154296875,8283028
2022-08-18,ITC,301.3924560546875,304.2812194824219,301.0072937011719,303.9441833496094,260.7147216796875,10264507
2022-08-19,ITC,304.4256591796875,304.4256591796875,299.6592102050781,300.4295654296875,257.7000427246094,10823811
2022-08-22,ITC,299.6592102050781,305.244140625,299.4666442871094,302.74053955078125,259.6823425292969,11793184
2022-08-23,ITC,301.3443298339844,304.2812194824219,300.5258483886719,304.1849365234375,260.9212341308594,9698555
2022-08-24,ITC,304.0404968261719,307.603271484375,301.44061279296875,302.4516906738281,259.4345397949219,11783894
2022-08-25,ITC,303.7516174316406,304.6663818359375,300.0444030761719,300.7665710449219,257.9890441894531,8057930
2022-08-26,ITC,303.07757568359375,303.7034606933594,300.4295654296875,301.2961730957031,258.44329833984375,7224507
2022-08-29,ITC,298.50372314453125,303.2701416015625,297.3963623046875,301.9220886230469,258.9802551269531,11798961
2022-08-30,ITC,302.5960998535156,309.48095703125,302.5960998535156,308.6143493652344,264.72064208984375,18516092
2022-09-01,ITC,307.65142822265625,309.96240234375,304.2812194824219,305.8218688964844,262.32537841796875,13765474
2022-09-02,ITC,306.8810729980469,312.22528076171875,306.25518798828125,311.1660461425781,266.90948486328125,26750910
2022-09-05,ITC,312.94744873046875,317.3768615722656,311.7438049316406,316.6546630859375,271.617431640625,18144801
2022-09-06,ITC,317.76202392578125,317.76202392578125,314.2955322265625,315.0177307128906,270.21331787109375,12431779
2022-09-07,ITC,313.9103698730469,316.12506103515625,313.18817138671875,314.00665283203125,269.34600830078125,8397233
2022-09-08,ITC,316.7991027832031,318.33978271484375,315.354736328125,317.6657409667969,272.4847106933594,11331350
2022-09-09,ITC,318.33978271484375,320.93963623046875,317.76202392578125,318.2434997558594,272.98028564453125,9770432
2022-09-12,ITC,319.6878662109375,320.0730285644531,317.76202392578125,318.628662109375,273.3106994628906,9048240
2022-09-13,ITC,319.39898681640625,322.57659912109375,318.33978271484375,321.9988708496094,276.2015380859375,10925371
2022-09-14,ITC,318.7249450683594,326.4282531738281,318.6767883300781,322.91363525390625,276.9862365722656,12739464
2022-09-15,ITC,323.9246826171875,324.55059814453125,320.5544738769531,321.7099914550781,275.95379638671875,8742900
2022-09-16,ITC,320.0248718261719,322.1914367675781,317.47314453125,319.0138244628906,273.64105224609375,12973988
2022-09-19,ITC,316.8954162597656,324.4061584472656,316.8954162597656,323.15435791015625,277.19268798828125,14918717
2022-09-20,ITC,326.1875305175781,327.0060119628906,322.57659912109375,323.5395202636719,277.5230712890625,9892945
2022-09-21,ITC,323.5395202636719,332.3983459472656,323.0580749511719,328.3059387207031,281.611572265625,21800547
2022-09-22,ITC,328.3540954589844,335.8166809082031,328.2578125,332.25390625,284.9980163574219,25111230
2022-09-23,ITC,334.613037109375,336.5870361328125,330.5688171386719,333.5538330078125,286.1130676269531,23718397
2022-09-26,ITC,332.0613098144531,333.1205139160156,319.4471435546875,320.265625,274.7147521972656,16829922
2022-09-27,ITC,322.57659912109375,326.9578857421875,321.6136779785156,322.4321594238281,276.5732116699219,10375837
2022-09-28,ITC,319.63970947265625,320.93963623046875,312.2734069824219,312.8993225097656,268.3962097167969,16151900
2022-09-29,ITC,316.7991027832031,322.4803161621094,315.595458984375,320.69891357421875,275.0864562988281,18985406
2022-09-30,ITC,320.69891357421875,323.2987976074219,317.9064636230469,319.88043212890625,274.3844299316406,12906555
2022-10-03,ITC,320.5544738769531,320.6507873535156,311.2623596191406,312.36968994140625,267.9419250488281,9462192
2022-10-04,ITC,316.51025390625,321.6136779785156,315.8362121582031,320.50634765625,274.9212646484375,9142294
2022-10-06,ITC,322.57659912109375,326.7171325683594,320.21746826171875,324.1654052734375,278.0599060058594,23091432
2022-10-07,ITC,324.3098449707031,324.3580017089844,319.0138244628906,321.7099914550781,275.95379638671875,10910698
2022-10-10,ITC,317.76202392578125,319.15826416015625,313.9585266113281,315.6917724609375,270.7914733886719,9750594
2022-10-11,ITC,316.7991027832031,318.1953430175781,313.0437316894531,314.1992492675781,269.5111999511719,11018577
2022-10-12,ITC,315.7880554199219,319.15826416015625,312.70672607421875,317.8583068847656,272.6498718261719,10735673
2022-10-13,ITC,317.7138977050781,319.0138244628906,315.8362121582031,316.46209716796875,271.4522705078125,7546587
2022-10-14,ITC,319.97674560546875,321.51739501953125,318.58050537109375,319.7841491699219,274.30181884765625,6672357
2022-10-17,ITC,318.82122802734375,322.33587646484375,317.3768615722656,319.9285888671875,274.4257507324219,7195922
2022-10-18,ITC,321.5655517578125,328.3540954589844,321.1803894042969,327.6800537109375,281.0746765136719,21691854
2022-10-19,ITC,330.376220703125,334.5649108886719,327.1986083984375,333.5057067871094,286.0718078613281,16923690
2022-10-20,ITC,334.131591796875,337.93511962890625,332.01318359375,336.7314758300781,288.8387451171875,19186222
2022-10-21,ITC,340.1016540527344,340.1016540527344,331.72430419921875,332.78350830078125,285.4522705078125,28426343
2022-10-24,ITC,336.00927734375,336.7314758300781,334.131591796875,334.8056335449219,287.1867980957031,3292671
2022-10-25,ITC,336.49072265625,336.53887939453125,330.90582275390625,333.4575500488281,286.0304870605469,17906260
2022-10-27,ITC,333.7945556640625,335.4315185546875,331.0984191894531,332.9761047363281,285.6174621582031,19273344
2022-10-28,ITC,334.66119384765625,335.6722412109375,332.30206298828125,332.9761047363281,285.6174621582031,13572499
2022-10-31,ITC,335.0945129394531,337.5018005371094,331.96502685546875,335.7685546875,288.0127868652344,14358449
2022-11-01,ITC,336.29815673828125,337.5018005371094,334.3241882324219,336.53887939453125,288.67352294921875,20422565
2022-11-02,ITC,335.5759582519531,343.0385437011719,335.5759582519531,341.4978942871094,292.9272766113281,17427813
2022-11-03,ITC,340.87200927734375,345.2051086425781,339.9090881347656,340.5831298828125,292.1425476074219,11149636
2022-11-04,ITC,340.87200927734375,342.7978210449219,339.4276123046875,340.48681640625,292.0599670410156,8709851
2022-11-07,ITC,341.83489990234375,343.1348571777344,337.02032470703125,340.3905334472656,291.9773864746094,10437370
2022-11-09,ITC,340.3905334472656,348.04571533203125,340.1016540527344,347.3235168457031,297.92431640625,21404869
2022-11-10,ITC,345.68658447265625,346.5531921386719,340.9682922363281,342.7978210449219,294.04229736328125,20071989
2022-11-11,ITC,346.64947509765625,347.56427001953125,341.4978942871094,343.1348571777344,294.33135986328125,11372654
2022-11-14,ITC,343.1348571777344,343.71258544921875,333.7464294433594,334.3241882324219,286.7738342285156,18319254
2022-11-15,ITC,336.00927734375,336.00927734375,326.57269287109375,332.4465026855469,285.1632385253906,16046491
2022-11-16,ITC,332.8797912597656,333.9871520996094,328.97998046875,331.3391418457031,284.21331787109375,7897812
2022-11-17,ITC,331.3391418457031,334.5649108886719,329.894775390625,330.9539794921875,283.88299560546875,10379179
2022-11-18,ITC,330.9539794921875,331.96502685546875,327.1986083984375,328.4022521972656,281.6941833496094,8140173
2022-11-21,ITC,326.5245666503906,327.39117431640625,321.9988708496094,324.69500732421875,278.51422119140625,9553090
2022-11-22,ITC,324.50244140625,328.3540954589844,323.2506408691406,327.63189697265625,281.03338623046875,6746019
2022-11-23,ITC,329.3170166015625,329.3170166015625,324.98388671875,327.1986083984375,280.6617126464844,8067471
2022-11-24,ITC,327.1986083984375,329.7984619140625,325.03204345703125,328.1133728027344,281.4463806152344,8454385
2022-11-25,ITC,328.3540954589844,329.2207336425781,325.27276611328125,327.6800537109375,281.0746765136719,7200274
2022-11-28,ITC,327.39117431640625,329.0762939453125,326.1875305175781,327.4393310546875,280.8681945800781,10284123
2022-11-29,ITC,327.39117431640625,332.20574951171875,327.39117431640625,329.60589599609375,282.7266540527344,10582296
2022-11-30,ITC,328.5948181152344,331.38726806640625,326.4282531738281,327.39117431640625,280.826904296875,23425220
2022-12-01,ITC,329.02813720703125,329.02813720703125,324.3098449707031,326.9578857421875,280.45526123046875,17270904
2022-12-02,ITC,326.7652893066406,328.1615295410156,324.26171875,324.6468811035156,278.4729309082031,8711914
2022-12-05,ITC,325.1283264160156,326.2838439941406,321.75811767578125,324.26171875,278.142578125,10090597
2022-12-06,ITC,321.7099914550781,325.6579284667969,321.7099914550781,324.79132080078125,278.59686279296875,6571118
2022-12-07,ITC,325.9468078613281,328.8355407714844,324.1654052734375,327.48748779296875,280.9095153808594,10191144
2022-12-08,ITC,327.5837707519531,329.4614562988281,324.98388671875,325.85052490234375,279.5054016113281,6439244
2022-12-09,ITC,327.15045166015625,329.7984619140625,325.4653625488281,328.7392578125,281.9832458496094,8445424
2022-12-12,ITC,328.3540954589844,331.24285888671875,327.48748779296875,330.4725036621094,283.469970703125,11646572
2022-12-13,ITC,331.72430419921875,333.1686706542969,329.7021789550781,332.78350830078125,285.4522705078125,11105261
2022-12-14,ITC,333.1686706542969,334.4685974121094,331.0021057128906,332.5909118652344,285.287109375,7664099
2022-12-15,ITC,331.96502685546875,333.26495361328125,325.4653625488281,326.2838439941406,279.8770751953125,8469001
2022-12-16,ITC,324.98388671875,326.33197021484375,319.0138244628906,322.67291259765625,276.77972412109375,12907968
2022-12-19,ITC,324.3098449707031,329.6540222167969,322.91363525390625,327.8726501464844,281.2398986816406,8113695
2022-12-20,ITC,327.4393310546875,328.3059387207031,324.26171875,327.5356140136719,280.9508361816406,5693354
2022-12-21,ITC,328.3540954589844,328.5948181152344,322.09515380859375,322.7210388183594,276.8210144042969,7316532
2022-12-22,ITC,323.2025146484375,324.8876037597656,317.6657409667969,320.1211853027344,274.5909423828125,6838031
2022-12-23,ITC,318.628662109375,319.5915832519531,313.28448486328125,314.58441162109375,269.8416442871094,10461859
2022-12-26,ITC,314.3918151855469,322.67291259765625,313.4289245605469,322.1914367675781,276.3667297363281,9934633
2022-12-27,ITC,323.15435791015625,323.9246826171875,317.9064636230469,320.79522705078125,275.1690673828125,6986433
2022-12-28,ITC,320.50634765625,322.57659912109375,319.2063903808594,321.9988708496094,276.2015380859375,8035558
2022-12-29,ITC,321.9507141113281,323.2987976074219,319.2545471191406,322.91363525390625,276.9862365722656,8417520
2022-12-30,ITC,322.9617614746094,324.26171875,318.2434997558594,319.2545471191406,273.8475036621094,7228324
2023-01-02,ITC,318.628662109375,321.6136779785156,317.4250183105469,320.50634765625,274.9212646484375,6181118
2023-01-03,ITC,319.2063903808594,320.98779296875,318.00274658203125,318.82122802734375,273.47589111328125,6228015
2023-01-04,ITC,319.5434265136719,320.1693115234375,313.9103698730469,314.873291015625,270.08941650390625,6947412
2023-01-05,ITC,316.46209716796875,321.51739501953125,316.0287780761719,321.0840759277344,275.4168395996094,8486143
2023-01-06,ITC,322.2877197265625,325.03204345703125,320.7470703125,322.624755859375,276.7384033203125,8603181
2023-01-09,ITC,324.45428466796875,328.6429748535156,323.6839599609375,325.51348876953125,279.21630859375,11027747
2023-01-10,ITC,325.3690490722656,325.85052490234375,320.21746826171875,321.03594970703125,275.3755798339844,7217255
2023-01-11,ITC,322.67291259765625,322.67291259765625,319.0138244628906,319.4952697753906,274.05401611328125,4760847
2023-01-12,ITC,321.03594970703125,321.228515625,315.9324951171875,317.6175842285156,272.4433898925781,6894087
2023-01-13,ITC,317.6175842285156,319.9285888671875,314.2955322265625,316.5583801269531,271.5348205566406,14967746
2023-01-16,ITC,318.09906005859375,319.88043212890625,315.40289306640625,317.9546203613281,272.7325134277344,8571826
2023-01-17,ITC,317.9546203613281,321.1322326660156,316.8954162597656,319.9285888671875,274.4257507324219,14240647
2023-01-18,ITC,321.6136779785156,324.0691223144531,320.0730285644531,322.2395935058594,276.4080505371094,13039078
2023-01-19,ITC,321.6136779785156,323.2025146484375,319.350830078125,319.8323059082031,274.3431091308594,8667564
2023-01-20,ITC,319.6878662109375,322.7691955566406,317.03985595703125,322.1914367675781,276.3667297363281,13608325
2023-01-23,ITC,323.5395202636719,325.60980224609375,320.69891357421875,325.224609375,278.9684753417969,7399204
2023-01-24,ITC,325.27276611328125,328.1133728027344,325.0802001953125,326.380126953125,279.95965576171875,12776694
2023-01-25,ITC,326.33197021484375,328.3540954589844,322.81732177734375,326.66900634765625,280.20745849609375,12978859
2023-01-27,ITC,329.1244201660156,335.9129943847656,328.8355407714844,333.1686706542969,285.78265380859375,21850457
2023-01-30,ITC,334.0353088378906,338.7054443359375,329.1725769042969,332.01318359375,284.7915344238281,14634225
2023-01-31,ITC,333.1686706542969,341.83489990234375,328.4022521972656,339.2831726074219,291.02752685546875,17794183
2023-02-01,ITC,339.9090881347656,352.1380920410156,316.8954162597656,347.99755859375,298.50250244140625,67003785
2023-02-02,ITC,348.1901550292969,370.4335021972656,347.03466796875,364.5597229003906,312.70904541015625,57892084
2023-02-03,ITC,367.7373352050781,368.0743408203125,358.2044677734375,366.53369140625,314.4022216796875,23153980
2023-02-06,ITC,368.3150939941406,373.8037109375,365.5226135253906,369.18170166015625,316.67364501953125,26783409
2023-02-07,ITC,369.66314697265625,369.66314697265625,354.7861328125,359.4081115722656,308.2901306152344,21438758
2023-02-08,ITC,360.85247802734375,363.30792236328125,357.7711486816406,361.6228332519531,310.18988037109375,10821785
2023-02-09,ITC,360.13031005859375,365.9078063964844,358.3489074707031,360.37103271484375,309.1160888671875,12318006
2023-02-10,ITC,358.3970642089844,362.97088623046875,356.5675048828125,357.5785827636719,306.7208251953125,10674456
2023-02-13,ITC,359.1673889160156,361.2376403808594,356.27862548828125,360.3228759765625,309.0747985839844,10282470
2023-02-14,ITC,361.0932312011719,373.27410888671875,359.8895568847656,372.11859130859375,319.19287109375,30246745
2023-02-15,ITC,367.5928955078125,368.652099609375,364.5115661621094,368.0262145996094,320.85595703125,12679568
2023-02-16,ITC,367.8336181640625,370.9631042480469,366.8706970214844,368.36322021484375,321.1497802734375,10151755
2023-02-17,ITC,366.9188537597656,370.2890625,365.18560791015625,369.18170166015625,321.8633117675781,7967611
2023-02-20,ITC,370.4335021972656,373.1296691894531,367.1595764160156,369.8075866699219,322.4089660644531,8105569
2023-02-21,ITC,370.7223815917969,371.5889892578125,367.54473876953125,368.0743408203125,320.8979187011719,8577674
2023-02-22,ITC,367.8336181640625,370.6260681152344,365.9078063964844,369.6150207519531,322.2411193847656,9306194
2023-02-23,ITC,370.1927795410156,379.38861083984375,368.892822265625,373.2259521484375,325.38922119140625,19555814
2023-02-24,ITC,374.57403564453125,374.57403564453125,366.8706970214844,370.81866455078125,323.2904968261719,13407431
2023-02-27,ITC,370.81866455078125,372.45562744140625,364.0782470703125,368.0262145996094,320.85595703125,8455904
2023-02-28,ITC,368.3150939941406,370.00018310546875,361.0932312011719,362.73016357421875,316.23870849609375,16997837
2023-03-01,ITC,360.37103271484375,366.29296875,359.7451477050781,364.656005859375,317.91766357421875,8065784
2023-03-02,ITC,365.42633056640625,365.66705322265625,360.8043518066406,361.6228332519531,315.2733154296875,5212922
2023-03-03,ITC,363.01904296875,371.1075439453125,362.1524353027344,370.6742248535156,323.16455078125,8495772
2023-03-06,ITC,371.5889892578125,377.9442443847656,370.9631042480469,373.75555419921875,325.8509521484375,11126980
2023-03-08,ITC,373.6111145019531,378.57012939453125,370.81866455078125,377.8479309082031,329.41876220703125,9261146
2023-03-09,ITC,377.55908203125,379.0034484863281,371.3482666015625,373.1296691894531,325.3052978515625,10005328
2023-03-10,ITC,372.6000671386719,375.7295227050781,369.2779846191406,373.6111145019531,325.72503662109375,8684320
2023-03-13,ITC,374.7666015625,376.403564453125,368.3150939941406,369.42242431640625,322.07318115234375,9130473
2023-03-14,ITC,371.39642333984375,372.11859130859375,363.2116394042969,365.6189270019531,318.7572021484375,10623744
2023-03-15,ITC,366.8706970214844,370.04833984375,363.9819641113281,365.3300476074219,318.5053405761719,8748113
2023-03-16,ITC,366.48553466796875,368.170654296875,362.8746032714844,367.30401611328125,320.226318359375,16315136
2023-03-17,ITC,370.7223815917969,370.7223815917969,355.9416198730469,361.6228332519531,315.2733154296875,50787703
2023-03-20,ITC,359.4562683105469,365.2818908691406,358.2044677734375,364.7522888183594,318.00164794921875,10512002
2023-03-21,ITC,364.7522888183594,364.7522888183594,360.1784362792969,362.97088623046875,316.44854736328125,12057999
2023-03-22,ITC,362.97088623046875,364.8004455566406,360.3228759765625,363.7412414550781,317.12017822265625,4958761
2023-03-23,ITC,363.01904296875,368.5558166503906,360.5154724121094,366.53369140625,319.5547180175781,10127917
2023-03-24,ITC,367.3521728515625,368.7965393066406,363.9819641113281,364.656005859375,317.91766357421875,10317108
2023-03-27,ITC,363.9338073730469,370.1446228027344,362.3931579589844,366.1003723144531,319.1769104003906,11232922
2023-03-28,ITC,366.1003723144531,368.170654296875,364.12640380859375,365.66705322265625,318.7991638183594,9523719
2023-03-29,ITC,366.1003723144531,369.75946044921875,363.1634826660156,368.5558166503906,321.31768798828125,10551626
2023-03-31,ITC,367.8336181640625,370.24090576171875,365.9078063964844,369.2779846191406,321.9472351074219,9877493
2023-04-03,ITC,369.75946044921875,369.75946044921875,364.4634094238281,364.84857177734375,318.0855712890625,7331070
2023-04-05,ITC,364.84857177734375,372.69635009765625,364.84857177734375,372.0704650878906,324.3818664550781,12055499
2023-04-06,ITC,372.3111877441406,375.8258056640625,369.9520263671875,372.9852294921875,325.1793518066406,13394394
2023-04-10,ITC,372.9852294921875,375.5369567871094,370.48162841796875,374.1407165527344,326.1867370605469,7044256
2023-04-11,ITC,374.1407165527344,383.3365478515625,373.6111145019531,381.3144226074219,332.4410095214844,18939829
2023-04-12,ITC,382.9995422363281,383.0476989746094,377.55908203125,378.9552917480469,330.3842468261719,10122932
2023-04-13,ITC,380.8329772949219,381.8921813964844,379.0997314453125,380.92926025390625,332.1051940917969,6292395
2023-04-17,ITC,378.32940673828125,387.0919189453125,378.32940673828125,385.310546875,335.9248962402344,11466474
2023-04-18,ITC,385.1661071777344,387.0919189453125,382.27734375,383.7217102050781,334.5397033691406,9860308
2023-04-19,ITC,381.3625793457031,386.4660339355469,381.3144226074219,383.96246337890625,334.7496337890625,10119480
2023-04-20,ITC,385.1661071777344,387.71783447265625,382.9513854980469,385.4549865722656,336.05084228515625,6924577
2023-04-21,ITC,385.4549865722656,393.83233642578125,384.2513427734375,393.1101379394531,342.7248229980469,14801099
2023-04-24,ITC,394.7952575683594,394.7952575683594,389.2103271484375,393.54345703125,343.1026306152344,6212135
2023-04-25,ITC,393.54345703125,398.2135925292969,392.2916564941406,396.28778076171875,345.4952392578125,9180650
2023-04-26,ITC,396.7210693359375,397.6839904785156,393.8804931640625,396.9618225097656,346.0828857421875,7914219
2023-04-27,ITC,396.9136657714844,401.92083740234375,395.7581787109375,400.57275390625,349.2309265136719,13100076
2023-04-28,ITC,402.4985656738281,412.3684387207031,398.3580322265625,409.7685852050781,357.2481689453125,13208557
2023-05-02,ITC,410.201904296875,411.164794921875,405.57989501953125,408.7093811035156,356.3246765136719,10648421
2023-05-03,ITC,408.27606201171875,412.60919189453125,406.39837646484375,411.3092346191406,358.5913391113281,7607609
2023-05-04,ITC,409.5278625488281,411.164794921875,408.27606201171875,408.85382080078125,356.4506530761719,8292456
2023-05-05,ITC,410.15374755859375,415.8830871582031,408.61309814453125,412.84991455078125,359.9345397949219,12890455
2023-05-08,ITC,415.0164794921875,417.3756103515625,413.42767333984375,415.44976806640625,362.201171875,7522610
2023-05-09,ITC,416.7497253417969,417.08673095703125,405.8687744140625,408.0834655761719,355.779052734375,10377820
2023-05-10,ITC,408.2279052734375,410.5389099121094,406.5428161621094,409.57598876953125,357.0802307128906,10130159
2023-05-11,ITC,411.4055480957031,411.54998779296875,403.3652038574219,404.8095703125,352.9247741699219,16597954
2023-05-12,ITC,404.8095703125,407.0242614746094,400.6208801269531,404.85772705078125,352.9667053222656,11564770
2023-05-15,ITC,404.4244079589844,412.8017578125,403.5096435546875,411.9351501464844,359.13702392578125,9503538
2023-05-16,ITC,414.0535583496094,414.0535583496094,407.79461669921875,408.2279052734375,355.9049377441406,8302077
2023-05-17,ITC,408.4205017089844,413.04248046875,406.927978515625,411.7425537109375,358.9691467285156,9844782
2023-05-18,ITC,414.0535583496094,416.4126892089844,402.5948791503906,404.1355285644531,352.33709716796875,24919291
2023-05-19,ITC,405.33917236328125,407.4094543457031,396.0951843261719,404.27996826171875,352.4630126953125,26759905
2023-05-22,ITC,406.3020935058594,409.9611511230469,403.5577697753906,408.9982604980469,356.5765686035156,16015615
2023-05-23,ITC,410.201904296875,415.20904541015625,408.4686584472656,413.2350769042969,360.2703552246094,9068926
2023-05-24,ITC,412.4165954589844,418.6274108886719,411.164794921875,417.42376708984375,363.92218017578125,11921823
2023-05-25,ITC,420.7458190917969,426.0418395996094,418.675537109375,424.7900695800781,370.3443298339844,18905572
2023-05-26,ITC,426.95660400390625,428.2565612792969,423.2012634277344,427.1492004394531,372.4010925292969,13496209
2023-05-29,ITC,428.4972839355469,435.04510498046875,427.6306457519531,432.4452209472656,377.0182800292969,20589822
2023-05-30,ITC,424.6456298828125,434.7080993652344,424.6456298828125,433.215576171875,386.17340087890625,19627897
2023-05-31,ITC,432.6378173828125,435.2377014160156,426.0418395996094,428.9787292480469,382.3966369628906,14821960
2023-06-01,ITC,430.4231262207031,430.4231262207031,422.71978759765625,423.3938293457031,377.418212890625,9142172
2023-06-02,ITC,423.6827087402344,428.4010009765625,423.4901123046875,426.95660400390625,380.5940856933594,9558309
2023-06-05,ITC,428.4972839355469,430.2786865234375,423.77899169921875,424.30859375,378.2336730957031,7427630
2023-06-06,ITC,424.4530334472656,427.1492004394531,424.06787109375,426.3788757324219,380.0791015625,6703067
2023-06-07,ITC,427.53436279296875,429.1231689453125,426.3307189941406,427.4862365722656,381.06622314453125,7833952
2023-06-08,ITC,429.17132568359375,429.219482421875,425.5122375488281,426.47515869140625,380.1649475097656,7294955
2023-06-09,ITC,419.0125732421875,428.2084045410156,419.0125732421875,422.190185546875,376.34527587890625,7329661
2023-06-12,ITC,423.6827087402344,424.59747314453125,417.7607727050781,420.7458190917969,375.0577087402344,9054977
2023-06-13,ITC,424.6456298828125,429.8453674316406,422.0457458496094,428.8824462890625,382.31085205078125,16732376
2023-06-14,ITC,429.700927734375,431.1452941894531,427.29364013671875,428.0158386230469,381.538330078125,9039402
2023-06-15,ITC,428.4972839355469,432.10821533203125,428.2565612792969,431.4823303222656,384.6283874511719,7787525
2023-06-16,ITC,432.34893798828125,438.7041931152344,431.28973388671875,436.2969055175781,388.9201965332031,12181426
2023-06-19,ITC,437.8857116699219,438.9930725097656,435.4784240722656,436.7783508300781,389.3493347167969,4350517
2023-06-20,ITC,437.933837890625,437.933837890625,433.456298828125,436.0561828613281,388.70556640625,4644353
2023-06-21,ITC,435.2377014160156,437.3561096191406,428.5454406738281,430.47125244140625,383.7270812988281,6292873
2023-06-22,ITC,431.3860168457031,432.974853515625,429.3157653808594,431.04901123046875,384.24212646484375,6892713
2023-06-23,ITC,430.9045715332031,431.04901123046875,426.2825927734375,428.2565612792969,381.7529296875,6325479
2023-06-26,ITC,430.3268127441406,434.6599426269531,427.53436279296875,429.17132568359375,382.5683288574219,5688287
2023-06-27,ITC,429.5564880371094,430.6156921386719,426.71588134765625,428.59356689453125,382.0533142089844,5052984
2023-06-28,ITC,428.4972839355469,433.8896179199219,428.0158386230469,432.68597412109375,385.70135498046875,12548096
2023-06-30,ITC,433.3118591308594,435.1895446777344,430.0379333496094,434.8525390625,387.63262939453125,9456776
2023-07-03,ITC,434.8525390625,448.67034912109375,433.3600158691406,446.07049560546875,397.6324462890625,11111199
2023-07-04,ITC,447.7555847167969,450.64434814453125,442.7484436035156,449.0555114746094,400.2933349609375,8022597
2023-07-05,ITC,449.0555114746094,462.8252258300781,447.08154296875,457.48101806640625,407.8039245605469,16878943
2023-07-06,ITC,459.6475830078125,459.69573974609375,453.0516357421875,456.3255310058594,406.77392578125,9835812
2023-07-07,ITC,455.45892333984375,457.8662109375,450.2591552734375,451.0295104980469,402.052978515625,7605499
2023-07-10,ITC,452.5701599121094,453.4367980957031,446.5037841796875,448.5740661621094,399.86419677734375,6772454
2023-07-11,ITC,448.718505859375,456.951416015625,448.718505859375,455.6033630371094,406.130126953125,8783282
2023-07-12,ITC,460.0327453613281,460.0327453613281,453.00347900390625,454.7848815917969,405.4005432128906,12816220
2023-07-13,ITC,456.3255310058594,459.0698547363281,453.5330810546875,454.4960021972656,405.1430358886719,8214385
2023-07-14,ITC,455.45892333984375,457.3847351074219,453.8700866699219,455.36260986328125,405.9155578613281,5277090
2023-07-17,ITC,456.9032897949219,458.1550598144531,453.1479187011719,454.8330078125,405.4434814453125,6325310
2023-07-18,ITC,455.0256042480469,456.6144104003906,453.5330810546875,454.9774475097656,405.5722351074219,5558415
2023-07-19,ITC,455.2181701660156,462.63262939453125,450.7406311035156,461.09197998046875,411.0227966308594,14401395
2023-07-20,ITC,462.10302734375,475.3912658691406,458.63653564453125,473.89874267578125,422.43890380859375,21030102
2023-07-21,ITC,473.56170654296875,479.242919921875,468.9397277832031,472.26177978515625,420.97967529296875,14510084
2023-07-24,ITC,475.1505126953125,481.16876220703125,450.78875732421875,453.8700866699219,404.5850830078125,40477929
2023-07-25,ITC,450.54803466796875,451.12579345703125,438.5115966796875,445.1557312011719,396.8170166015625,45211370
2023-07-26,ITC,447.6593017578125,455.45892333984375,444.91497802734375,454.7367248535156,405.3576354980469,18842179
2023-07-27,ITC,456.8070068359375,457.5291748046875,444.0002136230469,447.8037414550781,399.177490234375,14528232
2023-07-28,ITC,450.35546875,452.0405578613281,446.2149353027344,451.07763671875,402.0958557128906,10362522
2023-07-31,ITC,451.60723876953125,452.2812805175781,446.31121826171875,448.42962646484375,399.7353820800781,8510403
2023-08-01,ITC,448.718505859375,451.4627990722656,446.60009765625,447.5630187988281,398.962890625,6686176
2023-08-02,ITC,447.37042236328125,447.5630187988281,441.0151672363281,443.03729248046875,394.92864990234375,10715605
2023-08-03,ITC,443.03729248046875,446.55194091796875,437.452392578125,439.13751220703125,391.4523010253906,11026824
2023-08-04,ITC,439.37823486328125,444.2890930175781,437.40423583984375,438.0782775878906,390.5080871582031,7097614
2023-08-07,ITC,437.25982666015625,439.61895751953125,434.22662353515625,438.0301513671875,390.46514892578125,9513953
2023-08-08,ITC,440.0522766113281,440.0522766113281,434.3229064941406,435.57470703125,388.2763977050781,6638681
2023-08-09,ITC,435.57470703125,442.8447265625,430.3268127441406,441.6410827636719,393.6840515136719,10134166
2023-08-10,ITC,441.8818054199219,442.2669677734375,432.34893798828125,434.9969482421875,387.7613525390625,13702317
2023-08-11,ITC,437.0672302246094,437.0672302246094,428.2565612792969,432.10821533203125,385.1863098144531,12028396
2023-08-14,ITC,432.10821533203125,434.5155029296875,428.5454406738281,432.5415344238281,385.57257080078125,7854074
2023-08-16,ITC,434.2747802734375,440.43743896484375,431.57861328125,433.5525817871094,386.4738464355469,15494896
2023-08-17,ITC,433.3118591308594,433.3118591308594,423.6827087402344,424.6456298828125,378.5340881347656,16896158
2023-08-18,ITC,424.6456298828125,426.9084777832031,422.23834228515625,425.2715148925781,379.092041015625,20068497
2023-08-21,ITC,425.6085510253906,431.86749267578125,424.9826354980469,431.1934509277344,384.3708801269531,9940689
2023-08-22,ITC,432.34893798828125,438.2708740234375,430.4231262207031,437.40423583984375,389.9072265625,10234488
2023-08-23,ITC,438.7041931152344,438.7523193359375,431.9637756347656,433.74517822265625,386.6455383300781,8770272
2023-08-24,ITC,433.8896179199219,436.68206787109375,432.6378173828125,434.1784973144531,387.03179931640625,6322751
2023-08-25,ITC,434.1784973144531,434.2747802734375,425.65667724609375,426.9084777832031,380.55120849609375,9628041
2023-08-28,ITC,428.4972839355469,430.2786865234375,424.6456298828125,425.0307922363281,378.8774108886719,7176903
2023-08-29,ITC,426.5233154296875,427.53436279296875,422.9123840332031,423.77899169921875,377.76153564453125,9845106
2023-08-30,ITC,424.6456298828125,427.53436279296875,424.1641540527344,426.3788757324219,380.0791015625,7648569
2023-08-31,ITC,426.5714416503906,428.4010009765625,419.9273376464844,423.3938293457031,377.418212890625,20666732
2023-09-01,ITC,423.6827087402344,428.4972839355469,422.0457458496094,424.6937561035156,378.5769348144531,11879159
2023-09-04,ITC,426.9084777832031,426.9084777832031,420.4569396972656,421.2754211425781,375.5298767089844,14128562
2023-09-05,ITC,422.6235046386719,428.0158386230469,422.23834228515625,426.6677551269531,380.33660888671875,8701612
2023-09-06,ITC,427.4862365722656,431.86749267578125,425.6085510253906,430.8564147949219,384.0704650878906,13358433
2023-09-07,ITC,432.1563720703125,432.34893798828125,428.11212158203125,429.3639221191406,382.74005126953125,8401953
2023-09-08,ITC,431.28973388671875,431.28973388671875,425.464111328125,426.23443603515625,379.9503479003906,10322317
2023-09-11,ITC,429.460205078125,431.4823303222656,426.23443603515625,430.6156921386719,383.8558654785156,9679540
2023-09-12,ITC,432.2526550292969,437.452392578125,429.0750427246094,434.4192199707031,387.2463684082031,14961276
2023-09-13,ITC,435.4302673339844,440.0522766113281,434.3710632324219,436.68206787109375,389.26348876953125,12268130
2023-09-14,ITC,438.9930725097656,438.9930725097656,430.56756591796875,433.2637023925781,386.21630859375,14986708
2023-09-15,ITC,431.4341735839844,435.333984375,430.4231262207031,431.7230529785156,384.8429870605469,15657801
2023-09-18,ITC,431.7230529785156,437.16351318359375,429.65277099609375,435.28582763671875,388.0188293457031,8513132
2023-09-20,ITC,434.9488220214844,438.22271728515625,432.8785400390625,436.1524658203125,388.7914123535156,10343224
2023-09-21,ITC,436.0080261230469,436.7301940917969,428.0158386230469,430.9045715332031,384.1134033203125,11132308
2023-09-22,ITC,430.9045715332031,431.7712097167969,425.8492736816406,426.6677551269531,380.33660888671875,7795399
2023-09-25,ITC,426.6677551269531,428.3046875,422.0939025878906,426.186279296875,379.9074401855469,6005673
2023-09-26,ITC,427.1492004394531,428.0158386230469,423.3938293457031,426.0418395996094,379.7786560058594,5533023
2023-09-27,ITC,426.0418395996094,433.1192626953125,422.5272216796875,432.4933776855469,385.5296325683594,10894817
2023-09-28,ITC,433.2637023925781,433.2637023925781,423.29754638671875,424.4049072265625,378.3194885253906,10610213
2023-09-29,ITC,425.6085510253906,429.0750427246094,422.9123840332031,427.9195251464844,381.45245361328125,8474326
2023-10-03,ITC,424.6456298828125,426.47515869140625,422.96051025390625,423.4419860839844,377.46112060546875,7770032
2023-10-04,ITC,423.4419860839844,425.3196716308594,417.2311706542969,419.9273376464844,374.3281555175781,13912656
2023-10-05,ITC,423.6827087402344,424.1641540527344,418.9162902832031,419.8791809082031,374.28521728515625,10416552
2023-10-06,ITC,421.6124267578125,427.1492004394531,420.4569396972656,425.7529602050781,379.5211486816406,8742804
2023-10-09,ITC,424.59747314453125,426.7640380859375,421.0346984863281,424.11602783203125,378.0619812011719,5827256
2023-10-10,ITC,424.11602783203125,428.35284423828125,424.11602783203125,427.9195251464844,381.45245361328125,5207891
2023-10-11,ITC,430.6156921386719,432.7822570800781,428.3046875,431.62677001953125,384.7571716308594,7946195
2023-10-12,ITC,432.974853515625,435.7191467285156,429.6046447753906,433.98590087890625,386.860107421875,12227957
2023-10-13,ITC,433.16741943359375,435.04510498046875,430.4231262207031,431.7230529785156,384.8429870605469,7926432
2023-10-16,ITC,431.3860168457031,434.2747802734375,429.65277099609375,432.3008117675781,385.3580017089844,4377288
2023-10-17,ITC,433.1192626953125,437.6449890136719,432.34893798828125,436.6339111328125,389.2205810546875,7203352
2023-10-18,ITC,437.40423583984375,441.207763671875,434.2747802734375,434.9006652832031,387.6755676269531,7160492
2023-10-19,ITC,433.0711364746094,438.0301513671875,430.2786865234375,433.697021484375,386.6026306152344,9830006
2023-10-20,ITC,428.4972839355469,432.34893798828125,421.1309814453125,422.0457458496094,376.2165222167969,13521824
2023-10-23,ITC,421.7568664550781,423.6345520019531,417.0386047363281,419.7347412109375,374.1564636230469,7555671
2023-10-25,ITC,420.6976623535156,421.7568664550781,411.21295166015625,416.6534118652344,371.4096984863281,11308597
2023-10-26,ITC,413.6202392578125,420.4087829589844,413.6202392578125,418.24224853515625,372.8260498046875,19525305
2023-10-27,ITC,418.24224853515625,420.60137939453125,416.1719665527344,417.66448974609375,372.31103515625,13638258
2023-10-30,ITC,418.434814453125,420.9383850097656,412.4647521972656,414.48687744140625,369.4784240722656,7911426
2023-10-31,ITC,414.0535583496094,417.2793273925781,412.03143310546875,412.51287841796875,367.7187805175781,8952141
2023-11-01,ITC,414.0535583496094,415.1127624511719,409.7204284667969,412.2240295410156,367.4613342285156,8297973
2023-11-02,ITC,414.1017150878906,416.6534118652344,412.7536315917969,415.1609191894531,370.07928466796875,8465990
2023-11-03,ITC,416.7497253417969,418.2903747558594,415.1127624511719,417.1830139160156,371.8818054199219,14334179
2023-11-06,ITC,417.42376708984375,420.60137939453125,416.5090026855469,419.20513916015625,373.68438720703125,7589690
2023-11-07,ITC,418.7718505859375,418.7718505859375,416.1238098144531,416.6534118652344,371.4096984863281,5321353
2023-11-08,ITC,417.08673095703125,421.2754211425781,416.26824951171875,420.7458190917969,375.0577087402344,7248663
2023-11-09,ITC,421.5643005371094,421.7568664550781,417.8089294433594,418.2903747558594,372.86895751953125,8085620
2023-11-10,ITC,418.2903747558594,421.7568664550781,416.4608459472656,420.36065673828125,374.71441650390625,4236307
2023-11-13,ITC,422.14202880859375,422.14202880859375,418.8681335449219,419.8310546875,374.2422790527344,3888975
2023-11-15,ITC,421.8531799316406,426.0899963378906,421.2754211425781,425.5603942871094,379.34954833984375,7722827
2023-11-16,ITC,425.5603942871094,428.0158386230469,421.3717041015625,422.3827819824219,376.5169372558594,11276031
2023-11-17,ITC,422.96051025390625,425.1270751953125,422.0457458496094,422.96051025390625,377.031982421875,6911592
2023-11-20,ITC,423.53826904296875,423.9715881347656,418.3866882324219,420.60137939453125,374.928955078125,4502356
2023-11-21,ITC,420.9383850097656,423.0086669921875,419.3495788574219,420.07177734375,374.4568786621094,6228803
2023-11-22,ITC,420.7939758300781,424.06787109375,418.675537109375,423.3938293457031,377.418212890625,5074887
2023-11-23,ITC,424.59747314453125,425.8492736816406,421.99761962890625,424.01971435546875,377.9761657714844,6611803
2023-11-24,ITC,424.6456298828125,425.8492736816406,420.6495361328125,421.5643005371094,375.787353515625,7084608
2023-11-28,ITC,421.7568664550781,422.71978759765625,418.7718505859375,419.1088562011719,373.5985107421875,9082513
2023-11-29,ITC,419.8310546875,422.23834228515625,418.0496520996094,420.9865417480469,375.2723388671875,14316126
2023-11-30,ITC,420.5050964355469,422.190185546875,418.3866882324219,419.6384582519531,374.0706481933594,15710110
2023-12-01,ITC,421.66058349609375,434.22662353515625,421.17913818359375,433.1192626953125,386.08758544921875,20081576
2023-12-04,ITC,438.1264343261719,439.4745178222656,434.2747802734375,437.211669921875,389.7356262207031,13293194
2023-12-05,ITC,438.1264343261719,440.8226013183594,433.40814208984375,434.9969482421875,387.7613525390625,12603697
2023-12-06,ITC,437.0672302246094,447.2741394042969,435.333984375,446.07049560546875,397.6324462890625,21203900
2023-12-07,ITC,447.5148620605469,447.5630187988281,440.43743896484375,441.1114807128906,393.2119140625,11746535
2023-12-08,ITC,442.8928527832031,444.481689453125,431.86749267578125,432.4933776855469,385.5296325683594,19386851
2023-12-11,ITC,434.7562255859375,436.7783508300781,432.6378173828125,435.6709899902344,388.36224365234375,6854157
2023-12-12,ITC,437.3561096191406,442.9410095214844,435.57470703125,436.2969055175781,388.9201965332031,10549319
2023-12-13,ITC,439.37823486328125,441.8336486816406,436.2969055175781,438.7523193359375,391.1089782714844,11718443
2023-12-14,ITC,442.9410095214844,443.9039306640625,432.7822570800781,443.03729248046875,394.92864990234375,14924265
2023-12-15,ITC,444.7705383300781,445.7816162109375,438.1264343261719,441.207763671875,393.2977600097656,16397959
2023-12-18,ITC,438.1264343261719,439.08935546875,433.64886474609375,434.9006652832031,387.6755676269531,12490839
2023-12-19,ITC,436.5376281738281,441.0151672363281,435.28582763671875,439.1856384277344,391.4952087402344,10664235
2023-12-20,ITC,441.97808837890625,442.21881103515625,432.6378173828125,434.2747802734375,387.11761474609375,10766954
2023-12-21,ITC,432.34893798828125,436.92279052734375,427.9676818847656,434.7080993652344,387.50390625,11584223
2023-12-22,ITC,436.2005920410156,438.9930725097656,433.8414611816406,438.31903076171875,390.72265625,11450973
2023-12-26,ITC,439.13751220703125,441.8818054199219,437.8375549316406,439.5226745605469,391.795654296875,6097422
2023-12-27,ITC,440.0522766113281,441.49664306640625,436.92279052734375,440.1485595703125,392.35357666015625,7833901
2023-12-28,ITC,440.2448425292969,447.4667053222656,439.1856384277344,446.88897705078125,398.362060546875,21493169
2023-12-29,ITC,446.88897705078125,450.54803466796875,444.2409362792969,444.963134765625,396.6453552246094,13384631
2024-01-01,ITC,446.31121826171875,452.52203369140625,445.49273681640625,450.6924743652344,401.7525634765625,9706230
2024-01-02,ITC,452.5701599121094,453.8700866699219,446.4075012207031,452.9071960449219,403.72674560546875,10924918
2024-01-03,ITC,452.8108825683594,462.87335205078125,451.94427490234375,459.5513000488281,409.6493835449219,24961710
2024-01-04,ITC,462.1993103027344,463.5955505371094,456.6144104003906,458.7328186035156,408.9197998046875,12240910
2024-01-05,ITC,461.62158203125,461.62158203125,454.4960021972656,456.3736877441406,406.81683349609375,9564086
2024-01-08,ITC,457.3847351074219,457.8662109375,447.322265625,448.237060546875,399.5637512207031,8311403
2024-01-09,ITC,450.1628723144531,452.52203369140625,446.4556579589844,447.322265625,398.748291015625,5916180
2024-01-10,ITC,447.322265625,449.4407043457031,442.9891662597656,446.1186218261719,397.6753234863281,6123200
2024-01-11,ITC,446.88897705078125,449.24810791015625,444.0002136230469,445.49273681640625,397.117431640625,6786448
2024-01-12,ITC,446.07049560546875,450.35546875,443.2780456542969,449.3925476074219,400.5937805175781,9714589
2024-01-15,ITC,452.5701599121094,453.0516357421875,448.8147888183594,450.2591552734375,401.3663024902344,7167978
2024-01-16,ITC,450.4517517089844,457.3847351074219,447.0334167480469,454.7848815917969,405.4005432128906,12531058
2024-01-17,ITC,453.9182434082031,459.3105773925781,447.94818115234375,449.2962646484375,400.5079650878906,11536527
2024-01-18,ITC,447.9963073730469,450.4999084472656,437.693115234375,448.237060546875,399.5637512207031,9495938
2024-01-19,ITC,451.1739501953125,455.45892333984375,449.1036682128906,454.0145263671875,404.7138366699219,12673308
2024-01-23,ITC,456.18109130859375,456.18109130859375,439.4745178222656,442.2669677734375,394.2419128417969,8728196
2024-01-24,ITC,443.03729248046875,450.06658935546875,441.1114807128906,446.4075012207031,397.932861328125,22459072
2024-01-25,ITC,446.359375,447.7074279785156,435.333984375,438.7523193359375,391.1089782714844,20435547
2024-01-29,ITC,438.9930725097656,440.2929992675781,430.9045715332031,433.1192626953125,386.08758544921875,18557346
2024-01-30,ITC,430.4231262207031,436.8746337890625,421.17913818359375,421.8050231933594,376.00189208984375,45190319
2024-01-31,ITC,423.6827087402344,426.0899963378906,422.430908203125,425.17523193359375,379.0061950683594,20648695
2024-02-01,ITC,425.6085510253906,431.1452941894531,423.0086669921875,426.47515869140625,380.1649475097656,19903526
2024-02-02,ITC,428.4972839355469,430.6156921386719,423.2012634277344,423.77899169921875,377.76153564453125,17816750
2024-02-05,ITC,425.6085510253906,427.1973571777344,420.36065673828125,421.8050231933594,376.00189208984375,12505666
2024-02-06,ITC,423.6827087402344,424.54931640625,413.57208251953125,415.4016418457031,370.2938537597656,19487043
2024-02-07,ITC,418.8681335449219,418.8681335449219,414.8238830566406,415.78680419921875,370.63720703125,13376903
2024-02-08,ITC,413.09063720703125,413.1869201660156,393.4471740722656,399.176513671875,361.260986328125,50039587
2024-02-09,ITC,394.89154052734375,408.4686584472656,393.4471740722656,400.0912780761719,362.0888671875,33527317
2024-02-12,ITC,402.06524658203125,402.4985656738281,390.9917297363281,391.7620544433594,354.55078125,11326971
2024-02-13,ITC,391.8102111816406,395.5655822753906,388.3437194824219,391.665771484375,354.4636535644531,16207766
2024-02-14,ITC,390.943603515625,396.9618225097656,389.4029235839844,396.28778076171875,358.64666748046875,12618012
2024-02-15,ITC,397.6839904785156,399.176513671875,388.19927978515625,388.9214782714844,351.9800109863281,21169031
2024-02-16,ITC,389.9806823730469,394.3619384765625,384.5883483886719,389.59552001953125,352.590087890625,38963810
2024-02-19,ITC,389.9806823730469,397.4432678222656,389.59552001953125,394.07305908203125,356.64227294921875,17602580
2024-02-20,ITC,395.22857666015625,395.22857666015625,389.306640625,391.0398864746094,353.897216796875,14626643
2024-02-21,ITC,391.906494140625,394.89154052734375,386.4178771972656,388.3918762207031,351.500732421875,20162369
2024-02-22,ITC,391.8102111816406,399.7542724609375,388.4881591796875,399.0802307128906,361.1738586425781,19321180
2024-02-23,ITC,400.4764404296875,400.4764404296875,395.2767028808594,396.1433410644531,358.5159606933594,11576964
2024-02-26,ITC,395.8544616699219,397.7321472167969,392.19537353515625,394.0249328613281,356.5987243652344,8289561
2024-02-27,ITC,394.7952575683594,397.4432678222656,393.3990173339844,395.902587890625,358.29803466796875,8083518
2024-02-28,ITC,395.902587890625,397.05810546875,391.71392822265625,393.1582946777344,355.81439208984375,8949664
2024-02-29,ITC,393.83233642578125,395.8063049316406,389.49920654296875,391.2324523925781,354.07147216796875,15468800
2024-03-01,ITC,393.7360534667969,397.82843017578125,392.3879699707031,394.31378173828125,356.8601379394531,12873024
2024-03-04,ITC,396.9618225097656,397.6358642578125,393.302734375,393.9286193847656,356.5115661621094,7103794
2024-03-05,ITC,394.4582214355469,396.1433410644531,388.9696044921875,391.0880126953125,353.9407958984375,10108373
2024-03-06,ITC,391.425048828125,394.7471008300781,385.84014892578125,392.7249755859375,355.4222106933594,11534613
2024-03-07,ITC,392.7249755859375,399.5616760253906,388.68072509765625,398.2135925292969,360.3895263671875,23907135
2024-03-11,ITC,401.34307861328125,402.7874450683594,392.8694152832031,394.2174987792969,356.7729797363281,18298683
2024-03-12,ITC,391.425048828125,391.425048828125,384.5401916503906,389.4510803222656,352.4593200683594,36226074
2024-03-13,ITC,418.8681335449219,421.7568664550781,405.5317687988281,406.7835388183594,368.1455078125,105525827
2024-03-14,ITC,406.3020935058594,409.7204284667969,402.4985656738281,404.0873718261719,365.70538330078125,31949569
2024-03-15,ITC,401.7282409667969,412.6573181152344,399.8505554199219,403.5577697753906,365.2261047363281,76074975
2024-03-18,ITC,403.46148681640625,405.09844970703125,401.4393615722656,401.9689636230469,363.7881774902344,16547358
2024-03-19,ITC,402.4985656738281,403.9910888671875,393.54345703125,394.3619384765625,356.90374755859375,21803126
2024-03-20,ITC,394.7952575683594,401.1986389160156,394.3619384765625,400.28387451171875,362.2631530761719,20364534
2024-03-21,ITC,403.46148681640625,406.3502197265625,400.76531982421875,405.6280517578125,367.0997314453125,19968509
2024-03-22,ITC,405.6280517578125,413.7165222167969,405.6280517578125,412.7054748535156,373.5048828125,40358503
2024-03-26,ITC,409.7685852050781,413.2832336425781,409.7685852050781,411.79071044921875,372.67706298828125,10669833
2024-03-27,ITC,411.164794921875,412.9943542480469,410.63519287109375,412.1277160644531,372.9820556640625,12698464
2024-03-28,ITC,412.1277160644531,417.1830139160156,411.164794921875,412.4647521972656,373.28704833984375,29009002
2024-04-01,ITC,413.1869201660156,415.3534851074219,409.9611511230469,410.8759460449219,371.8492126464844,9743648
2024-04-02,ITC,412.8017578125,412.8017578125,408.85382080078125,410.0574645996094,371.1084289550781,9194659
2024-04-03,ITC,410.201904296875,412.8980712890625,405.3873291015625,409.4315490722656,370.5419616699219,13152268
2024-04-04,ITC,409.7685852050781,411.5018310546875,404.328125,407.0724182128906,368.4069519042969,19065447
2024-04-05,ITC,406.8316955566406,415.6905212402344,404.3762512207031,411.6944274902344,372.5898742675781,16768902
2024-04-08,ITC,412.4165954589844,415.4016418457031,411.8869934082031,413.1869201660156,373.9406433105469,8844633
2024-04-09,ITC,414.48687744140625,415.4979248046875,409.7685852050781,410.5389099121094,371.5441589355469,6967273
2024-04-10,ITC,412.4165954589844,421.5643005371094,409.9611511230469,420.7458190917969,380.7815246582031,14547618
2024-04-12,ITC,418.8681335449219,419.59033203125,412.4165954589844,414.14984130859375,374.8121032714844,18785009
2024-04-15,ITC,412.1277160644531,413.2350769042969,407.21685791015625,410.1055908203125,371.1519775390625,9083087
2024-04-16,ITC,407.5538635253906,411.164794921875,407.5057373046875,410.1055908203125,371.1519775390625,10357752
2024-04-18,ITC,410.201904296875,411.0685119628906,402.16156005859375,403.3170471191406,365.0082092285156,22133191
2024-04-19,ITC,402.4985656738281,410.442626953125,400.57275390625,408.9982604980469,370.14984130859375,17221280
2024-04-22,ITC,411.164794921875,411.7425537109375,407.6501770019531,409.5278625488281,370.6291198730469,7386048
2024-04-23,ITC,409.5278625488281,414.5350036621094,409.33526611328125,413.2832336425781,374.0278015136719,12484384
2024-04-24,ITC,413.33135986328125,414.8238830566406,412.4165954589844,412.9943542480469,373.766357421875,6070285
2024-04-25,ITC,415.0164794921875,422.0457458496094,413.09063720703125,421.3235778808594,381.304443359375,30337038
2024-04-26,ITC,422.96051025390625,426.8603210449219,420.2162170410156,423.6827087402344,383.4394836425781,15342965
2024-04-29,ITC,425.6085510253906,426.0418395996094,418.48297119140625,421.949462890625,381.870849609375,12075706
2024-04-30,ITC,423.6345520019531,424.1641540527344,418.96441650390625,419.4940185546875,379.648681640625,12528665
2024-05-02,ITC,419.8310546875,426.186279296875,418.72369384765625,422.71978759765625,382.5680236816406,24123523
2024-05-03,ITC,423.7308654785156,423.7308654785156,415.3534851074219,420.26434326171875,380.3458251953125,23786388
2024-05-06,ITC,421.7568664550781,424.11602783203125,417.2793273925781,418.6274108886719,378.8643493652344,10753860
2024-05-07,ITC,420.6976623535156,429.460205078125,419.0606994628906,424.01971435546875,383.7445068359375,26969062
2024-05-08,ITC,424.8863525390625,428.2084045410156,421.949462890625,424.6456298828125,384.3109436035156,10916481
2024-05-09,ITC,423.7308654785156,425.1270751953125,407.6501770019531,409.33526611328125,370.454833984375,24314298
2024-05-10,ITC,410.683349609375,420.1680603027344,410.683349609375,417.2793273925781,377.644287109375,14524604
2024-05-13,ITC,417.1830139160156,419.30145263671875,413.57208251953125,415.8349609375,376.337158203125,7584217
2024-05-14,ITC,414.5350036621094,417.2311706542969,412.6573181152344,413.7646789550781,374.4635009765625,11423749
2024-05-15,ITC,414.7757263183594,417.1830139160156,410.924072265625,411.9351501464844,372.8077697753906,7856433
2024-05-16,ITC,414.0535583496094,416.55712890625,407.21685791015625,415.44976806640625,375.9885559082031,23911954
2024-05-17,ITC,416.36456298828125,421.2754211425781,412.9943542480469,420.11993408203125,380.21514892578125,11894830
2024-05-21,ITC,419.8310546875,420.8902587890625,417.1348876953125,418.675537109375,378.90789794921875,11175153
2024-05-22,ITC,421.1309814453125,425.5603942871094,419.2532958984375,423.58642578125,383.35235595703125,11036895
2024-05-23,ITC,425.0307922363281,428.4010009765625,420.36065673828125,424.9826354980469,384.6159362792969,27244733
2024-05-24,ITC,424.6456298828125,426.0418395996094,419.1570129394531,420.02362060546875,380.1279602050781,13252938
2024-05-27,ITC,422.5272216796875,422.6235046386719,414.72760009765625,415.4979248046875,376.0321044921875,12282545
2024-05-28,ITC,416.07568359375,416.4608459472656,412.3684387207031,413.09063720703125,373.8534851074219,9668761
2024-05-29,ITC,409.7204284667969,416.36456298828125,409.7204284667969,414.96832275390625,375.5528259277344,10832067
2024-05-30,ITC,412.60919189453125,414.96832275390625,406.687255859375,408.1316223144531,369.3655090332031,21314885
2024-05-31,ITC,410.924072265625,413.6202392578125,408.51678466796875,410.63519287109375,371.63128662109375,29300711
2024-06-03,ITC,417.90521240234375,418.7718505859375,412.7536315917969,414.39056396484375,375.0299377441406,16116836
2024-06-04,ITC,410.201904296875,410.49078369140625,387.910400390625,399.8023986816406,368.4967956542969,47791986
2024-06-05,ITC,406.3502197265625,419.8310546875,402.5467224121094,414.3424377441406,381.8983459472656,28197030
2024-06-06,ITC,419.8310546875,421.4679870605469,415.1127624511719,419.2532958984375,386.4246520996094,32318523
2024-06-07,ITC,415.4016418457031,425.2715148925781,415.1127624511719,422.8642272949219,389.75286865234375,29543660
2024-06-10,ITC,423.6827087402344,424.6456298828125,419.6866149902344,420.6976623535156,387.75592041015625,11872688
2024-06-11,ITC,420.7939758300781,421.5643005371094,416.2201232910156,416.9422912597656,384.29461669921875,13158571
2024-06-12,ITC,414.5831604003906,418.2903747558594,414.2461242675781,416.26824951171875,383.67333984375,10751658
2024-06-13,ITC,420.6976623535156,420.6976623535156,413.8128356933594,414.3424377441406,381.8983459472656,9641349
2024-06-14,ITC,415.0164794921875,415.8830871582031,413.1387939453125,415.1609191894531,382.6527099609375,9572809
2024-06-18,ITC,416.9422912597656,418.0978088378906,412.3203125,412.84991455078125,380.5226745605469,14641141
2024-06-19,ITC,414.0535583496094,414.7757263183594,407.3612976074219,407.9390563964844,375.996337890625,11329972
2024-06-20,ITC,408.32421875,410.683349609375,405.8687744140625,407.6020202636719,375.68572998046875,15147549
2024-06-21,ITC,409.2389831542969,409.5278625488281,403.0281677246094,404.03924560546875,372.40191650390625,26176371
2024-06-24,ITC,404.4244079589844,408.2279052734375,404.4244079589844,407.6020202636719,375.68572998046875,9723008
2024-06-25,ITC,407.3131408691406,408.27606201171875,404.1836853027344,407.6020202636719,375.68572998046875,10655609
2024-06-26,ITC,407.3131408691406,410.5870666503906,406.39837646484375,408.2279052734375,376.2625732421875,11511714
2024-06-27,ITC,408.2279052734375,411.4055480957031,405.4836120605469,409.8167419433594,377.72698974609375,38438054
2024-06-28,ITC,409.7204284667969,412.1277160644531,407.79461669921875,409.1427001953125,377.105712890625,18554411
2024-07-01,ITC,410.49078369140625,414.2942810058594,408.9019470214844,413.1387939453125,380.7889709472656,13391362
2024-07-02,ITC,414.0535583496094,414.679443359375,406.87982177734375,409.7204284667969,377.63824462890625,11177863
2024-07-03,ITC,410.2981872558594,413.7165222167969,409.7204284667969,412.4165954589844,380.123291015625,7435499
2024-07-04,ITC,414.0535583496094,415.4979248046875,411.21295166015625,413.1387939453125,380.7889709472656,9478861
2024-07-05,ITC,413.09063720703125,417.90521240234375,411.7425537109375,417.5682067871094,384.87152099609375,13427543
2024-07-08,ITC,419.0125732421875,428.06396484375,417.5682067871094,427.1492004394531,393.7022705078125,21311436
2024-07-09,ITC,431.0008544921875,438.1264343261719,427.53436279296875,435.8154296875,401.6899108886719,27489709
2024-07-10,ITC,436.8746337890625,438.4634704589844,429.941650390625,434.7080993652344,400.6693420410156,12065662
2024-07-11,ITC,433.3118591308594,442.4595642089844,432.06005859375,441.6410827636719,407.0594482421875,19556596
2024-07-12,ITC,441.6410827636719,446.07049560546875,438.9449157714844,442.0262451171875,407.4144287109375,19693114
2024-07-15,ITC,442.0262451171875,449.1518249511719,440.2448425292969,446.2149353027344,411.2751159667969,16876907
2024-07-16,ITC,446.2630615234375,449.4407043457031,444.2890930175781,448.2851867675781,413.18328857421875,13497253
2024-07-18,ITC,445.82977294921875,453.4367980957031,445.49273681640625,452.8108825683594,417.3545837402344,21907158
2024-07-19,ITC,453.5330810546875,461.62158203125,451.9924011230469,456.951416015625,421.1709289550781,25939326
2024-07-22,ITC,456.99957275390625,461.6697082519531,448.5740661621094,449.24810791015625,414.07080078125,18762384
2024-07-23,ITC,449.24810791015625,478.95404052734375,449.1036682128906,473.9468688964844,436.8355712890625,56125835
2024-07-24,ITC,477.60595703125,491.7126770019531,472.4543762207031,475.728271484375,438.4775085449219,43693692
2024-07-25,ITC,471.8284606933594,477.60595703125,466.6768798828125,471.78033447265625,434.83868408203125,18567567
2024-07-26,ITC,475.728271484375,487.6202697753906,469.32489013671875,483.5760498046875,445.7107849121094,21534703
2024-07-29,ITC,486.753662109375,487.4277038574219,475.728271484375,477.65411376953125,440.2525329589844,12978187
2024-07-30,ITC,477.89483642578125,479.3392028808594,470.5285339355469,471.732177734375,434.7943115234375,13891052
2024-07-31,ITC,474.1876220703125,479.483642578125,472.3099365234375,476.9800720214844,439.63128662109375,11982586
2024-08-01,ITC,477.55780029296875,478.3281555175781,472.74322509765625,475.3912658691406,438.1668701171875,12114803
2024-08-02,ITC,466.8213195800781,480.9280090332031,466.8213195800781,470.96185302734375,434.08428955078125,22141163
2024-08-05,ITC,462.2474670410156,473.65802001953125,461.7659912109375,467.976806640625,431.3329772949219,25022076
2024-08-06,ITC,468.217529296875,473.4654235839844,466.09912109375,468.26568603515625,431.5992736816406,14251363
2024-08-07,ITC,471.8284606933594,477.2207946777344,469.9989318847656,474.38018798828125,437.2349548339844,11320399
2024-08-08,ITC,475.6801452636719,479.53179931640625,474.2357482910156,476.4023132324219,439.0987548828125,21349889
2024-08-09,ITC,479.53179931640625,479.53179931640625,474.8135070800781,477.5096740722656,440.11944580078125,9556181
2024-08-12,ITC,473.7543029785156,481.4576110839844,473.7543029785156,476.25787353515625,438.9656066894531,9425644
2024-08-13,ITC,477.55780029296875,479.3873596191406,470.14337158203125,471.8284606933594,434.883056640625,8056478
2024-08-14,ITC,473.7061462402344,480.4947204589844,471.732177734375,473.9468688964844,436.8355712890625,9609981
2024-08-16,ITC,476.1615905761719,485.5018615722656,474.38018798828125,484.00933837890625,446.1101379394531,13643352
2024-08-19,ITC,486.0314636230469,490.4127197265625,481.07244873046875,482.8538513183594,445.0451354980469,10591508
2024-08-20,ITC,482.4205322265625,484.7315368652344,479.242919921875,480.3021240234375,442.6932373046875,6888634
2024-08-21,ITC,481.4576110839844,490.1238708496094,480.5428466796875,486.6573791503906,448.5508117675781,8801221
2024-08-22,ITC,489.0165100097656,489.64239501953125,482.8538513183594,485.8388977050781,447.79644775390625,8686423
2024-08-23,ITC,486.3203430175781,488.1498718261719,481.40948486328125,487.04254150390625,448.90582275390625,8195369
2024-08-26,ITC,487.235107421875,489.16094970703125,483.3834533691406,486.94622802734375,448.8170471191406,8126402
2024-08-27,ITC,488.7276306152344,488.7757873535156,481.4576110839844,482.0353698730469,444.2907409667969,8260450
2024-08-28,ITC,481.8427734375,483.6723327636719,478.0874328613281,478.8577575683594,441.3619384765625,8081932
2024-08-29,ITC,479.53179931640625,488.8720703125,478.9058837890625,486.3684997558594,448.2845764160156,19389694
2024-08-30,ITC,483.3352966308594,490.268310546875,481.65020751953125,483.28717041015625,445.44451904296875,15523349
2024-09-02,ITC,485.3092956542969,493.8792419433594,484.63525390625,491.1349182128906,452.677734375,16497266
2024-09-03,ITC,491.1349182128906,496.8161315917969,489.0646667480469,490.509033203125,452.10089111328125,12481552
2024-09-04,ITC,481.4576110839844,491.1349182128906,481.40948486328125,487.5721435546875,449.3939514160156,8739052
2024-09-05,ITC,489.4979553222656,492.91632080078125,488.2461853027344,492.2422790527344,453.6983947753906,11318636
2024-09-06,ITC,493.0126037597656,493.0126037597656,478.71331787109375,483.0945739746094,445.2669677734375,14245025
2024-09-09,ITC,483.3834533691406,493.63848876953125,481.7946472167969,492.7718811035156,454.1865539550781,14265060
2024-09-10,ITC,492.91632080078125,495.9013366699219,489.88311767578125,494.55328369140625,455.8284606933594,11332248
2024-09-11,ITC,493.97552490234375,500.2344665527344,492.9644470214844,495.27545166015625,456.4940490722656,15497555
2024-09-12,ITC,495.9976501464844,501.1973876953125,489.6905517578125,500.2344665527344,461.0648193359375,19085324
2024-09-13,ITC,500.2344665527344,500.7159118652344,493.0126037597656,494.79400634765625,456.0503234863281,9165077
2024-09-16,ITC,496.7679748535156,497.8271789550781,490.79791259765625,492.14599609375,453.60968017578125,7821668
2024-09-17,ITC,492.09783935546875,494.505126953125,487.475830078125,488.92022705078125,450.636474609375,10889862
2024-09-18,ITC,489.0165100097656,493.39776611328125,486.3684997558594,488.5350341796875,450.28143310546875,5638729
2024-09-19,ITC,491.0867614746094,495.7087707519531,488.6794738769531,489.40167236328125,451.08026123046875,14461616
2024-09-20,ITC,493.0126037597656,498.1642150878906,489.16094970703125,495.3236083984375,456.5384521484375,24725118
2024-09-23,ITC,496.33465576171875,500.1863098144531,494.55328369140625,497.7790222167969,458.8016052246094,8105508
2024-09-24,ITC,497.8271789550781,498.5975036621094,495.0828857421875,496.14208984375,457.2928771972656,7015487
2024-09-25,ITC,496.3828125,500.0419006347656,493.3014831542969,498.3567810058594,459.3341369628906,8802667
2024-09-26,ITC,498.45306396484375,504.3268737792969,497.8271789550781,503.36395263671875,463.9491882324219,16086557
2024-09-27,ITC,500.9566650390625,508.90069580078125,500.9566650390625,503.3157958984375,463.90484619140625,17916386
2024-09-30,ITC,501.2936706542969,504.90460205078125,494.986572265625,498.9345397949219,459.8666687011719,10936940
2024-10-01,ITC,498.9345397949219,500.4751892089844,494.9384460449219,497.0568542480469,458.135986328125,5285319
2024-10-03,ITC,489.6905517578125,496.57537841796875,489.2572326660156,493.73480224609375,455.07403564453125,16481353
2024-10-04,ITC,491.0867614746094,498.1642150878906,482.95013427734375,484.8759765625,446.90887451171875,18930962
2024-10-07,ITC,488.1980285644531,495.85321044921875,487.9573059082031,491.27935791015625,452.8108825683594,17114457
2024-10-08,ITC,491.0867614746094,493.5422058105469,487.235107421875,489.11279296875,450.8139953613281,9868331
2024-10-09,ITC,490.8941955566406,490.8941955566406,472.3580627441406,473.4654235839844,436.391845703125,24874940
2024-10-10,ITC,476.9800720214844,477.2689514160156,471.2988586425781,473.8024597167969,436.7024841308594,13292273
2024-10-11,ITC,474.71722412109375,475.6319885253906,469.32489013671875,470.09521484375,433.2855224609375,14949380
2024-10-14,ITC,472.7913818359375,480.4947204589844,470.5285339355469,478.5207214355469,441.0513000488281,6970606
2024-10-15,ITC,479.53179931640625,480.8798828125,476.1615905761719,480.0614013671875,442.4713439941406,8347216
2024-10-16,ITC,477.60595703125,480.35028076171875,474.09130859375,474.9097900390625,437.7231140136719,6939430
2024-10-17,ITC,476.6430358886719,476.6430358886719,469.90264892578125,470.7692565917969,433.9067687988281,7669729
2024-10-18,ITC,470.62481689453125,473.32098388671875,460.6586608886719,468.6508483886719,431.9542541503906,22616838
2024-10-21,ITC,468.6508483886719,469.5174865722656,459.6475830078125,465.7139587402344,429.2473449707031,7680088
2024-10-22,ITC,465.7139587402344,470.2878112792969,462.9696350097656,463.93255615234375,427.60540771484375,12772970
2024-10-23,ITC,463.1622314453125,465.3769226074219,461.7178649902344,462.5363464355469,426.31854248046875,10553961
2024-10-24,ITC,464.1251525878906,464.51031494140625,452.5701599121094,454.2071228027344,418.6415100097656,13596626
2024-10-25,ITC,458.1550598144531,475.19866943359375,456.6144104003906,464.4140319824219,428.0491638183594,32154050
2024-10-28,ITC,464.0769958496094,467.8805236816406,458.34765625,466.1954040527344,429.6910705566406,8946214
2024-10-29,ITC,467.0138854980469,471.0581359863281,463.45111083984375,469.8544921875,433.06365966796875,7131161
2024-10-30,ITC,469.8544921875,474.95794677734375,468.458251953125,473.32098388671875,436.2586975097656,6640080
2024-10-31,ITC,473.7543029785156,474.71722412109375,466.7250061035156,470.6729736328125,433.81805419921875,8111694
2024-11-01,ITC,472.7913818359375,473.8505859375,471.1544189453125,472.1173400878906,435.1493225097656,1517892
2024-11-04,ITC,475.1505126953125,475.1505126953125,461.7659912109375,466.62872314453125,430.0904846191406,8754385
2024-11-05,ITC,465.0399169921875,467.0620422363281,459.2624206542969,462.39190673828125,426.1853942871094,7610046
2024-11-06,ITC,462.39190673828125,466.4361572265625,460.27349853515625,463.2585144042969,426.984130859375,11749720
2024-11-07,ITC,463.8844299316406,464.7991943359375,458.4439392089844,460.17718505859375,424.14410400390625,9267980
2024-11-08,ITC,460.17718505859375,462.87335205078125,456.99957275390625,460.3216247558594,424.2772216796875,6325023
2024-11-11,ITC,460.3216247558594,463.6436767578125,456.51812744140625,459.2624206542969,423.30096435546875,5700343
2024-11-12,ITC,459.8883361816406,460.225341796875,453.6775207519531,455.3144836425781,419.6621398925781,5236095
2024-11-13,ITC,452.6183166503906,457.0958557128906,450.88507080078125,454.6885681152344,419.08526611328125,11548660
2024-11-14,ITC,453.7256774902344,455.4107666015625,445.1075744628906,448.67034912109375,413.53826904296875,12087836
2024-11-18,ITC,448.718505859375,450.4517517089844,444.8668518066406,449.24810791015625,414.07080078125,8448573
2024-11-19,ITC,450.64434814453125,456.18109130859375,448.959228515625,450.0184326171875,414.7807922363281,7121472
2024-11-21,ITC,443.9039306640625,446.8408203125,438.5115966796875,440.19671630859375,405.7281494140625,20313155
2024-11-22,ITC,439.28192138671875,458.8291015625,438.6078796386719,457.0477294921875,421.2596740722656,20214206
2024-11-25,ITC,461.23638916015625,464.3177185058594,454.88116455078125,459.11798095703125,423.1678161621094,14427013
2024-11-26,ITC,462.1993103027344,464.75103759765625,456.51812744140625,459.3105773925781,423.3453369140625,6791715
2024-11-27,ITC,459.7920227050781,462.2956237792969,455.45892333984375,459.2624206542969,423.30096435546875,7339184
2024-11-28,ITC,459.3105773925781,465.8583984375,453.0997619628906,457.2884521484375,421.4815368652344,14967609
2024-11-29,ITC,455.6514892578125,461.1401062011719,455.07373046875,459.0698547363281,423.1234436035156,8668142
2024-12-02,ITC,458.34765625,461.5252685546875,455.8440856933594,459.5031433105469,423.5228576660156,5689595
2024-12-03,ITC,448.718505859375,455.8440856933594,445.5890197753906,455.0256042480469,419.3959045410156,23073942
2024-12-04,ITC,456.8070068359375,460.466064453125,449.1036682128906,449.7777099609375,414.5589294433594,13957078
2024-12-05,ITC,450.2110290527344,455.2181701660156,445.3482971191406,450.1628723144531,414.9139404296875,27432375
2024-12-06,ITC,452.5701599121094,457.33660888671875,450.35546875,453.6775207519531,418.1534118652344,7842234
2024-12-09,ITC,454.0145263671875,454.4960021972656,445.7816162109375,447.7074279785156,412.6507568359375,12154116
2024-12-10,ITC,448.0926208496094,449.1518249511719,445.444580078125,448.18890380859375,413.09454345703125,9163636
2024-12-11,ITC,449.8739929199219,450.8369140625,447.4667053222656,447.9963073730469,412.9170227050781,7005617
2024-12-12,ITC,448.237060546875,450.54803466796875,442.1225280761719,443.5187683105469,408.79010009765625,13380617
2024-12-13,ITC,442.9410095214844,456.8070068359375,434.9006652832031,452.5701599121094,417.1327209472656,32976794
2024-12-16,ITC,452.8108825683594,456.8070068359375,450.64434814453125,452.66644287109375,417.2214660644531,9354160
2024-12-17,ITC,452.5701599121094,458.1550598144531,445.8778991699219,452.1368408203125,416.73333740234375,20608409
2024-12-18,ITC,455.1700439453125,456.229248046875,449.5851135253906,453.0516357421875,417.5765075683594,12841386
2024-12-19,ITC,451.60723876953125,456.75885009765625,448.0444641113281,449.24810791015625,414.07080078125,15161531
2024-12-20,ITC,449.199951171875,450.11474609375,442.2669677734375,447.4185791015625,412.384521484375,20231570
2024-12-23,ITC,453.7256774902344,459.984619140625,450.2591552734375,456.6625671386719,420.9046936035156,19562956
2024-12-24,ITC,457.2884521484375,462.4400329589844,455.12188720703125,460.706787109375,424.6322326660156,12009880
2024-12-26,ITC,462.7289123535156,463.980712890625,458.34765625,459.2624206542969,423.30096435546875,9188830
2024-12-27,ITC,461.9585876464844,464.02886962890625,458.34765625,460.8512268066406,424.7653503417969,16906420
2024-12-30,ITC,462.9215087890625,463.5955505371094,458.34765625,459.3105773925781,423.3453369140625,13578360
2024-12-31,ITC,460.706787109375,466.6768798828125,456.951416015625,465.7139587402344,429.2473449707031,13787501
2025-01-01,ITC,467.976806640625,468.7952880859375,464.26959228515625,466.0028381347656,429.5135803222656,18931186
2025-01-02,ITC,467.3509216308594,471.8284606933594,464.4140319824219,470.9136962890625,434.0399475097656,27131131
2025-01-03,ITC,472.0691833496094,472.7913818359375,462.05487060546875,463.739990234375,427.42791748046875,38500784
2025-01-06,ITC,455.6000061035156,461.75,441.25,442.6499938964844,407.98931884765625,22009958
2025-01-07,ITC,445.5,447.6000061035156,440.1499938964844,441.1000061035156,406.5606994628906,14294780
2025-01-08,ITC,443.0,452.04998779296875,437.1000061035156,449.54998779296875,414.34906005859375,13482926
2025-01-09,ITC,449.3999938964844,460.6499938964844,446.04998779296875,450.1000061035156,414.8559875488281,19732649
2025-01-10,ITC,449.95001220703125,452.0,442.5,444.8999938964844,410.0631408691406,9145729
2025-01-13,ITC,435.0,444.0,435.0,439.04998779296875,404.6712341308594,17799607
2025-01-14,ITC,441.0,441.5,435.8500061035156,436.6000061035156,402.4130859375,18048459
2025-01-15,ITC,436.6000061035156,441.79998779296875,435.3500061035156,437.3500061035156,403.1043701171875,9786805
2025-01-16,ITC,438.04998779296875,439.45001220703125,431.1000061035156,432.8500061035156,398.95672607421875,15774070
2025-01-17,ITC,433.0,441.79998779296875,432.5,440.20001220703125,405.7312316894531,11270061
2025-01-20,ITC,439.0,441.20001220703125,436.0,437.70001220703125,403.42694091796875,8742771
2025-01-21,ITC,438.0,447.0,435.25,437.54998779296875,403.2886657714844,15686500
2025-01-22,ITC,439.8999938964844,441.95001220703125,436.54998779296875,437.0,402.78173828125,9619648
2025-01-23,ITC,435.0,441.8500061035156,434.1000061035156,440.20001220703125,405.7312316894531,8888248
2025-01-24,ITC,439.3999938964844,445.0,439.04998779296875,441.6000061035156,407.0215759277344,9665384
2025-01-27,ITC,440.79998779296875,445.0,436.54998779296875,440.1000061035156,405.6390075683594,10480203
2025-01-28,ITC,440.0,441.79998779296875,434.5,435.45001220703125,401.3531494140625,20813072
2025-01-29,ITC,435.95001220703125,437.5,430.1000061035156,433.3500061035156,399.4175109863281,15158510
2025-01-30,ITC,433.0,438.0,431.45001220703125,436.20001220703125,402.04437255859375,22496695
2025-01-31,ITC,436.5,448.20001220703125,435.1000061035156,447.5,412.4595642089844,13546181
2025-02-01,ITC,448.0,471.5,439.54998779296875,462.54998779296875,426.3310852050781,30393007
2025-02-03,ITC,462.0,465.20001220703125,452.29998779296875,454.3500061035156,418.773193359375,16991730
2025-02-04,ITC,458.0,460.3500061035156,448.75,455.1499938964844,419.5105285644531,18923681
2025-02-05,ITC,455.1499938964844,455.8500061035156,446.5,448.1499938964844,413.0587158203125,12836283
2025-02-06,ITC,450.0,450.0,438.20001220703125,441.1000061035156,406.5606994628906,17469129
2025-02-07,ITC,440.0,445.5,428.3999938964844,430.8500061035156,397.1133117675781,18875982
2025-02-10,ITC,427.0,433.29998779296875,426.5,427.20001220703125,393.7491455078125,12227140
2025-02-11,ITC,428.79998779296875,430.54998779296875,417.5,418.29998779296875,385.5459899902344,14288751
2025-02-12,ITC,413.1499938964844,413.79998779296875,407.6000061035156,409.8999938964844,383.7671203613281,13884574
2025-02-13,ITC,409.95001220703125,413.95001220703125,409.0,409.70001220703125,383.57989501953125,12989029
2025-02-14,ITC,411.75,416.20001220703125,408.3999938964844,410.25,384.0948486328125,14124236
2025-02-17,ITC,409.79998779296875,411.3999938964844,406.75,408.6000061035156,382.5500183105469,11975265
2025-02-18,ITC,408.0,410.8500061035156,404.0,405.25,379.4136047363281,12998403
2025-02-19,ITC,404.79998779296875,408.79998779296875,404.5,406.3999938964844,380.49029541015625,7079032
2025-02-20,ITC,399.95001220703125,403.8999938964844,396.20001220703125,402.04998779296875,376.4176025390625,15355585
2025-02-21,ITC,402.04998779296875,403.25,399.20001220703125,400.8999938964844,375.3409423828125,8240986
2025-02-24,ITC,400.0,403.3999938964844,398.75,401.8999938964844,376.2771911621094,7037625
2025-02-25,ITC,402.0,407.0,400.5,404.8500061035156,379.03912353515625,15760891
2025-02-27,ITC,404.8500061035156,406.5,399.5,401.6000061035156,375.9963073730469,19051003
2025-02-28,ITC,399.0,402.5,392.20001220703125,395.0,369.8171081542969,31954776
2025-03-03,ITC,395.95001220703125,399.0,391.20001220703125,397.45001220703125,372.11090087890625,10702826
2025-03-04,ITC,395.3999938964844,397.20001220703125,392.8500061035156,394.8500061035156,369.6766662597656,13404774
2025-03-05,ITC,394.5,412.75,394.5,405.04998779296875,379.2263488769531,15665018
2025-03-06,ITC,409.1499938964844,409.70001220703125,400.54998779296875,405.70001220703125,379.8349304199219,17869996
2025-03-07,ITC,403.54998779296875,405.8500061035156,401.70001220703125,403.8999938964844,378.149658203125,11180761
2025-03-10,ITC,401.04998779296875,406.8500061035156,400.3999938964844,405.0,379.1795654296875,9785018
2025-03-11,ITC,401.5,408.3999938964844,401.20001220703125,406.20001220703125,380.3030700683594,11099475
2025-03-12,ITC,406.3999938964844,413.29998779296875,404.0,412.3999938964844,386.1077575683594,13844306
2025-03-13,ITC,413.0,414.3999938964844,408.20001220703125,412.04998779296875,385.7800598144531,8196569
2025-03-17,ITC,413.0,416.25,407.0,407.95001220703125,381.9414978027344,5257805
2025-03-18,ITC,410.0,411.95001220703125,407.75,409.1000061035156,383.0181884765625,13861897
2025-03-19,ITC,410.0,410.75,402.6000061035156,403.04998779296875,377.35382080078125,12830387
2025-03-20,ITC,405.0,406.6499938964844,401.8999938964844,403.95001220703125,378.1965026855469,16994037
2025-03-21,ITC,405.95001220703125,407.5,401.70001220703125,405.54998779296875,379.6944580078125,25302035
2025-03-24,ITC,407.0,412.8500061035156,405.6000061035156,410.8999938964844,384.703369140625,14362572
2025-03-25,ITC,412.0,415.25,408.70001220703125,409.79998779296875,383.67352294921875,20338110
2025-03-26,ITC,410.29998779296875,411.20001220703125,406.25,407.3500061035156,381.3797302246094,13891436
2025-03-27,ITC,408.0,410.70001220703125,405.6499938964844,409.45001220703125,383.3458557128906,18642328
2025-03-28,ITC,410.8999938964844,415.6000061035156,408.1499938964844,409.75,383.626708984375,12981873
2025-04-01,ITC,409.79998779296875,414.3999938964844,405.6000061035156,406.6499938964844,380.724365234375,15206240
2025-04-02,ITC,407.04998779296875,410.0,406.04998779296875,409.04998779296875,382.9713439941406,8001323
2025-04-03,ITC,407.04998779296875,410.20001220703125,406.70001220703125,409.3999938964844,383.29901123046875,7059566
2025-04-04,ITC,407.5,412.79998779296875,404.5,409.70001220703125,383.57989501953125,18627592
2025-04-07,ITC,390.1499938964844,408.1000061035156,390.1499938964844,406.04998779296875,380.16259765625,26762866
2025-04-08,ITC,411.8999938964844,415.79998779296875,407.25,412.54998779296875,386.2481689453125,18600796
2025-04-09,ITC,413.0,419.04998779296875,411.25,416.29998779296875,389.75909423828125,21785572
2025-04-11,ITC,420.0,422.45001220703125,417.0,421.54998779296875,394.6744079589844,8939356
2025-04-15,ITC,429.20001220703125,429.20001220703125,419.0,420.3999938964844,393.59771728515625,11685880
2025-04-16,ITC,418.0,426.04998779296875,418.0,424.45001220703125,397.3895568847656,13034594
2025-04-17,ITC,425.0,427.8500061035156,421.54998779296875,427.25,400.0110168457031,22410217
2025-04-21,ITC,428.04998779296875,429.1000061035156,421.5,422.8500061035156,395.8915100097656,27388236
2025-04-22,ITC,425.95001220703125,434.79998779296875,423.54998779296875,433.6000061035156,405.9561767578125,32031936
2025-04-23,ITC,436.20001220703125,437.45001220703125,428.8500061035156,430.8500061035156,403.3815002441406,19566317
2025-04-24,ITC,431.8500061035156,436.04998779296875,429.29998779296875,430.04998779296875,402.6324768066406,26064089
2025-04-25,ITC,430.04998779296875,432.70001220703125,423.29998779296875,427.79998779296875,400.52593994140625,22944377
2025-04-28,ITC,426.6499938964844,430.5,424.75,428.79998779296875,401.4621887207031,6287095
2025-04-29,ITC,428.8999938964844,429.6000061035156,425.0,426.0,398.8407287597656,11189930
2025-04-30,ITC,427.3999938964844,429.29998779296875,422.0,425.79998779296875,398.6534729003906,10026546
2025-05-02,ITC,424.1000061035156,431.5,424.1000061035156,429.5,402.1175537109375,9263372
2025-05-05,ITC,430.25,438.5,429.3500061035156,436.95001220703125,409.0926208496094,11525305
2025-05-06,ITC,437.5,439.6499938964844,433.0,435.54998779296875,407.7818298339844,15026568
2025-05-07,ITC,433.3999938964844,435.0,429.70001220703125,431.1499938964844,403.662353515625,9710361
2025-05-08,ITC,429.0,431.5,423.54998779296875,430.6000061035156,403.1474609375,19937960
2025-05-09,ITC,425.95001220703125,429.1499938964844,423.0,423.54998779296875,396.5469055175781,8226512
2025-05-12,ITC,429.5,436.20001220703125,428.1499938964844,435.5,407.73504638671875,8031891
2025-05-13,ITC,434.8999938964844,437.95001220703125,425.3500061035156,427.8999938964844,400.6195983886719,14976369
2025-05-14,ITC,427.1000061035156,431.8500061035156,425.8999938964844,429.1000061035156,401.7430725097656,9557309
2025-05-15,ITC,429.1000061035156,435.3999938964844,426.0,432.6499938964844,405.0667419433594,24263510
2025-05-16,ITC,434.8999938964844,436.20001220703125,432.1000061035156,435.70001220703125,407.92230224609375,16402035
2025-05-19,ITC,435.0,438.5,432.6499938964844,435.3500061035156,407.5946044921875,7543854
2025-05-20,ITC,437.0,440.79998779296875,432.8999938964844,434.8999938964844,407.17327880859375,9868414
2025-05-21,ITC,436.6000061035156,438.20001220703125,432.0,433.0,405.3944396972656,5776672
2025-05-22,ITC,433.0,433.0,422.8999938964844,426.1000061035156,398.934326171875,19451749
2025-05-23,ITC,434.0,439.0,429.0,436.29998779296875,408.4840393066406,18536884
2025-05-26,ITC,438.25,443.54998779296875,436.75,442.8999938964844,414.66326904296875,13107662
2025-05-27,ITC,442.8999938964844,444.20001220703125,430.8500061035156,433.8999938964844,406.2370300292969,26986022
2025-05-28,ITC,417.70001220703125,422.6000061035156,413.0,420.20001220703125,400.65911865234375,431851622
2025-05-29,ITC,422.0,422.79998779296875,416.6000061035156,418.75,399.2765197753906,21478547
2025-05-30,ITC,419.1000061035156,420.04998779296875,416.3999938964844,418.04998779296875,398.60906982421875,30656239
2025-06-02,ITC,418.29998779296875,420.45001220703125,414.54998779296875,419.29998779296875,399.8009338378906,14973380
2025-06-03,ITC,419.0,421.70001220703125,415.6499938964844,416.95001220703125,397.5602722167969,13216486
2025-06-04,ITC,417.1499938964844,419.0,415.95001220703125,417.0,397.60791015625,12598933
2025-06-05,ITC,418.5,420.95001220703125,415.75,419.1000061035156,399.6102600097656,13212523
2025-06-06,ITC,420.29998779296875,421.29998779296875,419.0,421.04998779296875,401.4695739746094,8774988
2025-06-09,ITC,422.0,423.6000061035156,420.5,423.04998779296875,403.3765563964844,10473123
2025-06-10,ITC,424.5,428.54998779296875,423.04998779296875,427.0,407.14288330078125,13041075
2025-06-11,ITC,428.0,428.1000061035156,424.8500061035156,426.1499938964844,406.3323974609375,20789182
2025-06-12,ITC,427.0,427.20001220703125,419.54998779296875,421.0,401.4219055175781,18508835
2025-06-13,ITC,415.0,419.3500061035156,413.5,413.8999938964844,394.6520690917969,17873926
2025-06-16,ITC,414.95001220703125,418.8999938964844,413.25,418.20001220703125,398.7521057128906,7006629
2025-06-17,ITC,418.1000061035156,419.04998779296875,415.70001220703125,417.3999938964844,397.98931884765625,9028406
2025-06-18,ITC,417.0,418.45001220703125,414.8999938964844,415.8999938964844,396.5590515136719,8036215
2025-06-19,ITC,415.6499938964844,418.25,414.79998779296875,416.0,396.6544189453125,12601006
2025-06-20,ITC,416.0,419.5,416.0,418.54998779296875,399.0858154296875,13203184
2025-06-23,ITC,417.0,417.5,411.75,413.8999938964844,394.6520690917969,14839890
2025-06-24,ITC,416.8999938964844,420.6499938964844,413.75,414.3500061035156,395.0811462402344,16690068
2025-06-25,ITC,416.3999938964844,418.1499938964844,415.1000061035156,416.3500061035156,396.9881591796875,9946718
2025-06-26,ITC,417.20001220703125,420.8999938964844,416.25,420.29998779296875,400.7544250488281,13703918
2025-06-27,ITC,421.0,422.0,417.79998779296875,418.6499938964844,399.18115234375,21409935
2025-06-30,ITC,419.79998779296875,420.75,415.79998779296875,416.45001220703125,397.08349609375,12317124
2025-07-01,ITC,417.0,418.8500061035156,414.8999938964844,415.1000061035156,395.7962646484375,13670465
2025-07-02,ITC,416.8999938964844,416.8999938964844,411.70001220703125,412.95001220703125,393.74627685546875,15990899
2025-07-03,ITC,414.0,416.0,411.25,413.3500061035156,394.1276550292969,14185298
2025-07-04,ITC,414.8999938964844,415.0,411.75,412.54998779296875,393.3648376464844,8256733
2025-07-07,ITC,413.0,417.20001220703125,412.0,416.1499938964844,396.79742431640625,6845218
2025-07-08,ITC,416.1499938964844,418.1000061035156,414.6499938964844,417.20001220703125,397.7986145019531,6807192
2025-07-09,ITC,416.20001220703125,420.29998779296875,415.45001220703125,419.45001220703125,399.9440002441406,9930533
2025-07-10,ITC,420.29998779296875,420.29998779296875,416.3999938964844,416.8500061035156,397.46490478515625,6220360
2025-07-11,ITC,417.0,418.04998779296875,415.5,416.79998779296875,397.4172058105469,8578844
2025-07-14,ITC,417.04998779296875,419.95001220703125,416.54998779296875,419.3999938964844,399.8962707519531,6896989
2025-07-15,ITC,420.8999938964844,422.3999938964844,419.0,422.1000061035156,402.4707336425781,8532755
2025-07-16,ITC,422.1000061035156,425.45001220703125,420.29998779296875,424.6000061035156,404.8544616699219,9780773
2025-07-17,ITC,425.79998779296875,425.8999938964844,423.0,423.95001220703125,404.2347106933594,7240795
2025-07-18,ITC,425.20001220703125,425.20001220703125,420.1000061035156,422.75,403.09051513671875,6730256
2025-07-21,ITC,422.0,422.75,418.3999938964844,420.1000061035156,400.5637512207031,4822343
2025-07-22,ITC,420.1000061035156,420.3999938964844,415.20001220703125,416.0,396.6544189453125,9869507
2025-07-23,ITC,417.1000061035156,417.8999938964844,414.0,414.95001220703125,395.65325927734375,12196187
2025-07-24,ITC,415.8500061035156,415.8500061035156,409.45001220703125,409.95001220703125,390.8857727050781,9005157
2025-07-25,ITC,410.0,410.25,407.75,409.3999938964844,390.361328125,5824089
2025-07-28,ITC,410.79998779296875,410.8500061035156,408.6000061035156,409.8999938964844,390.83807373046875,8123337
2025-07-29,ITC,410.0,411.3999938964844,408.0,408.45001220703125,389.45550537109375,6811772
2025-07-30,ITC,409.0,409.29998779296875,405.75,407.6000061035156,388.6450500488281,10915863
2025-07-31,ITC,405.95001220703125,414.0,405.54998779296875,411.95001220703125,392.79278564453125,19364174
2025-08-01,ITC,412.3999938964844,419.3500061035156,411.79998779296875,416.45001220703125,397.08349609375,14324065
2025-08-04,ITC,420.20001220703125,422.5,415.1000061035156,416.8500061035156,397.46490478515625,18352458
2025-08-05,ITC,417.20001220703125,417.95001220703125,413.0,414.1499938964844,394.89044189453125,8495104
2025-08-06,ITC,414.1499938964844,415.0,410.5,412.0,392.8404235839844,9080543
2025-08-07,ITC,412.0,414.75,411.6499938964844,413.6000061035156,394.36602783203125,11514878
2025-08-08,ITC,413.8999938964844,415.3500061035156,412.95001220703125,414.5,395.22418212890625,9814361
2025-08-11,ITC,414.5,417.0,414.0,416.8500061035156,397.46490478515625,8514272
2025-08-12,ITC,417.0,419.79998779296875,415.29998779296875,416.3500061035156,396.9881591796875,13635738
2025-08-13,ITC,417.20001220703125,417.5,413.6000061035156,414.1000061035156,394.8427734375,10874910
2025-08-14,ITC,414.25,415.04998779296875,411.0,411.45001220703125,392.3160095214844,9580361
2025-08-18,ITC,413.0,413.70001220703125,404.8500061035156,406.29998779296875,387.4054870605469,30950814
2025-08-19,ITC,406.3500061035156,409.3999938964844,404.5,409.1000061035156,390.0753173828125,16681331
2025-08-20,ITC,409.1000061035156,410.25,405.45001220703125,406.04998779296875,387.1671142578125,18188129
2025-08-21,ITC,406.04998779296875,406.8500061035156,403.3500061035156,405.54998779296875,386.69036865234375,15028966
2025-08-22,ITC,406.0,406.5,397.5,398.29998779296875,379.77752685546875,13087624
2025-08-25,ITC,399.0,400.54998779296875,396.25,399.3500061035156,380.7787170410156,10440286
2025-08-26,ITC,399.29998779296875,405.3999938964844,398.3999938964844,403.3500061035156,384.5926818847656,13715752
2025-08-28,ITC,404.5,404.5,400.0,400.8999938964844,382.2566223144531,12471719
2025-08-29,ITC,402.0,410.45001220703125,401.8999938964844,409.75,390.695068359375,25255050
2025-09-01,ITC,409.75,410.20001220703125,405.0,405.8500061035156,386.9764404296875,12268090
2025-09-02,ITC,406.54998779296875,407.8500061035156,404.45001220703125,406.75,387.8345947265625,19808255
2025-09-03,ITC,408.5,413.25,407.29998779296875,411.75,392.6020812988281,12936588
2025-09-04,ITC,423.95001220703125,427.0,415.0,415.8999938964844,396.5590515136719,27274123
2025-09-05,ITC,416.8999938964844,417.0,404.3999938964844,407.3500061035156,388.40667724609375,16000675
2025-09-08,ITC,407.45001220703125,410.54998779296875,406.79998779296875,407.54998779296875,388.5973815917969,7419022
2025-09-09,ITC,408.5,410.95001220703125,407.3999938964844,410.04998779296875,390.9811096191406,8825896
2025-09-10,ITC,411.0,413.70001220703125,408.95001220703125,413.04998779296875,393.8415832519531,9252397
2025-09-11,ITC,413.04998779296875,416.70001220703125,412.45001220703125,415.04998779296875,395.74859619140625,8274406
2025-09-12,ITC,415.3500061035156,417.04998779296875,412.8500061035156,413.75,394.5090637207031,7803379
2025-09-15,ITC,413.04998779296875,414.29998779296875,411.75,412.6499938964844,393.4601745605469,5707331
2025-09-16,ITC,413.20001220703125,414.3500061035156,412.0,413.1000061035156,393.8892822265625,8239087
2025-09-17,ITC,413.95001220703125,414.6000061035156,408.04998779296875,409.29998779296875,390.2659912109375,14113882
2025-09-18,ITC,411.3500061035156,413.04998779296875,410.1000061035156,411.54998779296875,392.4113464355469,15647808
2025-09-19,ITC,411.54998779296875,412.6000061035156,408.95001220703125,410.6499938964844,391.55322265625,19505321
2025-09-22,ITC,410.6499938964844,411.0,406.04998779296875,406.95001220703125,388.0252990722656,8930779
2025-09-23,ITC,407.1000061035156,408.1000061035156,402.1000061035156,403.20001220703125,384.4496765136719,14936357
2025-09-24,ITC,403.20001220703125,404.6499938964844,400.70001220703125,401.0,382.35198974609375,12380865
2025-09-25,ITC,401.45001220703125,403.0,398.0,400.1000061035156,381.49383544921875,22006368
2025-09-26,ITC,400.1000061035156,405.8999938964844,399.79998779296875,405.1000061035156,386.2613220214844,14414044
2025-09-29,ITC,406.8999938964844,408.0,403.20001220703125,407.25,388.3113098144531,19717660
2025-09-30,ITC,406.75,406.75,400.3999938964844,401.54998779296875,382.87640380859375,9465490
2025-10-01,ITC,402.3500061035156,406.0,399.75,405.6000061035156,386.7380676269531,17643039
2025-10-03,ITC,404.8999938964844,405.5,402.29998779296875,404.29998779296875,385.4985046386719,16987141
2025-10-06,ITC,403.0,403.8999938964844,399.79998779296875,400.75,382.11358642578125,13989077
2025-10-07,ITC,402.5,402.6000061035156,399.5,399.79998779296875,381.2077941894531,12298968
2025-10-08,ITC,400.0,401.75,398.0,399.75,381.16009521484375,8402463
2025-10-09,ITC,399.0,401.3999938964844,398.95001220703125,399.8999938964844,381.3031311035156,15656267
2025-10-10,ITC,400.45001220703125,403.8500061035156,399.5,402.79998779296875,384.0682373046875,15085738
2025-10-13,ITC,400.0,400.95001220703125,398.54998779296875,399.25,380.683349609375,9508594
2025-10-14,ITC,400.0,400.8500061035156,396.20001220703125,396.79998779296875,378.3472900390625,10291102
2025-10-15,ITC,398.0,400.8500061035156,397.25,399.8999938964844,381.3031311035156,16043867
2025-10-16,ITC,401.0,406.0,399.54998779296875,405.1499938964844,386.3089599609375,22962049
2025-10-17,ITC,405.3500061035156,413.8500061035156,405.25,412.1499938964844,392.98345947265625,21071344
2025-10-20,ITC,412.54998779296875,414.8500061035156,411.29998779296875,413.04998779296875,393.8415832519531,13083621
2025-10-21,ITC,413.5,413.95001220703125,412.3500061035156,412.8500061035156,393.6509094238281,1142130
2025-10-23,ITC,416.0,420.45001220703125,413.54998779296875,415.95001220703125,396.60675048828125,24305990
2025-10-24,ITC,415.95001220703125,417.95001220703125,413.45001220703125,416.79998779296875,397.4172058105469,14935678
2025-10-27,ITC,417.0,422.70001220703125,416.6000061035156,420.6499938964844,401.0881652832031,11603679
2025-10-28,ITC,420.5,421.6499938964844,415.8999938964844,417.8999938964844,398.466064453125,17163147
2025-10-29,ITC,418.20001220703125,422.20001220703125,416.04998779296875,421.6000061035156,401.9940185546875,11470661
2025-10-30,ITC,421.6000061035156,421.70001220703125,416.1499938964844,418.75,399.2765197753906,12938674
2025-10-31,ITC,420.5,426.3999938964844,418.20001220703125,420.3500061035156,400.8021240234375,18599864
2025-11-03,ITC,419.95001220703125,421.6499938964844,413.29998779296875,413.95001220703125,394.69976806640625,7635440
2025-11-04,ITC,414.0,414.5,408.3500061035156,408.8999938964844,389.88458251953125,10085404
2025-11-06,ITC,410.0,413.29998779296875,406.54998779296875,407.5,388.5497131347656,10095563
2025-11-07,ITC,406.04998779296875,409.1000061035156,403.1000061035156,404.04998779296875,385.2601318359375,8411611
2025-11-10,ITC,404.04998779296875,407.1000061035156,403.6499938964844,405.54998779296875,386.69036865234375,6650003
2025-11-11,ITC,406.0,408.04998779296875,404.6000061035156,406.8500061035156,387.929931640625,12005318
2025-11-12,ITC,408.0,408.1000061035156,405.54998779296875,407.0,388.07293701171875,7987236
2025-11-13,ITC,407.0,407.5,404.5,405.70001220703125,386.8334045410156,6617185
2025-11-14,ITC,404.70001220703125,408.75,400.1000061035156,408.1499938964844,389.1694641113281,64020258
2025-11-17,ITC,409.75,412.0,406.0,407.1000061035156,388.1683044433594,7855399
2025-11-18,ITC,408.25,409.79998779296875,404.54998779296875,405.8500061035156,386.9764404296875,7661681
2025-11-19,ITC,404.8500061035156,405.54998779296875,402.79998779296875,403.54998779296875,384.78338623046875,7882450
2025-11-20,ITC,403.54998779296875,407.0,403.25,405.45001220703125,386.59503173828125,6693410
2025-11-21,ITC,405.0,408.5,404.70001220703125,407.8500061035156,388.8834228515625,5808131
2025-11-24,ITC,408.3999938964844,408.79998779296875,402.8500061035156,403.54998779296875,384.78338623046875,11037491
2025-11-25,ITC,403.54998779296875,404.5,400.1000061035156,400.79998779296875,382.1612854003906,8199785
2025-11-26,ITC,401.0,403.95001220703125,400.95001220703125,402.29998779296875,383.5915222167969,11443953
2025-11-27,ITC,403.5,405.95001220703125,402.1000061035156,404.29998779296875,385.4985046386719,8679529
2025-11-28,ITC,404.29998779296875,405.0,402.5,404.25,385.4508361816406,6883500
2025-12-01,ITC,402.79998779296875,405.5,398.20001220703125,404.25,385.4508361816406,13442658
2025-12-02,ITC,404.25,405.5,400.5,400.95001220703125,382.3043212890625,8093808
2025-12-03,ITC,401.70001220703125,402.20001220703125,398.8500061035156,400.5,381.8752136230469,10772192
2025-12-04,ITC,400.1000061035156,403.54998779296875,399.04998779296875,403.04998779296875,384.3066101074219,8057989
2025-12-05,ITC,403.04998779296875,405.3500061035156,402.0,404.95001220703125,386.1182861328125,4419747
2025-12-08,ITC,404.95001220703125,405.25,400.54998779296875,402.29998779296875,383.5915222167969,6056866
2025-12-09,ITC,402.0,404.5,400.0,401.04998779296875,382.3996276855469,9426717
2025-12-10,ITC,401.1000061035156,404.3999938964844,401.0,403.1499938964844,384.4019775390625,6969146
2025-12-11,ITC,403.1499938964844,404.0,401.1000061035156,402.8999938964844,384.16363525390625,6980147
2025-12-12,ITC,402.8999938964844,404.0,399.8500061035156,400.1000061035156,381.49383544921875,12407516
2025-12-15,ITC,400.1000061035156,403.3500061035156,399.5,402.29998779296875,383.5915222167969,7756564
2025-12-16,ITC,401.3999938964844,405.75,401.04998779296875,401.70001220703125,383.0194091796875,12347384
2025-12-17,ITC,401.0,403.1000061035156,399.1000061035156,399.79998779296875,381.2077941894531,8087490
2025-12-18,ITC,400.0,401.95001220703125,399.8500061035156,400.3999938964844,381.7798767089844,7227668
2025-12-19,ITC,400.25,402.6499938964844,400.25,401.04998779296875,382.3996276855469,10654835
2025-12-22,ITC,401.6000061035156,403.6499938964844,401.20001220703125,402.70001220703125,383.9729309082031,6847871
2025-12-23,ITC,402.5,408.8999938964844,401.79998779296875,407.3500061035156,388.40667724609375,10081997
2025-12-24,ITC,407.95001220703125,409.5,405.6499938964844,406.6000061035156,387.6915588378906,5777430
2025-12-26,ITC,406.5,407.1499938964844,403.8500061035156,404.1499938964844,385.35546875,3152453
2025-12-29,ITC,404.1000061035156,404.79998779296875,401.45001220703125,402.6000061035156,383.8775634765625,6647710
2025-12-30,ITC,403.0,403.45001220703125,400.29998779296875,400.6000061035156,381.9705810546875,12340527
2025-12-31,ITC,401.1000061035156,403.75,400.8500061035156,403.0,384.25897216796875,9945109
2026-01-01,ITC,402.70001220703125,402.70001220703125,362.70001220703125,363.8500061035156,346.9295959472656,282626710
2026-01-02,ITC,360.0,360.0,345.25,350.04998779296875,333.7713317871094,118790358
2026-01-05,ITC,350.20001220703125,353.95001220703125,346.04998779296875,349.70001220703125,333.4376220703125,48358124
2026-01-06,ITC,350.25,350.70001220703125,337.75,342.45001220703125,326.5248107910156,72582738
2026-01-07,ITC,343.0,344.54998779296875,339.29998779296875,341.25,325.38055419921875,29440734
2026-01-08,ITC,341.5,345.1499938964844,339.04998779296875,340.8999938964844,325.0468444824219,36706319
2026-01-09,ITC,340.8999938964844,341.0,336.1000061035156,337.1499938964844,321.4712219238281,35193201
2026-01-12,ITC,338.25,339.5,335.79998779296875,338.3999938964844,322.6630859375,16156143
2026-01-13,ITC,339.0,339.5,333.70001220703125,334.70001220703125,319.13519287109375,24922339
2026-01-14,ITC,336.0,336.0,333.45001220703125,334.75,319.182861328125,14913422
2026-01-15,ITC,334.75,334.75,334.75,334.75,319.182861328125,0
2026-01-16,ITC,337.5,337.5,328.54998779296875,329.20001220703125,313.8909606933594,30526898
2026-01-19,ITC,330.0,334.6499938964844,327.29998779296875,333.20001220703125,317.7049255371094,15507440
2026-01-20,ITC,334.04998779296875,334.5,325.5,326.29998779296875,311.12579345703125,18771011
2026-01-21,ITC,326.0,329.29998779296875,324.3500061035156,324.75,309.64788818359375,14177965
2026-01-22,ITC,326.1000061035156,328.70001220703125,321.04998779296875,324.8500061035156,309.7432556152344,18622852
2026-01-23,ITC,325.54998779296875,326.3999938964844,322.70001220703125,323.3999938964844,308.3606872558594,11950089
2026-01-27,ITC,323.6000061035156,324.70001220703125,317.8500061035156,318.6499938964844,303.8315734863281,47847784
2026-01-28,ITC,319.95001220703125,323.70001220703125,319.3500061035156,321.1499938964844,306.2153015136719,28400238
2026-01-29,ITC,322.6000061035156,322.6000061035156,318.04998779296875,318.6000061035156,303.7839050292969,17719420
2026-01-30,ITC,318.79998779296875,325.1499938964844,316.45001220703125,322.1499938964844,307.1687927246094,41975824
2026-02-02,ITC,309.45001220703125,315.3999938964844,302.0,314.70001220703125,300.06524658203125,35227572
2026-02-03,ITC,321.20001220703125,324.75,311.6000061035156,316.6499938964844,301.924560546875,33168353
2026-02-04,ITC,312.5,314.95001220703125,311.3500061035156,313.8500061035156,305.5264587402344,11196759
2026-02-05,ITC,313.95001220703125,315.3500061035156,309.29998779296875,310.20001220703125,301.9732666015625,15816704
2026-02-06,ITC,310.0,327.70001220703125,308.29998779296875,325.79998779296875,317.1595153808594,68057745
2026-02-09,ITC,327.95001220703125,328.70001220703125,321.6499938964844,322.79998779296875,314.23907470703125,20059198
2026-02-10,ITC,323.0,323.54998779296875,320.75,321.3999938964844,312.876220703125,11489090
2026-02-11,ITC,321.95001220703125,322.20001220703125,316.29998779296875,318.25,309.80975341796875,24843366
2026-02-12,ITC,317.29998779296875,320.3999938964844,316.8999938964844,317.45001220703125,309.0309753417969,13294561
2026-02-13,ITC,316.0,318.3999938964844,313.25,313.75,305.4291076660156,8730618
2026-02-16,ITC,313.75,318.25,313.1499938964844,317.95001220703125,309.5177307128906,11693763
2026-02-17,ITC,318.45001220703125,328.04998779296875,318.1499938964844,325.45001220703125,316.8188171386719,39360672
2026-02-18,ITC,326.0,332.95001220703125,324.79998779296875,332.45001220703125,323.6331787109375,35473203
2026-02-19,ITC,334.04998779296875,334.25,325.0,326.0,317.3542175292969,19911747
2026-02-20,ITC,325.04998779296875,327.8500061035156,325.04998779296875,327.0,318.32769775390625,11282027
2026-02-23,ITC,327.0,328.1000061035156,324.3999938964844,325.3999938964844,316.7701416015625,13486092
2026-02-24,ITC,324.0,325.3999938964844,322.04998779296875,323.5,314.9205322265625,13135859
2026-02-25,ITC,325.5,326.6000061035156,318.1000061035156,319.75,311.2699890136719,13492101
2026-02-26,ITC,320.0,321.3999938964844,317.6000061035156,318.29998779296875,309.8584289550781,11270119
2026-02-27,ITC,316.0,317.75,312.6499938964844,313.6000061035156,305.2830810546875,13892595
2026-03-02,ITC,307.0,315.75,307.0,314.8999938964844,306.548583984375,22194311
2026-03-04,ITC,310.6000061035156,315.5,310.5,311.95001220703125,303.6768493652344,24165489
2026-03-05,ITC,312.20001220703125,313.6000061035156,308.20001220703125,311.5,303.23876953125,19938009
2026-03-06,ITC,310.04998779296875,312.29998779296875,309.20001220703125,309.70001220703125,301.48651123046875,21288269
2026-03-09,ITC,305.0,307.20001220703125,303.6000061035156,306.0,297.8846435546875,14084931
2026-03-10,ITC,309.0,310.0,303.75,309.04998779296875,300.8537292480469,18352950
2026-03-11,ITC,309.04998779296875,310.6499938964844,307.70001220703125,309.0,300.8050842285156,14842485
2026-03-12,ITC,307.04998779296875,308.0,302.8500061035156,304.1000061035156,296.0350341796875,23319679
2026-03-13,ITC,304.0,306.0,300.6499938964844,301.45001220703125,293.455322265625,25659996
2026-03-16,ITC,302.54998779296875,309.45001220703125,302.0,308.25,300.0749816894531,37472204
2026-03-17,ITC,309.95001220703125,309.95001220703125,304.04998779296875,304.8500061035156,296.76513671875,25649286
2026-03-18,ITC,305.8999938964844,306.95001220703125,303.5,304.04998779296875,295.986328125,16702554
2026-03-19,ITC,301.5,305.5,297.1000061035156,298.0,290.0968017578125,17851126
2026-03-20,ITC,301.04998779296875,308.75,298.1499938964844,299.95001220703125,291.9950866699219,58679529
2026-03-23,ITC,298.8999938964844,299.0,289.54998779296875,290.45001220703125,282.7470397949219,31788160
2026-03-24,ITC,295.95001220703125,296.0,288.75,291.25,283.52581787109375,33335721
2026-03-25,ITC,292.70001220703125,298.5,292.25,295.70001220703125,287.8578186035156,26184716
2026-03-27,ITC,294.70001220703125,296.8500061035156,291.54998779296875,294.70001220703125,286.88433837890625,22179022
2026-03-30,ITC,293.6000061035156,294.45001220703125,287.0,287.70001220703125,280.0699768066406,24586921
2026-04-01,ITC,293.0,294.45001220703125,290.8999938964844,291.70001220703125,283.9638977050781,18604340
2026-04-02,ITC,290.25,293.6499938964844,288.3999938964844,292.8500061035156,285.0834045410156,18082775
2026-04-06,ITC,293.0,295.3500061035156,290.25,294.8500061035156,287.0303649902344,18047063
2026-04-07,ITC,294.1499938964844,299.0,292.75,298.45001220703125,290.5348815917969,26963485
2026-04-08,ITC,303.8999938964844,304.6000061035156,301.54998779296875,302.45001220703125,294.4288024902344,22310207
2026-04-09,ITC,301.5,304.3999938964844,301.25,303.0,294.9642028808594,17691477
2026-04-10,ITC,303.0,305.3999938964844,302.6000061035156,304.25,296.1810607910156,17744386
2026-04-13,ITC,300.0,301.45001220703125,298.1000061035156,298.6499938964844,290.72955322265625,16522014
2026-04-15,ITC,300.70001220703125,304.0,300.54998779296875,302.04998779296875,294.0393981933594,18701403
2026-04-16,ITC,302.95001220703125,305.3500061035156,301.8500061035156,303.3999938964844,295.35357666015625,16512053
2026-04-17,ITC,303.8500061035156,309.95001220703125,303.8500061035156,306.79998779296875,298.6634216308594,35111203
2026-04-20,ITC,307.0,307.95001220703125,304.45001220703125,305.0,296.9111633300781,13540471
2026-04-21,ITC,305.0,311.1000061035156,304.54998779296875,309.6499938964844,301.4378356933594,24411865
2026-04-22,ITC,310.0,310.54998779296875,305.1000061035156,305.5,297.39788818359375,24500511
2026-04-23,ITC,304.0,306.3500061035156,303.25,305.29998779296875,297.20318603515625,10701849
2026-04-24,ITC,306.6499938964844,306.6499938964844,301.1000061035156,301.6000061035156,293.6013488769531,17011704
2026-04-27,ITC,303.6499938964844,305.6499938964844,302.8500061035156,303.8500061035156,295.7916564941406,14382348
2026-04-28,ITC,304.3999938964844,305.79998779296875,302.54998779296875,304.45001220703125,296.3757629394531,12907339
2026-04-29,ITC,305.1000061035156,317.5,305.1000061035156,316.25,307.86279296875,31199038
2026-04-30,ITC,316.25,317.5,313.29998779296875,314.8999938964844,306.548583984375,11541956
2026-05-01,ITC,314.8999938964844,314.8999938964844,314.8999938964844,314.8999938964844,306.548583984375,0
2026-05-04,ITC,317.8999938964844,317.8999938964844,310.5,311.1000061035156,302.8493957519531,20245091
2026-05-05,ITC,311.1000061035156,313.70001220703125,309.6499938964844,311.45001220703125,303.19012451171875,26795704
2026-05-06,ITC,312.79998779296875,313.6000061035156,309.25,310.70001220703125,302.4599914550781,20287609
2026-05-07,ITC,311.45001220703125,311.6499938964844,307.0,307.3999938964844,299.24749755859375,25718615
2026-05-08,ITC,308.8999938964844,308.8999938964844,305.70001220703125,307.45001220703125,299.29620361328125,17739844
2026-05-11,ITC,307.0,308.0,305.1499938964844,305.8500061035156,297.7386169433594,14968661
2026-05-12,ITC,305.3500061035156,306.25,300.1000061035156,300.70001220703125,292.7252197265625,15968338
2026-05-13,ITC,302.0,305.79998779296875,301.04998779296875,304.45001220703125,296.3757629394531,13024778
2026-05-14,ITC,305.0,309.20001220703125,304.8500061035156,307.20001220703125,299.0528259277344,11113377
2026-05-15,ITC,307.20001220703125,312.04998779296875,306.29998779296875,309.45001220703125,301.2431640625,11954564
2026-05-18,ITC,309.45001220703125,312.29998779296875,306.5,310.1499938964844,301.924560546875,14422870
2026-05-19,ITC,311.95001220703125,314.25,308.3500061035156,310.29998779296875,302.0705871582031,17519355
2026-05-20,ITC,309.0,309.6499938964844,306.20001220703125,307.54998779296875,299.3935241699219,12127920
2026-05-21,ITC,309.8500061035156,311.29998779296875,305.79998779296875,308.04998779296875,299.8802490234375,21868988
2026-05-22,ITC,305.8999938964844,307.0,301.0,301.70001220703125,293.6986999511719,30751752
2026-05-25,ITC,303.95001220703125,305.5,302.3500061035156,303.95001220703125,295.8890075683594,15734247
2026-05-26,ITC,304.3500061035156,304.3999938964844,301.1000061035156,301.6499938964844,293.6499938964844,37560542
2026-05-27,ITC,295.6499938964844,296.3500061035156,291.04998779296875,291.95001220703125,291.95001220703125,25446093
2026-05-28,ITC,291.95001220703125,291.95001220703125,291.95001220703125,291.95001220703125,291.95001220703125,0
2026-05-29,ITC,292.0,292.3999938964844,285.8999938964844,286.8999938964844,286.8999938964844,31930439
2026-06-01,ITC,287.79998779296875,288.54998779296875,278.29998779296875,279.6499938964844,279.6499938964844,23477875
2026-06-02,ITC,279.5,283.6000061035156,277.1000061035156,283.25,283.25,20206131
2026-06-03,ITC,282.3500061035156,282.3500061035156,275.20001220703125,277.0,277.0,28001438
2026-06-04,ITC,277.0,280.6499938964844,275.04998779296875,280.29998779296875,280.29998779296875,22017634
2026-06-05,ITC,280.0,281.3999938964844,277.8500061035156,280.70001220703125,280.70001220703125,16065822
2026-06-08,ITC,279.0,283.45001220703125,276.95001220703125,279.45001220703125,279.45001220703125,15779677
2026-06-09,ITC,281.70001220703125,281.70001220703125,277.1499938964844,280.0,280.0,12302522
2026-06-10,ITC,280.0,285.8500061035156,278.6499938964844,283.6499938964844,283.6499938964844,19823743
2026-06-11,ITC,283.0,283.25,281.20001220703125,282.3999938964844,282.3999938964844,12603100
2026-06-12,ITC,283.54998779296875,285.8500061035156,283.0,285.1000061035156,285.1000061035156,12893433
2026-06-15,ITC,287.0,288.8500061035156,286.70001220703125,287.8999938964844,287.8999938964844,11194950
2026-06-16,ITC,288.1499938964844,292.1499938964844,287.5,291.6499938964844,291.6499938964844,14467499
2026-06-17,ITC,291.95001220703125,292.3500061035156,290.0,290.75,290.75,8626353
2026-06-18,ITC,291.04998779296875,291.8999938964844,288.0,291.1499938964844,291.1499938964844,10409670
2026-06-19,ITC,289.79998779296875,294.54998779296875,288.3999938964844,292.5,292.5,13874008
2026-06-22,ITC,292.79998779296875,293.95001220703125,290.04998779296875,291.25,291.25,9947873
2026-06-23,ITC,291.25,293.1499938964844,289.6499938964844,290.0,290.0,9410364
2026-06-24,ITC,290.0,291.3999938964844,289.45001220703125,290.3500061035156,290.3500061035156,6218635
2026-06-25,ITC,290.3500061035156,292.25,289.20001220703125,290.0,290.0,11230239
2026-06-26,ITC,290.0,290.0,290.0,290.0,290.0,0
2026-06-29,ITC,290.45001220703125,291.8999938964844,289.3500061035156,290.70001220703125,290.70001220703125,10110022
2026-06-30,ITC,291.5,291.6000061035156,285.5,286.95001220703125,286.95001220703125,18180676
2026-07-01,ITC,287.8500061035156,291.0,287.1000061035156,290.29998779296875,290.29998779296875,6551425
2026-07-02,ITC,290.70001220703125,291.0,287.70001220703125,289.8999938964844,289.8999938964844,12722639
2026-07-03,ITC,291.29998779296875,291.6000061035156,289.0,289.95001220703125,289.95001220703125,6517591
2026-07-06,ITC,289.95001220703125,290.3999938964844,287.6000061035156,288.25,288.25,27126124
2026-07-07,ITC,288.29998779296875,290.70001220703125,286.54998779296875,288.75,288.75,18491160
