Date,Company,Open,High,Low,Close,Adj Close,Volume
2022-07-11,ONGC,121.5,125.9000015258789,121.05000305175781,125.5,97.76171875,31521678
2022-07-12,ONGC,124.9000015258789,126.75,123.5,124.0999984741211,96.671142578125,25216226
2022-07-13,ONGC,122.44999694824219,124.9000015258789,121.4000015258789,124.44999694824219,96.94378662109375,27166975
2022-07-14,ONGC,124.4000015258789,132.60000610351562,123.80000305175781,127.1500015258789,99.04702758789062,38464081
2022-07-15,ONGC,127.5999984741211,128.39999389648438,124.5999984741211,126.55000305175781,98.57962799072266,18088858
2022-07-18,ONGC,127.05000305175781,130.6999969482422,126.94999694824219,129.89999389648438,101.189208984375,21010247
2022-07-19,ONGC,130.5,133.1999969482422,124.44999694824219,127.9000015258789,99.6312484741211,33778758
2022-07-20,ONGC,135.0,136.60000610351562,132.1999969482422,132.5500030517578,103.25350189208984,60317150
2022-07-21,ONGC,133.0,133.5,131.8000030517578,133.10000610351562,103.68193817138672,20853780
2022-07-22,ONGC,133.8000030517578,133.8000030517578,131.5500030517578,132.4499969482422,103.17558288574219,11630255
2022-07-25,ONGC,132.0,132.4499969482422,128.39999389648438,129.8000030517578,101.11131286621094,21705935
2022-07-26,ONGC,130.85000610351562,131.60000610351562,127.75,128.1999969482422,99.86493682861328,22172845
2022-07-27,ONGC,129.10000610351562,130.1999969482422,127.80000305175781,128.60000610351562,100.17654418945312,20187969
2022-07-28,ONGC,130.39999389648438,130.5,128.25,130.25,101.46184539794922,25736737
2022-07-29,ONGC,130.4499969482422,134.5,129.89999389648438,134.14999389648438,104.49987030029297,19738642
2022-08-01,ONGC,134.10000610351562,139.0,133.1999969482422,138.39999389648438,107.81051635742188,20592826
2022-08-02,ONGC,136.6999969482422,137.0500030517578,134.60000610351562,136.6999969482422,106.48626708984375,15037928
2022-08-03,ONGC,136.0,138.4499969482422,133.8000030517578,135.64999389648438,105.6683349609375,15853543
2022-08-04,ONGC,134.35000610351562,137.14999389648438,134.0,136.25,106.1357192993164,14311959
2022-08-05,ONGC,135.10000610351562,138.5,133.60000610351562,136.5,106.33047485351562,66480753
2022-08-08,ONGC,136.3000030517578,137.5,135.0500030517578,136.5,106.33047485351562,12451233
2022-08-10,ONGC,136.39999389648438,136.75,133.4499969482422,133.8000030517578,104.22722625732422,15829467
2022-08-11,ONGC,134.5,136.0,132.0500030517578,132.8000030517578,103.44824981689453,19479706
2022-08-12,ONGC,133.89999389648438,139.6999969482422,133.5,139.1999969482422,108.43370056152344,40876891
2022-08-16,ONGC,139.5,141.89999389648438,136.10000610351562,139.9499969482422,109.01792907714844,31230003
2022-08-17,ONGC,139.9499969482422,140.8000030517578,138.6999969482422,139.64999389648438,108.78422546386719,15694770
2022-08-18,ONGC,138.25,138.3000030517578,134.6999969482422,135.5500030517578,108.10633087158203,42597708
2022-08-19,ONGC,137.5,138.5,134.0500030517578,134.60000610351562,107.34866333007812,35382493
2022-08-22,ONGC,134.5,134.5,129.8000030517578,131.89999389648438,105.1953125,31231393
2022-08-23,ONGC,131.89999389648438,134.1999969482422,130.10000610351562,133.75,106.67076873779297,24268146
2022-08-24,ONGC,134.6999969482422,137.39999389648438,134.5,136.0,108.46522521972656,22730039
2022-08-25,ONGC,137.0,138.14999389648438,136.14999389648438,136.5500030517578,108.90387725830078,14620592
2022-08-26,ONGC,136.5,138.25,136.10000610351562,136.64999389648438,108.98362731933594,12105053
2022-08-29,ONGC,134.1999969482422,136.60000610351562,133.75,135.89999389648438,108.38545989990234,9198908
2022-08-30,ONGC,137.89999389648438,139.85000610351562,137.5500030517578,138.60000610351562,110.53883361816406,21720398
2022-09-01,ONGC,135.0,136.25,134.14999389648438,134.6999969482422,107.42842864990234,20349294
2022-09-02,ONGC,134.6999969482422,135.75,132.3000030517578,132.75,105.87322998046875,17495310
2022-09-05,ONGC,132.89999389648438,133.89999389648438,132.64999389648438,133.39999389648438,106.3916244506836,14865879
2022-09-06,ONGC,134.10000610351562,134.14999389648438,131.6999969482422,132.10000610351562,105.3548355102539,10870488
2022-09-07,ONGC,131.0,132.9499969482422,130.0500030517578,132.5,105.67384338378906,12042788
2022-09-08,ONGC,131.64999389648438,134.14999389648438,131.5,131.85000610351562,105.15544128417969,14629497
2022-09-09,ONGC,132.5,134.1999969482422,131.9499969482422,134.0,106.8701400756836,12327341
2022-09-12,ONGC,135.0,135.39999389648438,133.60000610351562,134.0,106.8701400756836,13500202
2022-09-13,ONGC,134.1999969482422,135.14999389648438,133.5,133.89999389648438,106.79039764404297,10846178
2022-09-14,ONGC,132.4499969482422,134.10000610351562,132.0,133.1999969482422,106.23211669921875,8597956
2022-09-15,ONGC,133.60000610351562,134.39999389648438,132.0,132.60000610351562,105.75360107421875,10810473
2022-09-16,ONGC,131.10000610351562,132.0,130.0,131.25,104.67691802978516,20909579
2022-09-19,ONGC,132.10000610351562,134.35000610351562,129.6999969482422,130.5500030517578,104.11864471435547,19411428
2022-09-20,ONGC,131.39999389648438,133.60000610351562,131.3000030517578,133.1999969482422,106.23211669921875,13080582
2022-09-21,ONGC,132.1999969482422,133.1999969482422,130.0500030517578,130.89999389648438,104.39777374267578,11156865
2022-09-22,ONGC,130.39999389648438,130.85000610351562,128.10000610351562,128.64999389648438,102.60331726074219,11366882
2022-09-23,ONGC,128.25,129.10000610351562,127.5,128.60000610351562,102.56344604492188,10407849
2022-09-26,ONGC,127.30000305175781,128.8000030517578,122.6500015258789,123.44999694824219,98.45612335205078,12848954
2022-09-27,ONGC,124.3499984741211,127.9000015258789,123.8499984741211,124.44999694824219,99.25365447998047,14465123
2022-09-28,ONGC,123.94999694824219,123.94999694824219,121.5,122.55000305175781,97.73834228515625,15267018
2022-09-29,ONGC,123.5,128.1999969482422,123.5,126.6500015258789,101.00823974609375,20597761
2022-09-30,ONGC,125.5,132.39999389648438,125.5,126.80000305175781,101.12787628173828,33530494
2022-10-03,ONGC,131.6999969482422,135.0,130.60000610351562,132.39999389648438,105.5940933227539,50966493
2022-10-04,ONGC,134.89999389648438,135.0,131.8000030517578,133.89999389648438,106.79039764404297,14137567
2022-10-06,ONGC,136.5,136.5500030517578,132.39999389648438,132.64999389648438,105.79346466064453,14570735
2022-10-07,ONGC,132.0500030517578,134.25,131.1999969482422,134.0500030517578,106.91002655029297,13532236
2022-10-10,ONGC,133.0,134.0,132.1999969482422,133.25,106.27200317382812,10183057
2022-10-11,ONGC,133.25,133.5,130.25,131.10000610351562,104.55729675292969,13176461
2022-10-12,ONGC,131.10000610351562,132.0,129.10000610351562,131.35000610351562,104.75668334960938,9401804
2022-10-13,ONGC,131.1999969482422,131.85000610351562,127.6500015258789,129.85000610351562,103.56037139892578,13320136
2022-10-14,ONGC,132.0,132.8000030517578,127.05000305175781,127.5999984741211,101.76590728759766,13205955
2022-10-17,ONGC,127.0,128.1999969482422,126.0,127.80000305175781,101.9254150390625,9320940
2022-10-18,ONGC,128.4499969482422,129.10000610351562,127.5999984741211,128.6999969482422,102.64320373535156,6490293
2022-10-19,ONGC,128.6999969482422,128.6999969482422,127.4000015258789,127.80000305175781,101.9254150390625,7381712
2022-10-20,ONGC,127.0,131.0,125.80000305175781,129.60000610351562,103.3609848022461,18748363
2022-10-21,ONGC,129.35000610351562,133.39999389648438,128.75,131.5500030517578,104.91617584228516,11945173
2022-10-24,ONGC,133.0,134.0,132.39999389648438,132.8000030517578,105.9131088256836,2154912
2022-10-25,ONGC,132.4499969482422,132.89999389648438,129.85000610351562,130.75,104.27814483642578,10232002
2022-10-27,ONGC,130.75,132.1999969482422,130.3000030517578,131.8000030517578,105.11556243896484,13865026
2022-10-28,ONGC,132.10000610351562,135.60000610351562,131.8000030517578,133.6999969482422,106.63087463378906,22918037
2022-10-31,ONGC,134.39999389648438,135.1999969482422,132.8000030517578,134.0500030517578,106.91002655029297,8753855
2022-11-01,ONGC,134.10000610351562,135.6999969482422,134.10000610351562,135.14999389648438,107.78731536865234,11630848
2022-11-02,ONGC,135.85000610351562,139.1999969482422,135.35000610351562,136.4499969482422,108.8241195678711,21117499
2022-11-03,ONGC,136.39999389648438,136.6999969482422,135.25,136.39999389648438,108.78424835205078,7561534
2022-11-04,ONGC,136.39999389648438,138.39999389648438,136.0500030517578,137.85000610351562,109.94068145751953,7498344
2022-11-07,ONGC,138.5500030517578,139.0,136.75,138.5500030517578,110.49894714355469,9987481
2022-11-09,ONGC,138.9499969482422,139.0,137.0,138.64999389648438,110.57869720458984,12033732
2022-11-10,ONGC,137.5,140.85000610351562,137.39999389648438,139.85000610351562,111.5357437133789,15908521
2022-11-11,ONGC,140.60000610351562,141.3000030517578,139.1999969482422,140.4499969482422,112.0142593383789,18492513
2022-11-14,ONGC,140.60000610351562,141.0,138.60000610351562,139.25,111.05722045898438,12743505
2022-11-15,ONGC,140.0,143.35000610351562,140.0,142.35000610351562,113.52961730957031,24636519
2022-11-16,ONGC,142.8000030517578,143.3000030517578,141.1999969482422,142.89999389648438,113.9682388305664,11460200
2022-11-17,ONGC,141.9499969482422,143.8000030517578,141.6999969482422,143.1999969482422,114.20751190185547,13368536
2022-11-18,ONGC,143.14999389648438,143.25,140.1999969482422,141.75,113.05105590820312,19958908
2022-11-21,ONGC,136.0,136.35000610351562,134.39999389648438,135.4499969482422,113.42792510986328,16348881
2022-11-22,ONGC,134.9499969482422,135.89999389648438,132.89999389648438,135.1999969482422,113.21855163574219,11198874
2022-11-23,ONGC,135.5500030517578,136.64999389648438,134.5500030517578,136.5,114.30720520019531,9010911
2022-11-24,ONGC,136.5,140.0,135.5,139.4499969482422,116.7775650024414,11803087
2022-11-25,ONGC,139.0,141.3000030517578,137.75,140.5500030517578,117.69871520996094,9789098
2022-11-28,ONGC,139.5,141.1999969482422,139.0500030517578,139.60000610351562,116.90319061279297,8925344
2022-11-29,ONGC,140.0500030517578,141.10000610351562,139.5,140.25,117.447509765625,13558920
2022-11-30,ONGC,139.60000610351562,141.8000030517578,139.60000610351562,141.10000610351562,118.15931701660156,17720938
2022-12-01,ONGC,141.4499969482422,142.0,139.8000030517578,140.0500030517578,117.28002166748047,27727625
2022-12-02,ONGC,141.85000610351562,144.8000030517578,140.5500030517578,140.89999389648438,117.99180603027344,24518337
2022-12-05,ONGC,141.5,143.9499969482422,140.60000610351562,143.75,120.37845611572266,18440387
2022-12-06,ONGC,142.85000610351562,143.14999389648438,141.14999389648438,142.4499969482422,119.28981018066406,10977472
2022-12-07,ONGC,140.8000030517578,141.75,140.10000610351562,140.64999389648438,117.78245544433594,9731670
2022-12-08,ONGC,141.25,143.0,140.35000610351562,142.64999389648438,119.45730590820312,10150945
2022-12-09,ONGC,142.5,142.9499969482422,140.3000030517578,140.6999969482422,117.8243408203125,9438307
2022-12-12,ONGC,140.0,142.5,139.1999969482422,142.35000610351562,119.20609283447266,8946335
2022-12-13,ONGC,143.0500030517578,144.64999389648438,142.5500030517578,144.35000610351562,120.88091278076172,12593054
2022-12-14,ONGC,144.35000610351562,148.60000610351562,144.10000610351562,147.60000610351562,123.60250091552734,17692988
2022-12-15,ONGC,147.64999389648438,148.85000610351562,146.64999389648438,147.4499969482422,123.47688293457031,11426194
2022-12-16,ONGC,148.35000610351562,150.5,147.0,147.1999969482422,123.26753234863281,20540447
2022-12-19,ONGC,147.0500030517578,147.5500030517578,145.0,145.8000030517578,122.09518432617188,10635055
2022-12-20,ONGC,145.5,146.1999969482422,143.10000610351562,145.85000610351562,122.13702392578125,6714207
2022-12-21,ONGC,146.5,146.8000030517578,142.6999969482422,143.5,120.16910552978516,10011408
2022-12-22,ONGC,145.0,145.14999389648438,141.5500030517578,142.25,119.12232208251953,9123323
2022-12-23,ONGC,140.60000610351562,143.5,139.3000030517578,139.8000030517578,117.0706787109375,8007752
2022-12-26,ONGC,140.5,142.85000610351562,139.5,141.3000030517578,118.32678985595703,7150680
2022-12-27,ONGC,142.10000610351562,145.39999389648438,142.10000610351562,144.8000030517578,121.25773620605469,8765357
2022-12-28,ONGC,143.4499969482422,144.64999389648438,142.6999969482422,143.89999389648438,120.50405883789062,9534858
2022-12-29,ONGC,142.75,146.0,142.5,144.64999389648438,121.13213348388672,36752195
2022-12-30,ONGC,145.4499969482422,148.75,144.5500030517578,146.75,122.89070129394531,9644998
2023-01-02,ONGC,147.3000030517578,150.8000030517578,147.25,150.4499969482422,125.9891357421875,9631496
2023-01-03,ONGC,149.6999969482422,150.60000610351562,148.0,149.5500030517578,125.23548126220703,14991139
2023-01-04,ONGC,148.8000030517578,148.85000610351562,145.0,146.25,122.47200012207031,13535874
2023-01-05,ONGC,145.85000610351562,147.0,144.14999389648438,146.5,122.68136596679688,16320559
2023-01-06,ONGC,146.6999969482422,148.10000610351562,146.3000030517578,147.35000610351562,123.39318084716797,16804116
2023-01-09,ONGC,149.3000030517578,150.1999969482422,147.8000030517578,148.14999389648438,124.06307983398438,18660445
2023-01-10,ONGC,148.60000610351562,150.3000030517578,148.60000610351562,149.35000610351562,125.0679931640625,18490715
2023-01-11,ONGC,149.5,150.0,146.25,146.8000030517578,122.93257904052734,12538238
2023-01-12,ONGC,147.6999969482422,148.25,145.75,146.14999389648438,122.38822937011719,13270422
2023-01-13,ONGC,146.39999389648438,147.5,145.89999389648438,146.9499969482422,123.05819702148438,8854484
2023-01-16,ONGC,147.6999969482422,147.8000030517578,146.0,147.60000610351562,123.60250091552734,9696320
2023-01-17,ONGC,148.3000030517578,149.0,146.64999389648438,147.85000610351562,123.81188201904297,18484595
2023-01-18,ONGC,148.25,149.75,148.1999969482422,149.25,124.9842529296875,12139643
2023-01-19,ONGC,148.0500030517578,152.10000610351562,148.0500030517578,151.75,127.07778930664062,18437610
2023-01-20,ONGC,152.0,152.5,150.5500030517578,151.60000610351562,126.95215606689453,17512691
2023-01-23,ONGC,152.5500030517578,153.10000610351562,151.35000610351562,152.35000610351562,127.58023834228516,16742252
2023-01-24,ONGC,152.35000610351562,153.1999969482422,151.60000610351562,152.14999389648438,127.41275024414062,8276792
2023-01-25,ONGC,151.25,153.39999389648438,151.14999389648438,152.4499969482422,127.66397094726562,9827342
2023-01-27,ONGC,152.4499969482422,154.14999389648438,146.60000610351562,147.64999389648438,123.6443862915039,13052535
2023-01-30,ONGC,147.5,148.85000610351562,143.25,144.89999389648438,121.34146118164062,12688399
2023-01-31,ONGC,145.14999389648438,147.89999389648438,144.25,144.89999389648438,121.34146118164062,19050398
2023-02-01,ONGC,145.8000030517578,146.0,142.35000610351562,144.25,120.79717254638672,11526089
2023-02-02,ONGC,143.0,145.0,140.64999389648438,143.4499969482422,120.12723541259766,11886667
2023-02-03,ONGC,143.5,145.35000610351562,140.10000610351562,144.3000030517578,120.83903503417969,9250428
2023-02-06,ONGC,141.6999969482422,144.1999969482422,141.60000610351562,143.5,120.16910552978516,6436143
2023-02-07,ONGC,143.89999389648438,144.9499969482422,142.1999969482422,144.64999389648438,121.13213348388672,8681511
2023-02-08,ONGC,145.39999389648438,145.89999389648438,143.14999389648438,143.89999389648438,120.50405883789062,10325869
2023-02-09,ONGC,144.64999389648438,146.39999389648438,143.1999969482422,146.1999969482422,122.43011474609375,8078404
2023-02-10,ONGC,146.14999389648438,147.0,144.8000030517578,146.6999969482422,122.84882354736328,6396208
2023-02-13,ONGC,147.4499969482422,148.8000030517578,146.60000610351562,148.14999389648438,124.06307983398438,6563018
2023-02-14,ONGC,148.64999389648438,149.1999969482422,147.0,148.4499969482422,124.31429290771484,6991500
2023-02-15,ONGC,149.0,149.39999389648438,145.5,147.5,123.5187759399414,12631259
2023-02-16,ONGC,150.0,156.4499969482422,148.39999389648438,155.89999389648438,130.5530548095703,30949761
2023-02-17,ONGC,155.5,158.8000030517578,154.39999389648438,156.60000610351562,131.13926696777344,19874561
2023-02-20,ONGC,157.1999969482422,157.8000030517578,154.39999389648438,154.85000610351562,129.6737823486328,8348393
2023-02-21,ONGC,154.89999389648438,155.89999389648438,153.4499969482422,154.10000610351562,129.0457000732422,7599927
2023-02-22,ONGC,154.25,154.5,151.6999969482422,153.60000610351562,128.6269989013672,9599697
2023-02-23,ONGC,153.6999969482422,156.1999969482422,153.25,154.64999389648438,129.50625610351562,18675946
2023-02-24,ONGC,151.75,155.35000610351562,149.75,155.0,133.2457733154297,14648507
2023-02-27,ONGC,154.0,156.0500030517578,153.0,155.25,133.460693359375,11904749
2023-02-28,ONGC,154.14999389648438,155.4499969482422,151.1999969482422,152.0500030517578,130.7097930908203,17607584
2023-03-01,ONGC,152.0,155.10000610351562,151.85000610351562,154.8000030517578,133.07382202148438,7707977
2023-03-02,ONGC,154.5,155.0500030517578,152.64999389648438,154.0500030517578,132.42909240722656,8219892
2023-03-03,ONGC,154.0,155.6999969482422,153.4499969482422,154.25,132.60104370117188,8260104
2023-03-06,ONGC,154.6999969482422,159.6999969482422,153.5500030517578,158.1999969482422,135.99664306640625,14491522
2023-03-08,ONGC,156.5500030517578,158.85000610351562,156.39999389648438,158.25,136.0396270751953,7339476
2023-03-09,ONGC,159.0500030517578,159.14999389648438,156.0500030517578,156.3000030517578,134.36331176757812,5314022
2023-03-10,ONGC,155.60000610351562,156.6999969482422,154.1999969482422,155.8000030517578,133.93348693847656,4689681
2023-03-13,ONGC,156.1999969482422,158.0,155.1999969482422,155.8000030517578,133.93348693847656,8785721
2023-03-14,ONGC,155.8000030517578,156.85000610351562,153.0500030517578,153.3000030517578,131.7843475341797,7177342
2023-03-15,ONGC,154.0,154.4499969482422,151.8000030517578,152.5500030517578,131.1396026611328,9832270
2023-03-16,ONGC,151.1999969482422,153.39999389648438,148.0,152.1999969482422,130.83872985839844,18551936
2023-03-17,ONGC,153.5,154.89999389648438,151.9499969482422,153.14999389648438,131.6553955078125,16593429
2023-03-20,ONGC,153.0,154.14999389648438,151.60000610351562,152.3000030517578,130.92469787597656,8749355
2023-03-21,ONGC,153.14999389648438,153.75,150.9499969482422,151.5500030517578,130.27996826171875,6148489
2023-03-22,ONGC,152.39999389648438,152.8000030517578,150.85000610351562,151.5500030517578,130.27996826171875,4329409
2023-03-23,ONGC,151.10000610351562,153.14999389648438,150.3000030517578,152.8000030517578,131.3545379638672,4484564
2023-03-24,ONGC,152.6999969482422,153.1999969482422,148.8000030517578,149.39999389648438,128.43170166015625,8301726
2023-03-27,ONGC,149.5500030517578,152.4499969482422,149.25,150.25,129.1624298095703,7437261
2023-03-28,ONGC,150.25,150.25,146.64999389648438,147.1999969482422,126.54048156738281,8964539
2023-03-29,ONGC,147.25,150.85000610351562,146.5,149.35000610351562,128.3887481689453,24012834
2023-03-31,ONGC,150.10000610351562,153.0,150.0500030517578,151.0500030517578,129.8501434326172,7998472
2023-04-03,ONGC,154.5,157.85000610351562,153.10000610351562,153.64999389648438,132.08522033691406,20016785
2023-04-05,ONGC,156.75,157.35000610351562,152.5500030517578,152.89999389648438,131.4404754638672,15880397
2023-04-06,ONGC,153.1999969482422,153.4499969482422,150.39999389648438,150.60000610351562,129.4633026123047,10670936
2023-04-10,ONGC,150.6999969482422,157.5,150.0,157.14999389648438,135.093994140625,17431401
2023-04-11,ONGC,157.10000610351562,159.3000030517578,156.39999389648438,159.0500030517578,136.7273406982422,13305621
2023-04-12,ONGC,159.0,159.0500030517578,156.60000610351562,157.64999389648438,135.52383422851562,7333339
2023-04-13,ONGC,158.14999389648438,160.5,158.0,158.75,136.4694366455078,11610851
2023-04-17,ONGC,159.10000610351562,160.4499969482422,158.0,160.14999389648438,137.67295837402344,9358885
2023-04-18,ONGC,160.14999389648438,160.5500030517578,159.39999389648438,160.10000610351562,137.6299591064453,8008560
2023-04-19,ONGC,158.3000030517578,160.4499969482422,158.0500030517578,160.10000610351562,137.6299591064453,11374283
2023-04-20,ONGC,159.60000610351562,160.10000610351562,158.5,159.14999389648438,136.81332397460938,5733670
2023-04-21,ONGC,158.89999389648438,159.85000610351562,158.6999969482422,159.60000610351562,137.20016479492188,3512214
2023-04-24,ONGC,159.60000610351562,160.75,159.3000030517578,160.25,137.7589111328125,7028440
2023-04-25,ONGC,160.1999969482422,161.8000030517578,160.0,160.64999389648438,138.10276794433594,10169778
2023-04-26,ONGC,160.0,161.60000610351562,159.75,161.14999389648438,138.53260803222656,9177783
2023-04-27,ONGC,160.1999969482422,160.89999389648438,159.60000610351562,160.0500030517578,137.5869903564453,6456825
2023-04-28,ONGC,159.8000030517578,159.8000030517578,154.85000610351562,158.9499969482422,136.64138793945312,12656744
2023-05-02,ONGC,159.5,164.8000030517578,159.35000610351562,164.25,141.197509765625,16612560
2023-05-03,ONGC,162.89999389648438,163.35000610351562,160.85000610351562,161.14999389648438,138.53260803222656,8029435
2023-05-04,ONGC,160.8000030517578,161.1999969482422,159.1999969482422,161.0,138.40367126464844,9929482
2023-05-05,ONGC,161.0500030517578,161.9499969482422,159.6999969482422,160.3000030517578,137.80191040039062,5488707
2023-05-08,ONGC,160.3000030517578,165.35000610351562,160.0,165.0,141.84225463867188,9699470
2023-05-09,ONGC,165.0,166.5,164.39999389648438,165.25,142.05715942382812,7600834
2023-05-10,ONGC,165.25,167.64999389648438,165.0,166.9499969482422,143.51858520507812,10901429
2023-05-11,ONGC,166.10000610351562,168.64999389648438,166.10000610351562,167.0500030517578,143.6045379638672,7877677
2023-05-12,ONGC,168.14999389648438,169.0,165.0,165.5,142.27207946777344,16373574
2023-05-15,ONGC,165.5,166.60000610351562,164.39999389648438,165.60000610351562,142.3580780029297,8559162
2023-05-16,ONGC,168.3000030517578,168.5,166.75,168.0,144.4212188720703,12249266
2023-05-17,ONGC,168.0,168.0,166.10000610351562,167.25,143.7764434814453,7360259
2023-05-18,ONGC,167.5,168.4499969482422,166.0,166.35000610351562,143.00277709960938,7433090
2023-05-19,ONGC,166.1999969482422,166.75,164.0,164.89999389648438,141.75631713867188,5969632
2023-05-22,ONGC,164.10000610351562,166.39999389648438,164.10000610351562,165.60000610351562,142.3580780029297,7331865
2023-05-23,ONGC,165.60000610351562,167.0500030517578,164.4499969482422,165.0,141.84225463867188,10119254
2023-05-24,ONGC,165.0,166.4499969482422,164.64999389648438,166.25,142.9168243408203,6107980
2023-05-25,ONGC,166.25,167.39999389648438,165.25,166.0,142.701904296875,8077606
2023-05-26,ONGC,166.0500030517578,167.39999389648438,162.3000030517578,163.75,140.76768493652344,14873707
2023-05-29,ONGC,160.0,160.25,156.5,159.0,136.68435668945312,43253971
2023-05-30,ONGC,159.6999969482422,161.6999969482422,157.25,158.85000610351562,136.555419921875,16117505
2023-05-31,ONGC,159.0,159.39999389648438,150.0500030517578,154.89999389648438,133.15977478027344,83741017
2023-06-01,ONGC,154.6999969482422,156.0,153.1999969482422,153.64999389648438,132.08522033691406,13982606
2023-06-02,ONGC,155.0,155.0,153.39999389648438,154.6999969482422,132.9878387451172,9851058
2023-06-05,ONGC,155.5,156.0,154.4499969482422,155.39999389648438,133.58961486816406,11850547
2023-06-06,ONGC,155.5,155.89999389648438,153.1999969482422,153.64999389648438,132.08522033691406,8118800
2023-06-07,ONGC,153.60000610351562,154.5,152.5500030517578,153.85000610351562,132.25717163085938,12180164
2023-06-08,ONGC,154.5,156.64999389648438,154.1999969482422,156.10000610351562,134.19139099121094,13850599
2023-06-09,ONGC,156.6999969482422,156.89999389648438,153.8000030517578,154.25,132.60104370117188,11764248
2023-06-12,ONGC,154.85000610351562,155.25,152.60000610351562,155.0500030517578,133.28875732421875,11017643
2023-06-13,ONGC,155.1999969482422,156.1999969482422,154.25,155.64999389648438,133.8045196533203,10073644
2023-06-14,ONGC,156.10000610351562,158.39999389648438,155.85000610351562,157.85000610351562,135.69577026367188,9695952
2023-06-15,ONGC,157.5,157.89999389648438,156.1999969482422,157.64999389648438,135.52383422851562,7426254
2023-06-16,ONGC,158.25,158.64999389648438,156.35000610351562,157.0,134.96507263183594,11466647
2023-06-19,ONGC,157.89999389648438,158.4499969482422,156.5,157.8000030517578,135.6527557373047,4718221
2023-06-20,ONGC,157.5500030517578,157.8000030517578,156.5500030517578,157.25,135.1799774169922,6059738
2023-06-21,ONGC,157.0,160.5500030517578,156.60000610351562,160.1999969482422,137.71595764160156,8284206
2023-06-22,ONGC,160.1999969482422,160.9499969482422,157.5,158.9499969482422,136.64138793945312,10629027
2023-06-23,ONGC,159.0,159.0,155.39999389648438,156.89999389648438,134.8790740966797,8722650
2023-06-26,ONGC,157.0,158.25,155.85000610351562,156.89999389648438,134.8790740966797,4273205
2023-06-27,ONGC,158.85000610351562,158.85000610351562,157.35000610351562,157.85000610351562,135.69577026367188,9730174
2023-06-28,ONGC,157.85000610351562,160.14999389648438,156.5500030517578,158.5500030517578,136.29751586914062,40243993
2023-06-30,ONGC,161.0,161.0,158.9499969482422,160.3000030517578,137.80191040039062,7840112
2023-07-03,ONGC,160.3000030517578,163.25,160.0,162.89999389648438,140.0369873046875,9548822
2023-07-04,ONGC,162.5,162.89999389648438,160.0,161.1999969482422,138.5756072998047,5394282
2023-07-05,ONGC,162.0,164.39999389648438,161.35000610351562,162.8000030517578,139.9510498046875,8795342
2023-07-06,ONGC,162.8000030517578,165.8000030517578,162.5500030517578,165.39999389648438,142.1861114501953,9845699
2023-07-07,ONGC,165.5,166.0,162.8000030517578,163.5,140.5528106689453,7597171
2023-07-10,ONGC,163.89999389648438,165.39999389648438,162.5,162.75,139.90805053710938,5437687
2023-07-11,ONGC,163.25,165.10000610351562,162.89999389648438,164.60000610351562,141.4984130859375,6343183
2023-07-12,ONGC,165.9499969482422,169.0,165.25,167.64999389648438,144.12033081054688,15614026
2023-07-13,ONGC,168.64999389648438,169.3000030517578,167.1999969482422,167.8000030517578,144.24928283691406,11350009
2023-07-14,ONGC,169.0,169.75,168.1999969482422,169.25,145.49578857421875,9448062
2023-07-17,ONGC,167.8000030517578,168.39999389648438,166.14999389648438,166.39999389648438,143.04576110839844,4968847
2023-07-18,ONGC,166.39999389648438,168.14999389648438,166.0500030517578,166.89999389648438,143.47560119628906,4322257
2023-07-19,ONGC,167.1999969482422,167.9499969482422,166.10000610351562,166.75,143.34664916992188,5968174
2023-07-20,ONGC,167.0,168.10000610351562,166.0,167.1999969482422,143.7334747314453,5217131
2023-07-21,ONGC,167.35000610351562,171.0,166.5,170.5500030517578,146.6133270263672,7842863
2023-07-24,ONGC,171.64999389648438,172.25,170.25,171.0,147.0001678466797,8451631
2023-07-25,ONGC,172.0,173.35000610351562,171.3000030517578,173.0,148.71945190429688,10480578
2023-07-26,ONGC,173.85000610351562,174.3000030517578,172.0,172.9499969482422,148.676513671875,9103949
2023-07-27,ONGC,173.4499969482422,173.64999389648438,170.6999969482422,171.0,147.0001678466797,7731146
2023-07-28,ONGC,170.6999969482422,174.9499969482422,168.89999389648438,171.8000030517578,147.68789672851562,9004252
2023-07-31,ONGC,172.8000030517578,177.5,171.39999389648438,177.0500030517578,152.2010498046875,9277749
2023-08-01,ONGC,175.3000030517578,177.0,174.3000030517578,176.6999969482422,151.90016174316406,5584773
2023-08-02,ONGC,177.0,178.64999389648438,174.0,175.9499969482422,151.2554473876953,8975495
2023-08-03,ONGC,175.25,175.8000030517578,171.5,172.10000610351562,147.94578552246094,6152393
2023-08-04,ONGC,173.35000610351562,174.4499969482422,172.10000610351562,173.35000610351562,149.02037048339844,4605271
2023-08-07,ONGC,174.3000030517578,174.5,172.10000610351562,172.9499969482422,148.676513671875,2240015
2023-08-08,ONGC,172.89999389648438,173.8000030517578,172.60000610351562,173.35000610351562,149.02037048339844,3631238
2023-08-09,ONGC,173.35000610351562,177.25,173.3000030517578,176.89999389648438,152.0720672607422,4852294
2023-08-10,ONGC,178.10000610351562,179.75,176.89999389648438,178.64999389648438,153.5764923095703,10430692
2023-08-11,ONGC,178.89999389648438,179.6999969482422,176.6999969482422,177.1999969482422,152.32997131347656,4112277
2023-08-14,ONGC,180.0,180.4499969482422,177.35000610351562,178.0,153.01771545410156,12876956
2023-08-16,ONGC,176.3000030517578,179.4499969482422,175.8000030517578,179.0500030517578,153.92034912109375,8371665
2023-08-17,ONGC,178.6999969482422,179.10000610351562,177.10000610351562,177.75,152.80282592773438,5199363
2023-08-18,ONGC,177.64999389648438,177.64999389648438,174.14999389648438,175.3000030517578,151.1217498779297,6734650
2023-08-21,ONGC,175.3000030517578,176.3000030517578,174.3000030517578,176.0500030517578,151.768310546875,3599820
2023-08-22,ONGC,176.0500030517578,177.89999389648438,175.60000610351562,176.14999389648438,151.85450744628906,5348036
2023-08-23,ONGC,177.0,177.1999969482422,175.0,175.5,151.294189453125,6379611
2023-08-24,ONGC,175.5,176.6999969482422,172.8000030517578,173.10000610351562,149.2251739501953,7976333
2023-08-25,ONGC,173.10000610351562,175.25,172.85000610351562,174.6999969482422,150.60450744628906,4757915
2023-08-28,ONGC,175.10000610351562,175.8000030517578,174.5500030517578,175.1999969482422,151.03555297851562,4354221
2023-08-29,ONGC,175.60000610351562,176.10000610351562,174.9499969482422,175.6999969482422,151.46658325195312,4596468
2023-08-30,ONGC,175.6999969482422,176.89999389648438,175.0,175.75,151.50967407226562,5937955
2023-08-31,ONGC,175.8000030517578,176.0,173.0500030517578,174.14999389648438,150.13034057617188,15823452
2023-09-01,ONGC,174.39999389648438,184.75,174.39999389648438,181.75,156.68212890625,22460960
2023-09-04,ONGC,183.85000610351562,184.4499969482422,181.8000030517578,182.9499969482422,157.71661376953125,10998180
2023-09-05,ONGC,183.5,186.0,182.39999389648438,183.10000610351562,157.84596252441406,13506519
2023-09-06,ONGC,184.89999389648438,186.75,182.35000610351562,183.0500030517578,157.80284118652344,11954407
2023-09-07,ONGC,185.0,185.1999969482422,181.0,181.75,156.68212890625,11137801
2023-09-08,ONGC,182.5,184.9499969482422,182.0,184.4499969482422,159.00975036621094,9737214
2023-09-11,ONGC,185.4499969482422,185.9499969482422,182.3000030517578,183.39999389648438,158.10455322265625,10845871
2023-09-12,ONGC,184.85000610351562,184.89999389648438,180.1999969482422,180.89999389648438,155.94937133789062,15524470
2023-09-13,ONGC,181.89999389648438,184.6999969482422,180.89999389648438,183.89999389648438,158.53558349609375,10578786
2023-09-14,ONGC,184.75,188.89999389648438,184.1999969482422,187.89999389648438,161.98390197753906,17746404
2023-09-15,ONGC,191.6999969482422,191.6999969482422,185.60000610351562,186.64999389648438,160.90628051757812,19924829
2023-09-18,ONGC,185.8000030517578,187.5,185.10000610351562,186.75,160.99252319335938,5022956
2023-09-20,ONGC,186.4499969482422,189.5,186.1999969482422,188.1999969482422,162.24249267578125,12687099
2023-09-21,ONGC,188.39999389648438,188.4499969482422,186.0500030517578,186.6999969482422,160.94940185546875,7814108
2023-09-22,ONGC,186.60000610351562,187.6999969482422,185.0,185.10000610351562,159.57008361816406,7814821
2023-09-25,ONGC,186.0,186.6999969482422,185.25,185.5,159.9149169921875,5540062
2023-09-26,ONGC,186.0,188.14999389648438,185.25,187.75,161.85458374023438,12446655
2023-09-27,ONGC,189.3000030517578,189.3000030517578,186.3000030517578,187.25,161.4235382080078,5630907
2023-09-28,ONGC,188.89999389648438,189.5,186.5,187.4499969482422,161.59596252441406,14890642
2023-09-29,ONGC,188.5,192.25,188.14999389648438,191.85000610351562,165.38909912109375,10085766
2023-10-03,ONGC,189.3000030517578,189.3000030517578,183.64999389648438,184.60000610351562,159.13906860351562,22118500
2023-10-04,ONGC,184.4499969482422,184.60000610351562,182.10000610351562,182.75,157.54421997070312,9360058
2023-10-05,ONGC,181.25,184.0,181.0,182.1999969482422,157.070068359375,11128340
2023-10-06,ONGC,183.5,183.5,180.60000610351562,181.4499969482422,156.42352294921875,5759904
2023-10-09,ONGC,182.89999389648438,184.6999969482422,181.25,181.6999969482422,156.63902282714844,14622727
2023-10-10,ONGC,182.3000030517578,184.5,182.0500030517578,183.5,158.19076538085938,11819690
2023-10-11,ONGC,184.39999389648438,184.6999969482422,182.75,183.25,157.97525024414062,8499601
2023-10-12,ONGC,183.1999969482422,184.85000610351562,183.0,184.4499969482422,159.00975036621094,8677885
2023-10-13,ONGC,184.5,186.25,184.0500030517578,184.89999389648438,159.39767456054688,7435899
2023-10-16,ONGC,187.9499969482422,188.1999969482422,186.25,186.5500030517578,160.82009887695312,12376549
2023-10-17,ONGC,187.0,187.0500030517578,185.5500030517578,186.25,160.5614776611328,4381065
2023-10-18,ONGC,188.0,188.0500030517578,186.0500030517578,186.9499969482422,161.1649169921875,10181113
2023-10-19,ONGC,186.0,186.64999389648438,185.0500030517578,186.3000030517578,160.60458374023438,9148124
2023-10-20,ONGC,187.0,187.3000030517578,185.14999389648438,186.1999969482422,160.51837158203125,7912216
2023-10-23,ONGC,185.9499969482422,185.9499969482422,184.1999969482422,184.85000610351562,159.35458374023438,4723090
2023-10-25,ONGC,184.85000610351562,185.85000610351562,183.0,184.35000610351562,158.92352294921875,6812004
2023-10-26,ONGC,183.5,184.14999389648438,179.89999389648438,180.89999389648438,155.94937133789062,8474867
2023-10-27,ONGC,181.0,185.8000030517578,180.3000030517578,184.75,159.2683563232422,6422123
2023-10-30,ONGC,185.0,189.1999969482422,184.60000610351562,188.8000030517578,162.759765625,7352638
2023-10-31,ONGC,189.1999969482422,189.8000030517578,184.1999969482422,186.14999389648438,160.47528076171875,9404675
2023-11-01,ONGC,186.14999389648438,188.8000030517578,185.0500030517578,186.6999969482422,160.94940185546875,9167869
2023-11-02,ONGC,187.0,187.64999389648438,185.75,186.1999969482422,160.51837158203125,11471209
2023-11-03,ONGC,186.64999389648438,190.64999389648438,185.8000030517578,190.0,163.79425048828125,7464912
2023-11-06,ONGC,190.1999969482422,194.1999969482422,189.5500030517578,193.3000030517578,166.63909912109375,8962124
2023-11-07,ONGC,193.39999389648438,198.0,192.35000610351562,193.1999969482422,166.5529022216797,13921916
2023-11-08,ONGC,193.6999969482422,196.5500030517578,192.3000030517578,195.35000610351562,168.40635681152344,10186886
2023-11-09,ONGC,196.5,196.6999969482422,192.1999969482422,192.6999969482422,166.12184143066406,5303833
2023-11-10,ONGC,192.6999969482422,196.5,192.6999969482422,195.89999389648438,168.8804931640625,6025889
2023-11-13,ONGC,195.89999389648438,197.3000030517578,194.10000610351562,195.8000030517578,168.7942657470703,11181086
2023-11-15,ONGC,198.5,203.0,197.64999389648438,199.5,171.98394775390625,19769385
2023-11-16,ONGC,202.5,203.39999389648438,201.0,201.8000030517578,173.96673583984375,18629240
2023-11-17,ONGC,200.85000610351562,201.25,195.5500030517578,196.35000610351562,169.26841735839844,13199928
2023-11-20,ONGC,198.0,198.5,197.0,197.85000610351562,170.56153869628906,6423265
2023-11-21,ONGC,193.0,193.9499969482422,191.0,191.1999969482422,169.76243591308594,10720353
2023-11-22,ONGC,191.1999969482422,191.85000610351562,189.75,191.0,169.58485412597656,7538825
2023-11-23,ONGC,191.0,191.75,189.60000610351562,190.64999389648438,169.27410888671875,6541617
2023-11-24,ONGC,190.85000610351562,191.85000610351562,188.14999389648438,188.85000610351562,167.6759490966797,5751331
2023-11-28,ONGC,188.85000610351562,194.4499969482422,188.39999389648438,193.9499969482422,172.20411682128906,9277764
2023-11-29,ONGC,195.5,195.5,191.6999969482422,192.0,170.47274780273438,8791333
2023-11-30,ONGC,192.64999389648438,195.64999389648438,192.0500030517578,194.9499969482422,173.0919952392578,14965403
2023-12-01,ONGC,195.25,198.25,194.25,194.5500030517578,172.73684692382812,9935740
2023-12-04,ONGC,196.5,205.89999389648438,196.0500030517578,202.0500030517578,179.39593505859375,28615290
2023-12-05,ONGC,202.1999969482422,203.9499969482422,199.14999389648438,202.0500030517578,179.39593505859375,14557746
2023-12-06,ONGC,203.75,203.75,199.10000610351562,201.9499969482422,179.30714416503906,12662213
2023-12-07,ONGC,200.89999389648438,200.89999389648438,196.0500030517578,198.89999389648438,176.59910583496094,16425880
2023-12-08,ONGC,199.85000610351562,200.3000030517578,194.10000610351562,195.9499969482422,173.97987365722656,10414387
2023-12-11,ONGC,197.0500030517578,200.85000610351562,194.25,197.8000030517578,175.6224365234375,10108266
2023-12-12,ONGC,196.9499969482422,197.8000030517578,194.5500030517578,195.39999389648438,173.4915313720703,10719911
2023-12-13,ONGC,195.39999389648438,195.39999389648438,192.0500030517578,193.14999389648438,171.49378967285156,10892122
2023-12-14,ONGC,195.89999389648438,196.3000030517578,193.25,195.9499969482422,173.97987365722656,15257294
2023-12-15,ONGC,197.25,201.9499969482422,196.85000610351562,201.0500030517578,178.50807189941406,22863981
2023-12-18,ONGC,201.0500030517578,201.64999389648438,197.35000610351562,199.0,176.68789672851562,8061011
2023-12-19,ONGC,202.0,203.5500030517578,199.3000030517578,200.3000030517578,177.84213256835938,16739742
2023-12-20,ONGC,201.75,212.0,200.9499969482422,203.1999969482422,180.4169921875,57762576
2023-12-21,ONGC,203.9499969482422,206.75,201.1999969482422,202.64999389648438,179.92864990234375,22823936
2023-12-22,ONGC,204.0,204.5,201.8000030517578,203.9499969482422,181.08287048339844,9910694
2023-12-26,ONGC,204.5,208.5,203.64999389648438,207.35000610351562,184.10169982910156,17052969
2023-12-27,ONGC,209.5,209.89999389648438,204.5,205.5500030517578,182.50350952148438,20361303
2023-12-28,ONGC,206.5,208.89999389648438,205.35000610351562,208.3000030517578,184.94517517089844,22010872
2023-12-29,ONGC,208.0,208.0,204.25,205.0500030517578,182.0595703125,12171663
2024-01-01,ONGC,206.0,207.10000610351562,204.75,205.35000610351562,182.325927734375,4820168
2024-01-02,ONGC,205.35000610351562,210.75,203.64999389648438,207.0500030517578,183.83534240722656,21141219
2024-01-03,ONGC,205.5,210.4499969482422,204.5,208.25,184.90078735351562,11650902
2024-01-04,ONGC,210.5,215.39999389648438,209.3000030517578,214.64999389648438,190.5832061767578,31054419
2024-01-05,ONGC,215.4499969482422,217.5,213.0500030517578,216.4499969482422,192.18138122558594,20743811
2024-01-08,ONGC,218.0,220.8000030517578,217.10000610351562,217.9499969482422,193.51321411132812,19310595
2024-01-09,ONGC,221.0,221.4499969482422,215.9499969482422,216.64999389648438,192.3589630126953,11951525
2024-01-10,ONGC,215.0,215.0,209.6999969482422,212.10000610351562,188.31912231445312,16500666
2024-01-11,ONGC,214.0,214.0,210.85000610351562,211.85000610351562,188.09715270996094,12586419
2024-01-12,ONGC,213.8000030517578,224.75,212.35000610351562,223.39999389648438,198.35214233398438,39228118
2024-01-15,ONGC,228.5,235.4499969482422,224.64999389648438,233.5,207.3197479248047,57884916
2024-01-16,ONGC,234.9499969482422,238.9499969482422,231.10000610351562,235.10000610351562,208.74034118652344,34505065
2024-01-17,ONGC,232.1999969482422,237.25,230.6999969482422,232.0500030517578,206.03228759765625,26010955
2024-01-18,ONGC,230.0500030517578,234.5,224.64999389648438,233.5500030517578,207.36410522460938,19232183
2024-01-19,ONGC,236.0,242.5500030517578,235.0,242.0500030517578,214.9110870361328,26391844
2024-01-23,ONGC,245.0,245.64999389648438,228.0,229.89999389648438,204.1233673095703,20282617
2024-01-24,ONGC,231.0,235.0,228.10000610351562,234.35000610351562,208.0744171142578,14458601
2024-01-25,ONGC,235.0,237.5,232.8000030517578,234.0500030517578,207.80809020996094,18291957
2024-01-29,ONGC,241.0,254.9499969482422,239.10000610351562,252.5,224.18942260742188,54127939
2024-01-30,ONGC,256.5,263.29998779296875,248.64999389648438,249.1999969482422,221.25941467285156,51491099
2024-01-31,ONGC,250.4499969482422,254.35000610351562,246.3000030517578,252.25,223.96743774414062,33293192
2024-02-01,ONGC,254.64999389648438,254.64999389648438,245.4499969482422,247.64999389648438,219.88320922851562,29758133
2024-02-02,ONGC,250.0,260.0,249.0,257.25,228.40684509277344,30482663
2024-02-05,ONGC,260.04998779296875,268.04998779296875,255.10000610351562,262.95001220703125,233.46775817871094,34001868
2024-02-06,ONGC,265.3500061035156,273.3999938964844,260.20001220703125,272.29998779296875,241.76942443847656,36708949
2024-02-07,ONGC,275.0,275.6499938964844,267.54998779296875,271.8999938964844,241.41427612304688,23756939
2024-02-08,ONGC,273.04998779296875,275.6499938964844,269.1000061035156,273.1499938964844,242.5241241455078,25252940
2024-02-09,ONGC,275.0,275.6499938964844,259.1499938964844,267.54998779296875,237.55198669433594,26743792
2024-02-12,ONGC,261.95001220703125,266.6000061035156,256.79998779296875,257.8999938964844,228.9839630126953,30906374
2024-02-13,ONGC,258.0,262.3999938964844,254.6999969482422,259.5,230.40457153320312,20711842
2024-02-14,ONGC,258.0,269.6499938964844,256.0,268.8500061035156,238.70623779296875,36168962
2024-02-15,ONGC,271.6499938964844,279.8500061035156,269.0,277.29998779296875,246.2087860107422,32831246
2024-02-16,ONGC,275.1499938964844,278.0,270.3500061035156,274.70001220703125,247.4700469970703,27044984
2024-02-19,ONGC,274.70001220703125,279.04998779296875,272.3999938964844,274.6499938964844,247.4250030517578,15322964
2024-02-20,ONGC,274.79998779296875,281.1499938964844,274.04998779296875,276.6000061035156,249.18170166015625,18968785
2024-02-21,ONGC,276.0,281.1000061035156,271.6000061035156,272.95001220703125,245.8935089111328,16340579
2024-02-22,ONGC,273.8500061035156,276.0,268.5,274.70001220703125,247.4700469970703,16791453
2024-02-23,ONGC,274.8999938964844,276.0,271.1000061035156,272.20001220703125,245.21783447265625,9464646
2024-02-26,ONGC,271.8999938964844,271.8999938964844,267.79998779296875,269.8500061035156,243.10079956054688,8661999
2024-02-27,ONGC,268.04998779296875,270.20001220703125,264.95001220703125,269.3500061035156,242.65037536621094,19582774
2024-02-28,ONGC,270.0,270.29998779296875,264.6000061035156,265.75,239.40719604492188,9118196
2024-02-29,ONGC,265.0,266.3500061035156,261.5,264.6000061035156,238.37124633789062,17179832
2024-03-01,ONGC,266.5,272.95001220703125,266.5,270.54998779296875,243.73141479492188,12930057
2024-03-04,ONGC,272.75,280.54998779296875,272.5,279.20001220703125,251.5239715576172,22280353
2024-03-05,ONGC,280.0,284.95001220703125,276.6499938964844,283.75,255.62295532226562,18544484
2024-03-06,ONGC,284.29998779296875,284.29998779296875,273.54998779296875,280.25,252.46987915039062,16807149
2024-03-07,ONGC,280.25,284.3500061035156,277.25,278.1000061035156,250.5330047607422,11386963
2024-03-11,ONGC,278.1000061035156,280.5,273.20001220703125,274.0,246.8394012451172,10684598
2024-03-12,ONGC,274.0,275.6000061035156,269.04998779296875,270.3999938964844,243.59628295898438,13780189
2024-03-13,ONGC,270.79998779296875,271.0,252.75,255.35000610351562,230.0381622314453,20079496
2024-03-14,ONGC,252.5,264.3500061035156,251.1999969482422,263.25,237.15505981445312,21404057
2024-03-15,ONGC,263.95001220703125,266.3999938964844,248.89999389648438,258.75,233.10110473632812,34961065
2024-03-18,ONGC,258.95001220703125,263.04998779296875,257.54998779296875,261.6000061035156,235.66859436035156,9246173
2024-03-19,ONGC,262.0,263.95001220703125,256.6499938964844,259.25,233.55152893066406,8758348
2024-03-20,ONGC,259.45001220703125,264.6000061035156,257.20001220703125,263.8500061035156,237.69557189941406,10484778
2024-03-21,ONGC,264.70001220703125,266.95001220703125,262.3500061035156,262.95001220703125,236.88478088378906,12163200
2024-03-22,ONGC,262.95001220703125,265.25,258.45001220703125,263.25,237.15505981445312,13025089
2024-03-26,ONGC,261.6499938964844,267.8999938964844,259.29998779296875,265.5,239.18202209472656,10830926
2024-03-27,ONGC,265.0,268.20001220703125,259.6499938964844,261.75,235.80372619628906,28563001
2024-03-28,ONGC,262.45001220703125,271.0,261.95001220703125,268.04998779296875,241.47923278808594,18888942
2024-04-01,ONGC,268.04998779296875,271.5,267.79998779296875,269.8999938964844,243.1458282470703,6440401
2024-04-02,ONGC,270.1000061035156,274.04998779296875,269.45001220703125,272.5,245.48809814453125,14439120
2024-04-03,ONGC,275.04998779296875,279.0,273.8500061035156,275.3500061035156,248.05560302734375,22600929
2024-04-04,ONGC,278.6499938964844,278.6499938964844,265.3500061035156,269.0,242.33505249023438,24624383
2024-04-05,ONGC,267.8500061035156,271.8999938964844,266.5,267.95001220703125,241.38916015625,13029904
2024-04-08,ONGC,267.54998779296875,272.0,266.6000061035156,270.3999938964844,243.59628295898438,13011300
2024-04-09,ONGC,270.0,272.6499938964844,268.0,268.95001220703125,242.29002380371094,13173933
2024-04-10,ONGC,269.95001220703125,273.20001220703125,269.1499938964844,272.0,245.03765869140625,11137195
2024-04-12,ONGC,271.8999938964844,272.5,265.0,265.70001220703125,239.3621826171875,21894584
2024-04-15,ONGC,269.1000061035156,282.95001220703125,267.1000061035156,279.8500061035156,252.10955810546875,75063828
2024-04-16,ONGC,277.0,292.54998779296875,275.25,283.1499938964844,255.08241271972656,79082544
2024-04-18,ONGC,286.0,287.70001220703125,273.3500061035156,274.1499938964844,246.97457885742188,34136482
2024-04-19,ONGC,276.75,280.79998779296875,274.1000061035156,275.25,247.9655303955078,32658724
2024-04-22,ONGC,277.29998779296875,278.0,273.75,276.79998779296875,249.36187744140625,14184019
2024-04-23,ONGC,276.8500061035156,278.75,275.54998779296875,276.79998779296875,249.36187744140625,8799147
2024-04-24,ONGC,277.6000061035156,280.3999938964844,276.29998779296875,279.3500061035156,251.6591033935547,9253985
2024-04-25,ONGC,279.3500061035156,282.6000061035156,278.0,281.95001220703125,254.0014190673828,17050557
2024-04-26,ONGC,283.0,286.1499938964844,282.20001220703125,282.8999938964844,254.85719299316406,11070290
2024-04-29,ONGC,283.95001220703125,285.25,282.1499938964844,283.20001220703125,255.12747192382812,8952420
2024-04-30,ONGC,284.5,286.3500061035156,281.45001220703125,282.8500061035156,254.81219482421875,10658906
2024-05-02,ONGC,281.0,284.6000061035156,279.04998779296875,282.79998779296875,254.76712036132812,15677336
2024-05-03,ONGC,284.0,292.95001220703125,284.0,286.1000061035156,257.7400207519531,28913016
2024-05-06,ONGC,288.70001220703125,288.75,275.25,282.1499938964844,254.18153381347656,15491865
2024-05-07,ONGC,283.8999938964844,285.0,272.0,273.6000061035156,246.47909545898438,13179001
2024-05-08,ONGC,273.5,280.25,272.3500061035156,276.8500061035156,249.40695190429688,12797721
2024-05-09,ONGC,277.25,278.54998779296875,263.20001220703125,265.25,238.956787109375,14869187
2024-05-10,ONGC,267.0,271.20001220703125,264.45001220703125,270.25,243.46116638183594,9530738
2024-05-13,ONGC,271.8999938964844,271.8999938964844,262.04998779296875,266.8999938964844,240.44325256347656,7163239
2024-05-14,ONGC,267.95001220703125,274.6499938964844,266.45001220703125,272.8999938964844,245.84848022460938,9123849
2024-05-15,ONGC,274.5,276.0,272.5,273.45001220703125,246.34397888183594,6368662
2024-05-16,ONGC,276.0,279.3500061035156,273.79998779296875,277.6499938964844,250.1276397705078,23757779
2024-05-17,ONGC,278.79998779296875,283.3999938964844,276.6000061035156,277.45001220703125,249.94744873046875,11529157
2024-05-21,ONGC,281.1000061035156,284.0,278.3500061035156,280.1000061035156,252.3347930908203,17559555
2024-05-22,ONGC,284.0,284.0,276.8999938964844,278.0,250.44293212890625,17935064
2024-05-23,ONGC,279.95001220703125,284.54998779296875,279.1000061035156,283.45001220703125,255.3527069091797,17719819
2024-05-24,ONGC,284.0,285.95001220703125,281.8500061035156,283.25,255.17254638671875,11041667
2024-05-27,ONGC,284.0,284.20001220703125,275.70001220703125,277.6499938964844,250.1276397705078,13719808
2024-05-28,ONGC,279.29998779296875,279.29998779296875,273.04998779296875,274.29998779296875,247.1096649169922,6927361
2024-05-29,ONGC,273.79998779296875,273.79998779296875,270.25,271.8500061035156,244.9025421142578,8327205
2024-05-30,ONGC,273.0,275.1000061035156,265.0,266.70001220703125,240.26304626464844,15390964
2024-05-31,ONGC,268.45001220703125,268.45001220703125,263.0,264.3500061035156,238.14599609375,24167379
2024-06-03,ONGC,277.95001220703125,286.54998779296875,273.20001220703125,284.1000061035156,255.93826293945312,30195397
2024-06-04,ONGC,285.0,285.0,223.0,236.3000030517578,212.87648010253906,72779900
2024-06-05,ONGC,247.0,249.75,230.4499969482422,247.5,222.96627807617188,37078551
2024-06-06,ONGC,254.0,259.5,249.25,252.3000030517578,227.2904815673828,30881233
2024-06-07,ONGC,253.5,260.79998779296875,251.8000030517578,260.3999938964844,234.58753967285156,22010688
2024-06-10,ONGC,264.0,264.0,258.04998779296875,259.1499938964844,233.46144104003906,14138524
2024-06-11,ONGC,266.8500061035156,275.0,265.25,273.54998779296875,246.43399047851562,47270206
2024-06-12,ONGC,278.0,279.1000061035156,274.6000061035156,275.5,248.19078063964844,20560662
2024-06-13,ONGC,278.0,278.0,272.5,276.54998779296875,249.13665771484375,16013386
2024-06-14,ONGC,277.0,278.20001220703125,274.6000061035156,275.3999938964844,248.1006317138672,10642648
2024-06-18,ONGC,278.95001220703125,279.0,274.0,275.79998779296875,248.46102905273438,17044769
2024-06-19,ONGC,275.8999938964844,276.6000061035156,271.1000061035156,271.54998779296875,244.63226318359375,13361607
2024-06-20,ONGC,271.79998779296875,274.0,269.1000061035156,271.8500061035156,244.9025421142578,12826509
2024-06-21,ONGC,271.45001220703125,274.75,268.8999938964844,269.6499938964844,242.92063903808594,17406416
2024-06-24,ONGC,269.6499938964844,271.25,266.6000061035156,269.8999938964844,243.1458282470703,7282347
2024-06-25,ONGC,270.1000061035156,270.79998779296875,265.0,267.0,240.53330993652344,14425434
2024-06-26,ONGC,266.8999938964844,269.1499938964844,264.1000061035156,267.75,241.208984375,10650910
2024-06-27,ONGC,267.3999938964844,268.1000061035156,263.5,267.5,240.98374938964844,22830930
2024-06-28,ONGC,269.0,275.45001220703125,268.3500061035156,274.20001220703125,247.01962280273438,19532912
2024-07-01,ONGC,275.0,275.79998779296875,271.6000061035156,272.95001220703125,245.8935089111328,11750972
2024-07-02,ONGC,273.20001220703125,279.79998779296875,271.5,274.8500061035156,247.6051788330078,24470518
2024-07-03,ONGC,276.0,277.70001220703125,274.0,274.70001220703125,247.4700469970703,9125400
2024-07-04,ONGC,275.0,278.8999938964844,273.04998779296875,277.04998779296875,249.5870361328125,13444669
2024-07-05,ONGC,277.25,289.29998779296875,276.5,288.20001220703125,259.6318664550781,39781962
2024-07-08,ONGC,290.0,303.0,287.3500061035156,299.1499938964844,269.4963684082031,53136198
2024-07-09,ONGC,300.79998779296875,301.8500061035156,293.3500061035156,297.45001220703125,267.96490478515625,18686252
2024-07-10,ONGC,299.70001220703125,299.79998779296875,288.8500061035156,298.1499938964844,268.59552001953125,19278800
2024-07-11,ONGC,300.0,307.20001220703125,295.1499938964844,304.75,274.5412902832031,36020507
2024-07-12,ONGC,306.79998779296875,311.75,304.20001220703125,307.1000061035156,276.65838623046875,31788101
2024-07-15,ONGC,311.79998779296875,323.6499938964844,308.6499938964844,322.5,290.5317687988281,51435537
2024-07-16,ONGC,323.6000061035156,327.6000061035156,319.75,322.6499938964844,290.6669616699219,37468292
2024-07-18,ONGC,325.1000061035156,333.29998779296875,321.6499938964844,331.70001220703125,298.8198547363281,48189915
2024-07-19,ONGC,333.0,333.20001220703125,318.04998779296875,319.6499938964844,287.9643249511719,26579496
2024-07-22,ONGC,320.0,323.3500061035156,314.5,320.79998779296875,289.00030517578125,22234557
2024-07-23,ONGC,320.04998779296875,321.3999938964844,297.3999938964844,314.1499938964844,283.009521484375,37871058
2024-07-24,ONGC,313.04998779296875,325.75,312.1000061035156,319.54998779296875,287.8741760253906,28259305
2024-07-25,ONGC,318.04998779296875,337.54998779296875,316.1000061035156,335.79998779296875,302.5133972167969,42054664
2024-07-26,ONGC,336.5,338.5,330.1000061035156,331.6000061035156,298.729736328125,25703985
2024-07-29,ONGC,333.79998779296875,339.54998779296875,330.75,332.8999938964844,299.9009094238281,26721790
2024-07-30,ONGC,332.0,338.25,331.0,331.8999938964844,299.0000305175781,19792253
2024-07-31,ONGC,332.04998779296875,337.45001220703125,329.75,334.20001220703125,301.0720520019531,21393361
2024-08-01,ONGC,337.79998779296875,344.70001220703125,337.1499938964844,341.75,307.8736267089844,36044960
2024-08-02,ONGC,338.0,338.0,328.6499938964844,330.1000061035156,297.37847900390625,22939377
2024-08-05,ONGC,320.3500061035156,323.29998779296875,306.0,310.25,279.4961242675781,37986023
2024-08-06,ONGC,314.79998779296875,322.45001220703125,305.1499938964844,306.1000061035156,275.7574768066406,28386636
2024-08-07,ONGC,312.3999938964844,330.95001220703125,312.0,329.1000061035156,296.4775695800781,66110716
2024-08-08,ONGC,329.0,329.0,321.70001220703125,322.70001220703125,290.7120056152344,23478224
2024-08-09,ONGC,333.95001220703125,335.8500061035156,328.20001220703125,332.54998779296875,299.5856018066406,29814474
2024-08-12,ONGC,332.75,344.70001220703125,329.8999938964844,341.29998779296875,307.46826171875,34754596
2024-08-13,ONGC,344.1000061035156,345.0,332.95001220703125,335.8999938964844,302.6035461425781,28943385
2024-08-14,ONGC,335.8500061035156,336.5,326.79998779296875,328.1499938964844,295.6217346191406,17812763
2024-08-16,ONGC,332.54998779296875,335.75,328.6499938964844,329.6000061035156,296.9280090332031,16584396
2024-08-19,ONGC,335.0,338.75,333.54998779296875,335.29998779296875,302.06298828125,19636518
2024-08-20,ONGC,335.8500061035156,336.0,328.04998779296875,330.1000061035156,297.37847900390625,14972714
2024-08-21,ONGC,330.6499938964844,331.5,326.5,327.70001220703125,295.2164001464844,11835143
2024-08-22,ONGC,328.54998779296875,330.5,323.6000061035156,324.3500061035156,292.1983947753906,13387819
2024-08-23,ONGC,324.3999938964844,324.79998779296875,317.54998779296875,318.8999938964844,289.5201721191406,13229612
2024-08-26,ONGC,323.5,329.1000061035156,322.79998779296875,327.8500061035156,297.6456604003906,21346682
2024-08-27,ONGC,329.3999938964844,332.54998779296875,326.0,328.8500061035156,298.55352783203125,20165503
2024-08-28,ONGC,328.6499938964844,330.29998779296875,324.6499938964844,327.79998779296875,297.6002502441406,12446738
2024-08-29,ONGC,326.1000061035156,330.1499938964844,324.95001220703125,329.6000061035156,299.23443603515625,13799961
2024-08-30,ONGC,330.45001220703125,334.3999938964844,329.54998779296875,330.75,300.2784729003906,19666466
2024-09-02,ONGC,330.0,331.95001220703125,325.79998779296875,326.20001220703125,296.1476745605469,8975511
2024-09-03,ONGC,327.0,328.0,321.6499938964844,322.20001220703125,292.5162048339844,10321111
2024-09-04,ONGC,315.0,316.20001220703125,308.3999938964844,314.3999938964844,285.43475341796875,25397204
2024-09-05,ONGC,316.95001220703125,316.95001220703125,310.1499938964844,311.3999938964844,282.7111511230469,15571640
2024-09-06,ONGC,311.5,313.1499938964844,303.70001220703125,308.79998779296875,280.3507080078125,27946491
2024-09-09,ONGC,308.70001220703125,308.70001220703125,294.6499938964844,298.8999938964844,271.36273193359375,30369085
2024-09-10,ONGC,300.1000061035156,301.5,295.0,295.6000061035156,268.3668212890625,15618589
2024-09-11,ONGC,292.3999938964844,292.3999938964844,283.25,285.29998779296875,259.0157470703125,44826300
2024-09-12,ONGC,288.0,294.75,286.5,294.04998779296875,266.95953369140625,21964895
2024-09-13,ONGC,295.70001220703125,297.25,291.04998779296875,291.45001220703125,264.5991516113281,13672371
2024-09-16,ONGC,294.79998779296875,295.3999938964844,291.3500061035156,292.5,265.5523986816406,10971110
2024-09-17,ONGC,293.70001220703125,296.6000061035156,292.1499938964844,294.6499938964844,267.5043029785156,11873436
2024-09-18,ONGC,297.6000061035156,297.79998779296875,287.8999938964844,290.3999938964844,263.6458740234375,13421760
2024-09-19,ONGC,287.3999938964844,289.20001220703125,282.5,285.25,258.9703369140625,17067311
2024-09-20,ONGC,287.0,289.04998779296875,285.20001220703125,286.25,259.87823486328125,16585530
2024-09-23,ONGC,288.3999938964844,296.3999938964844,287.54998779296875,295.45001220703125,268.2306213378906,14621229
2024-09-24,ONGC,296.29998779296875,302.0,294.70001220703125,299.45001220703125,271.86212158203125,16986759
2024-09-25,ONGC,299.45001220703125,301.20001220703125,296.70001220703125,298.70001220703125,271.18121337890625,10609614
2024-09-26,ONGC,297.04998779296875,298.70001220703125,291.5,295.20001220703125,268.0036315917969,27812412
2024-09-27,ONGC,292.70001220703125,298.45001220703125,289.70001220703125,297.20001220703125,269.8194274902344,35706130
2024-09-30,ONGC,297.0,301.79998779296875,293.75,297.6000061035156,270.18255615234375,16294341
2024-10-01,ONGC,297.0,299.1499938964844,290.70001220703125,291.95001220703125,265.0531005859375,10919818
2024-10-03,ONGC,295.0,298.0,290.54998779296875,292.04998779296875,265.14385986328125,28124665
2024-10-04,ONGC,297.0,299.70001220703125,293.20001220703125,295.25,268.0490417480469,23104209
2024-10-07,ONGC,296.0,296.29998779296875,281.5,289.45001220703125,262.7834167480469,20917962
2024-10-08,ONGC,288.1499938964844,293.8999938964844,280.54998779296875,293.45001220703125,266.4148864746094,10572360
2024-10-09,ONGC,291.25,291.8999938964844,286.8500061035156,288.5,261.9208984375,13147475
2024-10-10,ONGC,288.70001220703125,292.1499938964844,287.54998779296875,288.75,262.1479187011719,7237212
2024-10-11,ONGC,291.29998779296875,293.6499938964844,289.5,292.54998779296875,265.5977783203125,7011704
2024-10-14,ONGC,292.70001220703125,292.8999938964844,285.1499938964844,286.5,260.1051940917969,12690951
2024-10-15,ONGC,286.3999938964844,286.3999938964844,280.8500061035156,283.70001220703125,257.5631408691406,15087155
2024-10-16,ONGC,283.0,287.25,280.6499938964844,285.3999938964844,259.1064758300781,18188885
2024-10-17,ONGC,285.0,287.6000061035156,280.95001220703125,281.6000061035156,255.65658569335938,13343303
2024-10-18,ONGC,282.0,284.5,279.20001220703125,283.29998779296875,257.1999816894531,14028398
2024-10-21,ONGC,281.1499938964844,284.0,274.54998779296875,276.6000061035156,251.11727905273438,10299773
2024-10-22,ONGC,278.0,278.1499938964844,270.0,270.79998779296875,245.85154724121094,10028511
2024-10-23,ONGC,270.0,274.3999938964844,265.04998779296875,270.8500061035156,245.89698791503906,18823321
2024-10-24,ONGC,271.8999938964844,272.45001220703125,268.3500061035156,269.1000061035156,244.3082275390625,7488521
2024-10-25,ONGC,270.0,270.29998779296875,261.6000061035156,264.04998779296875,239.72344970703125,12961181
2024-10-28,ONGC,260.6499938964844,265.04998779296875,255.3000030517578,263.3500061035156,239.08795166015625,13835091
2024-10-29,ONGC,263.3500061035156,265.54998779296875,259.3999938964844,265.0,240.5859375,9122757
2024-10-30,ONGC,265.0,266.20001220703125,261.04998779296875,261.6499938964844,237.5445556640625,11166643
2024-10-31,ONGC,263.3999938964844,268.29998779296875,261.1499938964844,266.1499938964844,241.62997436523438,16173656
2024-11-01,ONGC,269.79998779296875,274.0,268.6499938964844,271.75,246.71408081054688,2955757
2024-11-04,ONGC,274.0,274.3500061035156,260.1499938964844,265.29998779296875,240.85829162597656,14355959
2024-11-05,ONGC,265.20001220703125,268.6000061035156,263.6000061035156,267.3999938964844,242.76480102539062,11676017
2024-11-06,ONGC,267.70001220703125,270.6000061035156,264.3999938964844,269.04998779296875,244.26280212402344,19244545
2024-11-07,ONGC,270.5,270.5,264.79998779296875,265.20001220703125,240.7675018310547,6766663
2024-11-08,ONGC,265.95001220703125,266.5,259.6499938964844,262.54998779296875,238.3616485595703,7836093
2024-11-11,ONGC,262.3500061035156,262.3500061035156,256.0,256.8999938964844,233.23216247558594,8450657
2024-11-12,ONGC,260.8500061035156,263.20001220703125,255.39999389648438,256.1499938964844,232.55126953125,22445400
2024-11-13,ONGC,256.1499938964844,256.95001220703125,249.0,252.5500030517578,229.28294372558594,17483332
2024-11-14,ONGC,252.5500030517578,254.3000030517578,249.0,250.8000030517578,227.6941680908203,12454540
2024-11-18,ONGC,251.10000610351562,252.10000610351562,247.10000610351562,250.64999389648438,227.55796813964844,14636541
2024-11-19,ONGC,250.0,255.39999389648438,247.10000610351562,248.0,230.67393493652344,17397559
2024-11-21,ONGC,248.0,248.0,240.8000030517578,242.14999389648438,225.23263549804688,16189440
2024-11-22,ONGC,244.8000030517578,246.9499969482422,243.5,245.60000610351562,228.44161987304688,9637581
2024-11-25,ONGC,248.5,260.5,247.9499969482422,257.8999938964844,239.8822784423828,31973671
2024-11-26,ONGC,256.95001220703125,258.25,252.5500030517578,254.25,236.48728942871094,9242451
2024-11-27,ONGC,255.0,255.5,250.5500030517578,254.3000030517578,236.5338134765625,11689970
2024-11-28,ONGC,255.0,257.3999938964844,251.1999969482422,252.1999969482422,234.58050537109375,14202863
2024-11-29,ONGC,253.8000030517578,258.6499938964844,252.25,256.70001220703125,238.76612854003906,11476347
2024-12-02,ONGC,255.5,258.29998779296875,252.6999969482422,257.54998779296875,239.55674743652344,13677959
2024-12-03,ONGC,260.3999938964844,264.70001220703125,258.8500061035156,262.3500061035156,244.02142333984375,15345326
2024-12-04,ONGC,263.8500061035156,264.29998779296875,260.0,260.70001220703125,242.48666381835938,10713838
2024-12-05,ONGC,260.70001220703125,263.25,256.8999938964844,261.29998779296875,243.04473876953125,12896743
2024-12-06,ONGC,260.79998779296875,263.0,259.54998779296875,260.04998779296875,241.882080078125,8783386
2024-12-09,ONGC,260.04998779296875,261.3500061035156,257.70001220703125,258.8999938964844,240.8124237060547,6800856
2024-12-10,ONGC,257.6499938964844,258.75,254.5,256.8999938964844,238.9521484375,11318782
2024-12-11,ONGC,257.5,258.70001220703125,255.64999389648438,256.6000061035156,238.67311096191406,5353032
2024-12-12,ONGC,258.0,258.6000061035156,253.60000610351562,254.0500030517578,236.30126953125,7123877
2024-12-13,ONGC,253.0,256.79998779296875,249.5,254.25,236.48728942871094,11143128
2024-12-16,ONGC,254.0,256.29998779296875,251.1999969482422,251.8000030517578,234.20846557617188,7283872
2024-12-17,ONGC,251.75,252.4499969482422,246.5,247.39999389648438,230.1158447265625,10066884
2024-12-18,ONGC,247.39999389648438,247.5,243.39999389648438,244.14999389648438,227.09291076660156,8430930
2024-12-19,ONGC,240.0,243.9499969482422,238.5500030517578,241.85000610351562,224.95359802246094,9518542
2024-12-20,ONGC,241.5,244.14999389648438,235.3000030517578,237.10000610351562,220.53546142578125,15556528
2024-12-23,ONGC,238.25,242.3000030517578,236.85000610351562,240.85000610351562,224.02346801757812,7722901
2024-12-24,ONGC,241.0,243.25,238.60000610351562,238.9499969482422,222.2561798095703,3577400
2024-12-26,ONGC,240.0,242.0,239.0,240.25,223.46536254882812,6330006
2024-12-27,ONGC,240.0,241.0,236.3000030517578,236.89999389648438,220.3494110107422,6487888
2024-12-30,ONGC,236.0500030517578,237.0,231.14999389648438,232.64999389648438,216.39633178710938,19401112
2024-12-31,ONGC,232.64999389648438,239.89999389648438,232.35000610351562,239.25,222.53524780273438,12004845
2025-01-01,ONGC,237.80999755859375,239.24000549316406,236.35000610351562,236.9499969482422,220.39593505859375,9418453
2025-01-02,ONGC,237.0500030517578,246.77999877929688,237.0,246.07000732421875,228.8787841796875,19745810
2025-01-03,ONGC,248.4499969482422,262.75,247.99000549316406,258.8900146484375,240.8031463623047,49760410
2025-01-06,ONGC,259.1099853515625,259.5,251.4499969482422,254.36000061035156,236.58961486816406,19265884
2025-01-07,ONGC,259.1499938964844,267.3999938964844,258.04998779296875,263.489990234375,245.08172607421875,52956766
2025-01-08,ONGC,266.45001220703125,273.5,265.75,271.3299865722656,252.3740234375,42237794
2025-01-09,ONGC,272.0299987792969,272.5899963378906,261.7099914550781,263.17999267578125,244.7934112548828,14706472
2025-01-10,ONGC,264.0,266.5,258.4700012207031,263.0199890136719,244.64456176757812,13053552
2025-01-13,ONGC,266.0299987792969,268.6000061035156,254.61000061035156,255.72999572753906,237.8638916015625,20416370
2025-01-14,ONGC,257.5199890136719,262.0,256.82000732421875,260.3699951171875,242.1797332763672,8470150
2025-01-15,ONGC,260.8999938964844,264.4700012207031,257.69000244140625,258.17999267578125,240.14271545410156,9344731
2025-01-16,ONGC,260.0,265.6300048828125,260.0,263.17999267578125,244.7934112548828,14195450
2025-01-17,ONGC,262.0,267.0,261.29998779296875,266.57000732421875,247.9466094970703,12148143
2025-01-20,ONGC,268.1000061035156,270.4700012207031,265.010009765625,269.3599853515625,250.54165649414062,9676264
2025-01-21,ONGC,268.04998779296875,269.3500061035156,264.80999755859375,265.79998779296875,247.23036193847656,8989218
2025-01-22,ONGC,266.0,266.3900146484375,261.7099914550781,264.04998779296875,245.6026153564453,7919682
2025-01-23,ONGC,263.0,263.8299865722656,261.1700134277344,263.04998779296875,244.6724853515625,5026675
2025-01-24,ONGC,262.989990234375,265.6400146484375,255.75,256.510009765625,238.5894012451172,6306281
2025-01-27,ONGC,255.0,256.44000244140625,249.50999450683594,250.77999877929688,233.2597198486328,6944911
2025-01-28,ONGC,250.0,252.39999389648438,246.7100067138672,248.67999267578125,231.30641174316406,8029472
2025-01-29,ONGC,248.89999389648438,252.0,247.0,251.39999389648438,233.8363800048828,5651586
2025-01-30,ONGC,252.0,259.3999938964844,250.94000244140625,256.7200012207031,238.7847137451172,12588155
2025-01-31,ONGC,257.010009765625,263.489990234375,255.2100067138672,262.6099853515625,244.26321411132812,8850307
2025-02-01,ONGC,259.54998779296875,262.5,253.75,257.54998779296875,239.55674743652344,10921673
2025-02-03,ONGC,255.60000610351562,256.3500061035156,244.85000610351562,249.0,231.6040802001953,25719512
2025-02-04,ONGC,252.39999389648438,257.5,252.0,254.10000610351562,236.34776306152344,8402532
2025-02-05,ONGC,259.0,263.0,257.75,261.6499938964844,243.3702850341797,11590755
2025-02-06,ONGC,262.6499938964844,262.95001220703125,254.3000030517578,256.1499938964844,238.25454711914062,12327998
2025-02-07,ONGC,252.9499969482422,253.85000610351562,247.5,248.89999389648438,236.1200714111328,10098454
2025-02-10,ONGC,248.9499969482422,249.60000610351562,241.8000030517578,242.4499969482422,230.00125122070312,7582536
2025-02-11,ONGC,242.4499969482422,242.4499969482422,236.8000030517578,238.9499969482422,226.6809539794922,6711630
2025-02-12,ONGC,239.0,241.25,234.14999389648438,237.39999389648438,225.21054077148438,5985956
2025-02-13,ONGC,238.5,239.4499969482422,234.1999969482422,234.9499969482422,222.88633728027344,10079210
2025-02-14,ONGC,235.0,237.9499969482422,226.75,230.5,218.6648406982422,8065352
2025-02-17,ONGC,230.1999969482422,234.3000030517578,225.0500030517578,233.64999389648438,221.653076171875,6692422
2025-02-18,ONGC,232.1999969482422,237.14999389648438,229.5500030517578,236.60000610351562,224.45162963867188,6170974
2025-02-19,ONGC,236.0,238.8000030517578,234.5,238.3000030517578,226.0643310546875,6168581
2025-02-20,ONGC,236.8000030517578,242.64999389648438,236.5,241.89999389648438,229.47950744628906,8929816
2025-02-21,ONGC,241.89999389648438,243.0500030517578,238.10000610351562,239.89999389648438,227.58218383789062,5697387
2025-02-24,ONGC,236.3000030517578,237.9499969482422,234.0,234.35000610351562,222.31716918945312,6883143
2025-02-25,ONGC,235.0,236.6999969482422,232.5500030517578,233.0,221.03646850585938,5519036
2025-02-27,ONGC,233.5,233.85000610351562,228.5,231.0,219.13917541503906,9664032
2025-02-28,ONGC,230.0,230.5,223.14999389648438,225.25,213.6844024658203,17237276
2025-03-03,ONGC,224.75,226.0,218.36000061035156,225.1300048828125,213.57057189941406,11928529
2025-03-04,ONGC,220.10000610351562,227.75,215.47999572753906,226.75999450683594,215.11685180664062,12428265
2025-03-05,ONGC,227.1199951171875,231.25,226.75999450683594,228.94000244140625,217.1849365234375,7466729
2025-03-06,ONGC,231.49000549316406,233.57000732421875,226.7100067138672,232.60000610351562,220.65701293945312,10439208
2025-03-07,ONGC,232.60000610351562,236.47000122070312,231.1699981689453,232.88999938964844,220.93211364746094,9079049
2025-03-10,ONGC,232.88999938964844,235.0,222.47999572753906,223.19000244140625,211.7301788330078,16489167
2025-03-11,ONGC,220.89999389648438,227.25999450683594,220.10000610351562,226.72000122070312,215.0789337158203,10941588
2025-03-12,ONGC,227.10000610351562,228.83999633789062,222.36000061035156,224.39999389648438,212.87803649902344,6994310
2025-03-13,ONGC,228.14999389648438,230.39999389648438,224.8699951171875,225.42999267578125,213.8551483154297,16105085
2025-03-17,ONGC,226.52000427246094,230.4499969482422,226.24000549316406,229.74000549316406,217.94384765625,8788971
2025-03-18,ONGC,229.74000549316406,229.74000549316406,229.74000549316406,229.74000549316406,217.94384765625,0
2025-03-19,ONGC,232.5,235.13999938964844,231.60000610351562,232.57000732421875,220.62855529785156,8626593
2025-03-20,ONGC,233.47999572753906,237.0399932861328,232.00999450683594,235.58999633789062,223.4934844970703,18955995
2025-03-21,ONGC,235.8000030517578,248.0,235.8000030517578,242.4199981689453,229.97279357910156,29285333
2025-03-24,ONGC,244.19000244140625,246.39999389648438,242.75,243.8300018310547,231.31039428710938,10566066
2025-03-25,ONGC,244.00999450683594,245.3699951171875,240.5500030517578,242.25,229.8115234375,8915800
2025-03-26,ONGC,243.35000610351562,244.5,239.3699951171875,239.72000122070312,227.41143798828125,7543985
2025-03-27,ONGC,238.8699951171875,243.39999389648438,238.64999389648438,242.1699981689453,229.7356414794922,9935664
2025-03-28,ONGC,243.44000244140625,254.89999389648438,243.25999450683594,246.3800048828125,233.72946166992188,32905564
2025-04-01,ONGC,247.0,252.1999969482422,246.6999969482422,248.07000732421875,235.33270263671875,11258957
2025-04-02,ONGC,250.0500030517578,251.5,248.0,250.63999938964844,237.77073669433594,15337906
2025-04-03,ONGC,248.0,249.6199951171875,242.50999450683594,243.30999755859375,230.8170928955078,11141370
2025-04-04,ONGC,240.55999755859375,241.2100067138672,224.1999969482422,226.00999450683594,214.40536499023438,38336194
2025-04-07,ONGC,208.0,220.8000030517578,205.0,219.83999633789062,208.55218505859375,27024128
2025-04-08,ONGC,223.0,227.24000549316406,219.17999267578125,226.66000366210938,215.02200317382812,11309092
2025-04-09,ONGC,222.0,224.05999755859375,220.25999450683594,221.94000244140625,210.5443572998047,16889575
2025-04-11,ONGC,228.3000030517578,231.39999389648438,225.25,230.3699951171875,218.54150390625,13886447
2025-04-15,ONGC,234.0,234.0,230.10000610351562,232.69000244140625,220.7423858642578,12102239
2025-04-16,ONGC,232.69000244140625,242.0,231.72000122070312,241.22000122070312,228.83441162109375,18748952
2025-04-17,ONGC,241.0,244.61000061035156,239.25999450683594,243.49000549316406,230.98785400390625,12891813
2025-04-21,ONGC,244.00999450683594,250.5500030517578,241.75,249.77999877929688,236.9548797607422,11698653
2025-04-22,ONGC,248.97000122070312,250.60000610351562,247.25999450683594,247.77999877929688,235.05758666992188,9896443
2025-04-23,ONGC,248.74000549316406,252.75,244.9199981689453,252.1699981689453,239.22216796875,16555874
2025-04-24,ONGC,250.0,251.3699951171875,248.0,249.3699951171875,236.56594848632812,6538518
2025-04-25,ONGC,249.0,250.67999267578125,244.39999389648438,246.3300018310547,233.68203735351562,15616265
2025-04-28,ONGC,246.0,251.9499969482422,244.3800048828125,250.60000610351562,237.73280334472656,7669983
2025-04-29,ONGC,251.24000549316406,252.10000610351562,245.10000610351562,245.67999267578125,233.06539916992188,8030552
2025-04-30,ONGC,245.5,247.44000244140625,242.22000122070312,244.4499969482422,231.89857482910156,9822483
2025-05-02,ONGC,241.0,246.27000427246094,239.0,242.74000549316406,230.27638244628906,10203190
2025-05-05,ONGC,240.0,241.14999389648438,234.5,239.1999969482422,226.9181365966797,20086323
2025-05-06,ONGC,241.1300048828125,242.99000549316406,236.0,237.0,224.8311004638672,11350559
2025-05-07,ONGC,232.3000030517578,240.08999633789062,232.07000732421875,238.6699981689453,226.41534423828125,16689539
2025-05-08,ONGC,237.66000366210938,239.33999633789062,231.39999389648438,233.22000122070312,221.24517822265625,15026122
2025-05-09,ONGC,229.10000610351562,235.3000030517578,228.4499969482422,234.9600067138672,222.89585876464844,11184507
2025-05-12,ONGC,239.0,244.60000610351562,238.11000061035156,244.02000427246094,231.4906463623047,11374237
2025-05-13,ONGC,244.14999389648438,245.2899932861328,240.2899932861328,241.16000366210938,228.77749633789062,9336026
2025-05-14,ONGC,241.16000366210938,246.89999389648438,241.16000366210938,246.00999450683594,233.3784637451172,8234859
2025-05-15,ONGC,244.9499969482422,248.9199981689453,242.3000030517578,247.61000061035156,234.8963165283203,16812750
2025-05-16,ONGC,247.05999755859375,249.38999938964844,246.1999969482422,247.27000427246094,234.57376098632812,8030229
2025-05-19,ONGC,248.0,249.4499969482422,244.91000366210938,246.5800018310547,233.91920471191406,8043270
2025-05-20,ONGC,246.7899932861328,252.6999969482422,246.7899932861328,249.25999450683594,236.4615936279297,13183059
2025-05-21,ONGC,251.5,251.9499969482422,247.75999450683594,248.67999267578125,235.91136169433594,7158307
2025-05-22,ONGC,248.67999267578125,250.47999572753906,239.61000061035156,241.6699981689453,229.2613067626953,18502235
2025-05-23,ONGC,242.5,244.67999267578125,240.14999389648438,244.24000549316406,231.69935607910156,8725218
2025-05-26,ONGC,245.3000030517578,247.1300048828125,244.80999755859375,245.94000244140625,233.3120574951172,7159571
2025-05-27,ONGC,246.85000610351562,246.85000610351562,242.9199981689453,244.5399932861328,231.9839324951172,9712093
2025-05-28,ONGC,244.63999938964844,245.33999633789062,241.3000030517578,242.6699981689453,230.2099609375,7385958
2025-05-29,ONGC,243.60000610351562,244.60000610351562,241.35000610351562,243.0399932861328,230.5609588623047,12938112
2025-05-30,ONGC,243.0399932861328,245.19000244140625,238.88999938964844,239.39999389648438,227.10784912109375,10108840
2025-06-02,ONGC,239.0,240.08999633789062,237.66000366210938,238.30999755859375,226.07383728027344,6278145
2025-06-03,ONGC,240.5,241.0500030517578,236.60000610351562,237.27000427246094,225.0872344970703,9515918
2025-06-04,ONGC,238.0,238.5,235.5,238.0500030517578,225.82717895507812,6733580
2025-06-05,ONGC,238.0500030517578,239.6199951171875,236.22000122070312,237.77000427246094,225.5615692138672,8941808
2025-06-06,ONGC,237.7899932861328,240.47000122070312,237.50999450683594,240.05999755859375,227.7339630126953,5985346
2025-06-09,ONGC,241.77999877929688,244.1199951171875,240.5,242.8000030517578,230.33328247070312,7719525
2025-06-10,ONGC,244.25,245.0,242.58999633789062,244.67999267578125,232.1167449951172,7659657
2025-06-11,ONGC,244.5,250.39999389648438,243.5500030517578,247.32000732421875,234.62120056152344,20842417
2025-06-12,ONGC,251.5,255.1999969482422,246.75,247.8800048828125,235.15245056152344,35613271
2025-06-13,ONGC,255.5500030517578,255.9499969482422,249.1199951171875,251.50999450683594,238.5960693359375,39320377
2025-06-16,ONGC,253.99000549316406,257.5,252.19000244140625,256.7900085449219,243.60496520996094,41444122
2025-06-17,ONGC,256.94000244140625,257.0899963378906,251.5500030517578,252.30999755859375,239.35498046875,18781097
2025-06-18,ONGC,254.02999877929688,255.88999938964844,249.77000427246094,250.36000061035156,237.505126953125,12691905
2025-06-19,ONGC,250.5,253.0,248.1999969482422,251.55999755859375,238.64349365234375,10790997
2025-06-20,ONGC,252.25999450683594,253.25,249.35000610351562,251.88999938964844,238.95654296875,15907673
2025-06-23,ONGC,253.00999450683594,255.49000549316406,250.3300018310547,251.3800048828125,238.4727325439453,16776881
2025-06-24,ONGC,247.5,248.0,243.49000549316406,243.9199981689453,231.39576721191406,22215004
2025-06-25,ONGC,244.0,245.3000030517578,241.5,241.91000366210938,229.48898315429688,13056178
2025-06-26,ONGC,242.0,245.3699951171875,241.5399932861328,244.72999572753906,232.1641845703125,15769123
2025-06-27,ONGC,245.00999450683594,246.22000122070312,242.0,242.8300018310547,230.36175537109375,21691960
2025-06-30,ONGC,244.0,245.6999969482422,243.0,244.2100067138672,231.6708984375,8783448
2025-07-01,ONGC,245.3000030517578,245.3000030517578,241.3000030517578,243.3699951171875,230.8740234375,8470489
2025-07-02,ONGC,242.89999389648438,243.75,240.1999969482422,241.07000732421875,228.69212341308594,10419419
2025-07-03,ONGC,242.0,246.1999969482422,241.8000030517578,244.0500030517578,231.51910400390625,13891239
2025-07-04,ONGC,245.1999969482422,245.4499969482422,242.50999450683594,245.24000549316406,232.64801025390625,7717259
2025-07-07,ONGC,245.5,245.5,240.8300018310547,241.52000427246094,229.11900329589844,9222263
2025-07-08,ONGC,242.41000366210938,243.6999969482422,240.64999389648438,243.24000549316406,230.7506866455078,7537067
2025-07-09,ONGC,243.35000610351562,244.58999633789062,242.27000427246094,243.35000610351562,230.8550567626953,9590680
2025-07-10,ONGC,243.50999450683594,244.69000244140625,242.3300018310547,243.08999633789062,230.6083984375,8012201
2025-07-11,ONGC,243.0500030517578,243.08999633789062,240.8000030517578,241.75999450683594,229.34666442871094,5608382
2025-07-14,ONGC,242.89999389648438,244.88999938964844,241.13999938964844,244.22000122070312,231.6803741455078,7568906
2025-07-15,ONGC,244.47999572753906,245.3699951171875,242.6999969482422,243.6699981689453,231.1586151123047,7843083
2025-07-16,ONGC,244.0,244.14999389648438,242.3000030517578,242.85000610351562,230.38072204589844,5656962
2025-07-17,ONGC,243.0,244.55999755859375,242.82000732421875,243.8699951171875,231.34832763671875,7006298
2025-07-18,ONGC,244.74000549316406,247.35000610351562,243.4600067138672,246.30999755859375,233.66305541992188,10293817
2025-07-21,ONGC,246.0,246.3000030517578,244.42999267578125,245.0399932861328,232.45828247070312,5424455
2025-07-22,ONGC,245.0399932861328,246.8699951171875,244.07000732421875,246.41000366210938,233.75791931152344,5869862
2025-07-23,ONGC,246.0,247.1999969482422,244.25999450683594,245.5500030517578,232.9420928955078,7357753
2025-07-24,ONGC,245.55999755859375,246.1999969482422,243.75999450683594,244.8300018310547,232.25906372070312,4590999
2025-07-25,ONGC,244.0,244.8000030517578,239.25,240.2899932861328,227.9521484375,7427827
2025-07-28,ONGC,240.2899932861328,241.55999755859375,237.8000030517578,240.02000427246094,227.69602966308594,6865890
2025-07-29,ONGC,240.02000427246094,242.50999450683594,239.82000732421875,241.44000244140625,229.04312133789062,6157824
2025-07-30,ONGC,242.5399932861328,243.7100067138672,240.10000610351562,241.80999755859375,229.39410400390625,8767763
2025-07-31,ONGC,240.1999969482422,242.80999755859375,239.66000366210938,241.0,228.62570190429688,10254214
2025-08-01,ONGC,240.10000610351562,240.7100067138672,234.0500030517578,236.7899932861328,224.63186645507812,12629251
2025-08-04,ONGC,236.5,238.38999938964844,234.0,234.8300018310547,222.7725067138672,16174972
2025-08-05,ONGC,235.5,236.0,233.0500030517578,234.47999572753906,222.4404754638672,9562689
2025-08-06,ONGC,234.5500030517578,235.3699951171875,232.91000366210938,233.77000427246094,221.76693725585938,7568954
2025-08-07,ONGC,233.14999389648438,234.1999969482422,231.30999755859375,233.92999267578125,221.91873168945312,5560413
2025-08-08,ONGC,233.89999389648438,235.1199951171875,232.67999267578125,233.44000244140625,221.45387268066406,5249568
2025-08-11,ONGC,233.44000244140625,235.0,231.5800018310547,233.7899932861328,221.785888671875,4699743
2025-08-12,ONGC,233.8000030517578,236.36000061035156,233.61000061035156,235.52000427246094,223.4270782470703,7036778
2025-08-13,ONGC,237.74000549316406,239.9499969482422,236.3000030517578,238.6699981689453,226.41534423828125,8501906
2025-08-14,ONGC,238.50999450683594,238.6699981689453,234.42999267578125,236.94000244140625,224.774169921875,7258450
2025-08-18,ONGC,237.25,238.58999633789062,235.5,238.16000366210938,225.93153381347656,8501972
2025-08-19,ONGC,237.5,238.5399932861328,236.67999267578125,237.94000244140625,225.7228240966797,5538059
2025-08-20,ONGC,237.0,239.08999633789062,237.0,237.92999267578125,225.7133331298828,7438061
2025-08-21,ONGC,238.0,240.99000549316406,237.22999572753906,238.2899932861328,226.0548553466797,8111371
2025-08-22,ONGC,238.0,238.6300048828125,235.88999938964844,236.2899932861328,224.1575469970703,5423818
2025-08-25,ONGC,236.3000030517578,237.49000549316406,235.64999389648438,236.75999450683594,224.60340881347656,8854258
2025-08-26,ONGC,236.66000366210938,237.3000030517578,233.8000030517578,234.19000244140625,222.1653594970703,14671897
2025-08-28,ONGC,234.3000030517578,235.27999877929688,232.3800048828125,233.38999938964844,221.40646362304688,13870643
2025-08-29,ONGC,233.38999938964844,235.3699951171875,231.3300018310547,233.7100067138672,221.71002197265625,9928988
2025-09-01,ONGC,234.0,239.19000244140625,233.07000732421875,238.72000122070312,226.46278381347656,4366396
2025-09-02,ONGC,238.75,242.5,237.39999389648438,239.49000549316406,227.1932373046875,5921193
2025-09-03,ONGC,239.5,241.94000244140625,238.4600067138672,239.07000732421875,226.79481506347656,4364007
2025-09-04,ONGC,239.07000732421875,239.35000610351562,235.42999267578125,235.72000122070312,224.7921600341797,8778730
2025-09-05,ONGC,235.75,237.16000366210938,233.00999450683594,234.1300048828125,223.27587890625,7210683
2025-09-08,ONGC,234.1300048828125,234.97999572753906,232.05999755859375,232.52999877929688,221.7500457763672,8418326
2025-09-09,ONGC,232.52999877929688,234.58999633789062,230.75999450683594,231.3300018310547,220.6056671142578,11665314
2025-09-10,ONGC,233.0,233.0399932861328,231.0,231.74000549316406,220.9966583251953,11775053
2025-09-11,ONGC,232.10000610351562,235.22000122070312,232.10000610351562,233.75999450683594,222.9230194091797,11047708
2025-09-12,ONGC,234.50999450683594,235.41000366210938,232.6999969482422,233.25,222.43666076660156,6073522
2025-09-15,ONGC,233.14999389648438,234.19000244140625,232.0,232.25999450683594,221.4925537109375,6153784
2025-09-16,ONGC,232.47999572753906,235.27000427246094,232.4199981689453,235.08999633789062,224.1913604736328,7319921
2025-09-17,ONGC,236.0,237.9600067138672,235.17999267578125,236.8800048828125,225.89837646484375,7628371
2025-09-18,ONGC,237.6999969482422,237.6999969482422,234.5,235.58999633789062,224.6681671142578,6497852
2025-09-19,ONGC,235.11000061035156,237.39999389648438,234.75,236.69000244140625,225.71719360351562,16484017
2025-09-22,ONGC,236.0,238.4499969482422,235.64999389648438,237.47000122070312,226.46102905273438,9962796
2025-09-23,ONGC,237.25,237.58999633789062,235.14999389648438,236.66000366210938,225.68858337402344,7014239
2025-09-24,ONGC,236.66000366210938,240.1300048828125,236.25999450683594,238.52000427246094,227.4623565673828,8299331
2025-09-25,ONGC,238.9199981689453,242.13999938964844,238.52000427246094,239.6699981689453,228.5590362548828,10150654
2025-09-26,ONGC,240.0,240.25999450683594,236.83999633789062,238.02000427246094,226.98553466796875,6349466
2025-09-29,ONGC,239.0,241.16000366210938,238.1699981689453,239.97999572753906,228.8546600341797,10631271
2025-09-30,ONGC,240.0,240.88999938964844,238.5,239.5,228.39691162109375,7167687
2025-10-01,ONGC,238.60000610351562,246.2899932861328,238.47000122070312,243.0399932861328,231.77279663085938,10375310
2025-10-03,ONGC,242.5,244.1999969482422,239.6999969482422,243.66000366210938,232.3640594482422,10702610
2025-10-06,ONGC,242.72999572753906,247.5,242.72999572753906,245.86000061035156,234.4620819091797,9465503
2025-10-07,ONGC,245.86000061035156,249.5,244.66000366210938,245.32000732421875,233.94711303710938,12498420
2025-10-08,ONGC,246.5500030517578,246.8000030517578,241.13999938964844,241.80999755859375,230.59982299804688,5073558
2025-10-09,ONGC,241.83999633789062,244.5,240.55999755859375,243.38999938964844,232.10658264160156,9292031
2025-10-10,ONGC,244.0500030517578,247.0800018310547,243.60000610351562,246.33999633789062,234.91981506347656,9050771
2025-10-13,ONGC,245.0,245.67999267578125,241.3800048828125,244.08999633789062,232.7741241455078,12607116
2025-10-14,ONGC,245.3000030517578,248.74000549316406,243.89999389648438,244.69000244140625,233.3463134765625,13865005
2025-10-15,ONGC,244.69000244140625,248.19000244140625,244.2899932861328,247.72000122070312,236.23583984375,8520238
2025-10-16,ONGC,248.0,248.6999969482422,246.0,248.35000610351562,236.83665466308594,6083826
2025-10-17,ONGC,248.5500030517578,248.5500030517578,244.77000427246094,247.69000244140625,236.2072296142578,14250215
2025-10-20,ONGC,247.69000244140625,249.1999969482422,244.99000549316406,248.74000549316406,237.20855712890625,10920554
2025-10-21,ONGC,248.74000549316406,249.3000030517578,247.38999938964844,248.1199951171875,236.61729431152344,569979
2025-10-23,ONGC,250.0,253.24000549316406,249.0800018310547,252.30999755859375,240.61305236816406,13879042
2025-10-24,ONGC,254.0,257.3999938964844,252.85000610351562,254.9600067138672,243.14019775390625,17882209
2025-10-27,ONGC,255.4199981689453,256.0899963378906,251.91000366210938,253.27000427246094,241.52854919433594,7889080
2025-10-28,ONGC,253.10000610351562,253.7899932861328,249.86000061035156,250.5399932861328,238.92510986328125,8529692
2025-10-29,ONGC,250.9499969482422,257.3399963378906,250.5500030517578,255.63999938964844,243.78866577148438,8806213
2025-10-30,ONGC,256.5,256.5,253.41000366210938,254.52999877929688,242.73013305664062,5266883
2025-10-31,ONGC,254.6999969482422,257.8999938964844,253.32000732421875,255.3699951171875,243.53118896484375,7199008
2025-11-03,ONGC,255.0,258.5,254.3000030517578,257.54998779296875,245.610107421875,5450040
2025-11-04,ONGC,256.1000061035156,257.5,252.0,252.35000610351562,240.6511993408203,6006851
2025-11-06,ONGC,253.5500030517578,255.5,250.4499969482422,251.5,239.84060668945312,6987258
2025-11-07,ONGC,250.0,253.60000610351562,250.0,252.1999969482422,240.50814819335938,4449104
2025-11-10,ONGC,252.0,255.5,249.5,251.39999389648438,239.7452392578125,7418162
2025-11-11,ONGC,254.1999969482422,254.1999969482422,246.0,249.4499969482422,237.88563537597656,16183880
2025-11-12,ONGC,252.60000610351562,255.60000610351562,249.89999389648438,253.85000610351562,242.0816650390625,11917811
2025-11-13,ONGC,253.6999969482422,253.6999969482422,247.3000030517578,250.85000610351562,239.2207489013672,13057927
2025-11-14,ONGC,245.5,249.64999389648438,245.10000610351562,247.60000610351562,241.9075164794922,9185042
2025-11-17,ONGC,247.60000610351562,249.6999969482422,247.4499969482422,248.0500030517578,242.34716796875,6281588
2025-11-18,ONGC,247.0,249.4499969482422,246.3000030517578,246.9499969482422,241.2724609375,7708871
2025-11-19,ONGC,246.9499969482422,250.3000030517578,245.39999389648438,249.0,243.27532958984375,7075882
2025-11-20,ONGC,249.0,251.10000610351562,247.60000610351562,248.0500030517578,242.34716796875,6918642
2025-11-21,ONGC,247.0500030517578,248.3000030517578,246.1999969482422,246.9499969482422,241.2724609375,7589240
2025-11-24,ONGC,246.9499969482422,247.4499969482422,244.3000030517578,245.75,240.1000518798828,15875282
2025-11-25,ONGC,245.75,247.5,244.60000610351562,245.35000610351562,239.70925903320312,8983620
2025-11-26,ONGC,245.35000610351562,248.0,245.0500030517578,247.6999969482422,242.00521850585938,7232643
2025-11-27,ONGC,248.0,248.8000030517578,242.8000030517578,244.0,238.39028930664062,5600832
2025-11-28,ONGC,245.0,245.35000610351562,242.5500030517578,243.25,237.65753173828125,3804191
2025-12-01,ONGC,244.0500030517578,245.85000610351562,243.00999450683594,244.8300018310547,239.20120239257812,6307936
2025-12-02,ONGC,243.5,246.25999450683594,242.5,243.5399932861328,237.94085693359375,5413988
2025-12-03,ONGC,244.0500030517578,244.36000061035156,239.55999755859375,240.02000427246094,234.5017852783203,11829802
2025-12-04,ONGC,240.5,242.6999969482422,239.69000244140625,242.22999572753906,236.6609649658203,10825420
2025-12-05,ONGC,242.6999969482422,243.1999969482422,240.91000366210938,241.22999572753906,235.6839599609375,7645591
2025-12-08,ONGC,241.22999572753906,242.0,237.6999969482422,238.52000427246094,233.03627014160156,5285903
2025-12-09,ONGC,237.6999969482422,240.1999969482422,236.8300018310547,239.83999633789062,234.325927734375,9026401
2025-12-10,ONGC,239.32000732421875,240.35000610351562,238.4199981689453,239.2899932861328,233.78855895996094,3492031
2025-12-11,ONGC,239.2899932861328,241.3000030517578,238.13999938964844,238.41000366210938,232.92880249023438,8868641
2025-12-12,ONGC,238.5,239.39999389648438,237.02000427246094,238.02000427246094,232.5477752685547,4252781
2025-12-15,ONGC,238.0,238.7899932861328,229.94000244140625,235.35000610351562,229.9391632080078,12334408
2025-12-16,ONGC,234.1699981689453,235.3000030517578,230.75,232.2100067138672,226.87135314941406,7238404
2025-12-17,ONGC,231.75,233.4199981689453,228.61000061035156,232.91000366210938,227.5552520751953,5848233
2025-12-18,ONGC,233.0,234.1300048828125,231.2100067138672,232.0,226.66616821289062,3964839
2025-12-19,ONGC,232.0,233.5,231.5,232.88999938964844,227.53570556640625,5070902
2025-12-22,ONGC,233.7899932861328,235.27999877929688,232.77000427246094,234.17999267578125,228.79605102539062,4614185
2025-12-23,ONGC,234.60000610351562,237.89999389648438,234.60000610351562,235.49000549316406,230.07594299316406,5810236
2025-12-24,ONGC,235.5399932861328,236.57000732421875,233.13999938964844,233.77000427246094,228.39547729492188,4114036
2025-12-26,ONGC,233.83999633789062,235.27999877929688,233.0500030517578,234.52999877929688,229.13800048828125,3710774
2025-12-29,ONGC,234.52999877929688,239.02000427246094,234.0,234.82000732421875,229.4213409423828,12621499
2025-12-30,ONGC,234.9499969482422,235.60000610351562,233.30999755859375,234.67999267578125,229.2845458984375,6236729
2025-12-31,ONGC,234.69000244140625,241.0,234.61000061035156,240.3800048828125,234.853515625,11514802
2026-01-01,ONGC,240.89999389648438,241.11000061035156,237.41000366210938,237.94000244140625,232.4696044921875,5840586
2026-01-02,ONGC,237.94000244140625,242.5500030517578,237.94000244140625,241.4600067138672,235.90869140625,5925943
2026-01-05,ONGC,246.8000030517578,246.8000030517578,235.6999969482422,238.08999633789062,232.61614990234375,21201434
2026-01-06,ONGC,238.08999633789062,242.36000061035156,238.08999633789062,241.88999938964844,236.32879638671875,10840459
2026-01-07,ONGC,240.2100067138672,241.67999267578125,238.16000366210938,239.05999755859375,233.56385803222656,8253161
2026-01-08,ONGC,238.1999969482422,238.88999938964844,231.0,231.4199981689453,226.09950256347656,9218488
2026-01-09,ONGC,232.2899932861328,238.25,232.0,234.08999633789062,228.70811462402344,12706408
2026-01-12,ONGC,234.08999633789062,236.16000366210938,231.66000366210938,235.7100067138672,230.29087829589844,9807980
2026-01-13,ONGC,238.0,244.14999389648438,235.8000030517578,243.77999877929688,238.1753387451172,22527192
2026-01-14,ONGC,243.99000549316406,251.0,243.5800018310547,248.22999572753906,242.5230255126953,33094088
2026-01-15,ONGC,248.22999572753906,248.22999572753906,248.22999572753906,248.22999572753906,242.5230255126953,0
2026-01-16,ONGC,246.89999389648438,247.77999877929688,242.39999389648438,247.1699981689453,241.48739624023438,12287680
2026-01-19,ONGC,245.0,248.0,242.3000030517578,243.11000061035156,237.520751953125,6459249
2026-01-20,ONGC,243.11000061035156,245.33999633789062,239.7100067138672,240.38999938964844,234.86328125,6496057
2026-01-21,ONGC,240.0,244.49000549316406,239.50999450683594,242.3699951171875,236.79776000976562,9610477
2026-01-22,ONGC,244.60000610351562,246.47000122070312,242.57000732421875,244.00999450683594,238.40005493164062,10746306
2026-01-23,ONGC,245.3000030517578,246.3000030517578,241.5500030517578,245.47000122070312,239.8264923095703,8080247
2026-01-27,ONGC,246.60000610351562,248.99000549316406,245.88999938964844,247.9499969482422,242.2494659423828,15915509
2026-01-28,ONGC,249.1999969482422,269.6499938964844,249.1999969482422,268.5799865722656,262.4051513671875,73427983
2026-01-29,ONGC,270.0,277.7699890136719,269.010009765625,275.3900146484375,269.0586242675781,48267023
2026-01-30,ONGC,273.8900146484375,276.5,268.010009765625,268.9599914550781,262.77642822265625,24420043
2026-02-02,ONGC,251.60000610351562,257.0,247.60000610351562,253.9499969482422,248.1115264892578,17015974
2026-02-03,ONGC,259.70001220703125,262.0,249.35000610351562,257.0,251.09140014648438,19213406
2026-02-04,ONGC,258.04998779296875,270.0,258.04998779296875,266.95001220703125,260.8126525878906,26628393
2026-02-05,ONGC,268.0,270.45001220703125,266.0,269.20001220703125,263.01092529296875,15268335
2026-02-06,ONGC,268.0,269.95001220703125,264.70001220703125,268.95001220703125,262.7666931152344,10013728
2026-02-09,ONGC,269.45001220703125,270.8999938964844,265.75,266.6000061035156,260.470703125,10824044
2026-02-10,ONGC,267.25,273.04998779296875,267.0,272.1499938964844,265.8930969238281,13459684
2026-02-11,ONGC,272.29998779296875,275.1000061035156,266.3500061035156,274.6000061035156,268.2867736816406,18388416
2026-02-12,ONGC,276.0,280.29998779296875,273.45001220703125,276.3500061035156,269.9965515136719,22753270
2026-02-13,ONGC,270.0,271.3500061035156,266.0,267.3999938964844,261.2522888183594,20748628
2026-02-16,ONGC,267.6499938964844,272.20001220703125,265.6499938964844,271.54998779296875,265.306884765625,13247757
2026-02-17,ONGC,273.0,273.0,268.1000061035156,271.8500061035156,265.6000061035156,21292868
2026-02-18,ONGC,265.0,266.1000061035156,262.54998779296875,264.6000061035156,264.6000061035156,11621040
2026-02-19,ONGC,270.29998779296875,276.45001220703125,267.8500061035156,274.6499938964844,274.6499938964844,37728943
2026-02-20,ONGC,277.3999938964844,280.79998779296875,274.3500061035156,278.6499938964844,278.6499938964844,31971956
2026-02-23,ONGC,279.8999938964844,279.8999938964844,272.20001220703125,275.6499938964844,275.6499938964844,13113050
2026-02-24,ONGC,275.6499938964844,278.1499938964844,273.29998779296875,276.5,276.5,16311581
2026-02-25,ONGC,276.5,278.95001220703125,274.0,277.45001220703125,277.45001220703125,7573116
2026-02-26,ONGC,277.3999938964844,281.04998779296875,275.6000061035156,280.1000061035156,280.1000061035156,13301761
2026-02-27,ONGC,278.5,282.5,277.0,279.70001220703125,279.70001220703125,18554482
2026-03-02,ONGC,288.0,293.0,277.6499938964844,282.20001220703125,282.20001220703125,65843426
2026-03-04,ONGC,287.0,288.3500061035156,275.1000061035156,276.95001220703125,276.95001220703125,53722773
2026-03-05,ONGC,278.0,287.6499938964844,275.3500061035156,276.3500061035156,276.3500061035156,40569479
2026-03-06,ONGC,279.95001220703125,280.95001220703125,271.1499938964844,278.95001220703125,278.95001220703125,30725344
2026-03-09,ONGC,289.0,289.0,267.6000061035156,270.79998779296875,270.79998779296875,56512457
2026-03-10,ONGC,270.8500061035156,270.8999938964844,265.3500061035156,269.20001220703125,269.20001220703125,18476370
2026-03-11,ONGC,268.0,272.3999938964844,268.0,270.75,270.75,16130216
2026-03-12,ONGC,271.6000061035156,273.0,267.75,270.54998779296875,270.54998779296875,20059801
2026-03-13,ONGC,270.54998779296875,271.29998779296875,263.45001220703125,264.1000061035156,264.1000061035156,18411729
2026-03-16,ONGC,264.04998779296875,266.0,258.3500061035156,260.45001220703125,260.45001220703125,21725887
2026-03-17,ONGC,260.6499938964844,265.3999938964844,259.1499938964844,264.75,264.75,15662659
2026-03-18,ONGC,265.1499938964844,266.6499938964844,263.0,265.0,265.0,8780857
2026-03-19,ONGC,265.0,271.5,262.5,269.1000061035156,269.1000061035156,28685305
2026-03-20,ONGC,269.0,273.04998779296875,264.0,265.3999938964844,265.3999938964844,19436124
2026-03-23,ONGC,267.29998779296875,269.70001220703125,263.8999938964844,265.45001220703125,265.45001220703125,23991581
2026-03-24,ONGC,268.54998779296875,273.29998779296875,266.8500061035156,268.04998779296875,268.04998779296875,18567283
2026-03-25,ONGC,267.3500061035156,271.5,266.3999938964844,270.20001220703125,270.20001220703125,13380625
2026-03-27,ONGC,270.5,285.0,269.70001220703125,281.95001220703125,281.95001220703125,60048871
2026-03-30,ONGC,282.75,288.3500061035156,281.95001220703125,284.6499938964844,284.6499938964844,44866906
2026-04-01,ONGC,290.0,293.0,282.79998779296875,288.04998779296875,288.04998779296875,31626297
2026-04-02,ONGC,288.5,288.79998779296875,283.5,287.20001220703125,287.20001220703125,20935809
2026-04-06,ONGC,287.29998779296875,288.5,280.45001220703125,281.8500061035156,281.8500061035156,24449779
2026-04-07,ONGC,281.8500061035156,287.54998779296875,280.0,286.6499938964844,286.6499938964844,22891122
2026-04-08,ONGC,280.0,287.8500061035156,274.75,285.5,285.5,42071040
2026-04-09,ONGC,284.8999938964844,289.79998779296875,284.8999938964844,288.6000061035156,288.6000061035156,13585661
2026-04-10,ONGC,288.6000061035156,291.8500061035156,284.54998779296875,286.5,286.5,12889209
2026-04-13,ONGC,287.20001220703125,290.29998779296875,281.0,287.54998779296875,287.54998779296875,23986567
2026-04-15,ONGC,284.04998779296875,289.79998779296875,283.3500061035156,287.6000061035156,287.6000061035156,16529148
2026-04-16,ONGC,288.0,288.1000061035156,282.0,282.75,282.75,13626398
2026-04-17,ONGC,283.3999938964844,285.5,282.20001220703125,284.04998779296875,284.04998779296875,17846605
2026-04-20,ONGC,284.0,285.20001220703125,282.5,283.3500061035156,283.3500061035156,11057036
2026-04-21,ONGC,283.1499938964844,284.8500061035156,282.3999938964844,283.1000061035156,283.1000061035156,13645673
2026-04-22,ONGC,283.1000061035156,285.04998779296875,282.6000061035156,283.6499938964844,283.6499938964844,7395183
2026-04-23,ONGC,284.8500061035156,289.79998779296875,284.04998779296875,286.25,286.25,13525025
2026-04-24,ONGC,288.79998779296875,288.79998779296875,283.8999938964844,284.79998779296875,284.79998779296875,11789941
2026-04-27,ONGC,286.0,286.70001220703125,284.20001220703125,285.8999938964844,285.8999938964844,6497916
2026-04-28,ONGC,286.25,302.3999938964844,286.0,301.29998779296875,301.29998779296875,51575179
2026-04-29,ONGC,303.8999938964844,307.5,299.75,301.3999938964844,301.3999938964844,27267649
2026-04-30,ONGC,304.8999938964844,307.45001220703125,296.8999938964844,299.54998779296875,299.54998779296875,17490096
2026-05-01,ONGC,299.54998779296875,299.54998779296875,299.54998779296875,299.54998779296875,299.54998779296875,0
2026-05-04,ONGC,298.3999938964844,299.8999938964844,292.3500061035156,292.8999938964844,292.8999938964844,15468437
2026-05-05,ONGC,294.3500061035156,295.8999938964844,287.0,289.95001220703125,289.95001220703125,10750753
2026-05-06,ONGC,289.95001220703125,290.25,280.0,280.79998779296875,280.79998779296875,22858013
2026-05-07,ONGC,282.0,285.20001220703125,279.70001220703125,283.8999938964844,283.8999938964844,15608370
2026-05-08,ONGC,283.6000061035156,284.0,278.6000061035156,279.20001220703125,279.20001220703125,9290168
2026-05-11,ONGC,280.70001220703125,281.79998779296875,277.6499938964844,281.0,281.0,6948202
2026-05-12,ONGC,286.8999938964844,299.8999938964844,286.8500061035156,294.5,294.5,52080828
2026-05-13,ONGC,297.0,300.20001220703125,294.1000061035156,297.1499938964844,297.1499938964844,24381295
2026-05-14,ONGC,300.0,303.70001220703125,298.70001220703125,300.8999938964844,300.8999938964844,22660293
2026-05-15,ONGC,303.0,304.95001220703125,298.54998779296875,299.3500061035156,299.3500061035156,13695307
2026-05-18,ONGC,299.3500061035156,300.70001220703125,295.1000061035156,297.20001220703125,297.20001220703125,10521642
2026-05-19,ONGC,295.1000061035156,298.5,293.6499938964844,296.5,296.5,9565497
2026-05-20,ONGC,294.79998779296875,301.75,293.8500061035156,298.29998779296875,298.29998779296875,12258794
2026-05-21,ONGC,296.6499938964844,299.6000061035156,294.1499938964844,295.8500061035156,295.8500061035156,14084672
2026-05-22,ONGC,295.79998779296875,296.79998779296875,289.3999938964844,290.0,290.0,11563330
2026-05-25,ONGC,289.95001220703125,289.95001220703125,284.29998779296875,284.95001220703125,284.95001220703125,12837047
2026-05-26,ONGC,285.1000061035156,289.6499938964844,284.0,287.5,287.5,10629491
2026-05-27,ONGC,284.20001220703125,284.20001220703125,272.45001220703125,274.04998779296875,274.04998779296875,29178516
2026-05-28,ONGC,274.04998779296875,274.04998779296875,274.04998779296875,274.04998779296875,274.04998779296875,0
2026-05-29,ONGC,275.95001220703125,276.04998779296875,261.54998779296875,265.3999938964844,265.3999938964844,74403401
2026-06-01,ONGC,266.54998779296875,268.29998779296875,263.25,264.29998779296875,264.29998779296875,9095622
2026-06-02,ONGC,263.1499938964844,266.20001220703125,261.04998779296875,265.04998779296875,265.04998779296875,16831714
2026-06-03,ONGC,265.1499938964844,268.70001220703125,264.29998779296875,267.75,267.75,14618721
2026-06-04,ONGC,266.70001220703125,271.1499938964844,265.8999938964844,267.54998779296875,267.54998779296875,15217360
2026-06-05,ONGC,267.79998779296875,268.45001220703125,263.70001220703125,264.75,264.75,7493239
2026-06-08,ONGC,264.1499938964844,266.25,262.70001220703125,264.6499938964844,264.6499938964844,6974540
2026-06-09,ONGC,264.1499938964844,265.5,258.29998779296875,259.0,259.0,10796349
2026-06-10,ONGC,259.0,261.8500061035156,251.35000610351562,251.89999389648438,251.89999389648438,10176332
2026-06-11,ONGC,252.9499969482422,256.5,250.0500030517578,252.60000610351562,252.60000610351562,13516341
2026-06-12,ONGC,250.3000030517578,250.85000610351562,243.35000610351562,246.1999969482422,246.1999969482422,31112657
2026-06-15,ONGC,248.0500030517578,248.3000030517578,242.8000030517578,243.64999389648438,243.64999389648438,25211118
2026-06-16,ONGC,244.14999389648438,248.8000030517578,243.5,248.1999969482422,248.1999969482422,17468010
2026-06-17,ONGC,246.0,247.75,244.0,245.0,245.0,12816262
2026-06-18,ONGC,245.9499969482422,246.85000610351562,243.0,245.3000030517578,245.3000030517578,13816485
2026-06-19,ONGC,245.3000030517578,246.6999969482422,243.3000030517578,246.25,246.25,7609532
2026-06-22,ONGC,244.9499969482422,247.75,243.8000030517578,245.4499969482422,245.4499969482422,7334095
2026-06-23,ONGC,245.39999389648438,246.1999969482422,243.5500030517578,244.35000610351562,244.35000610351562,7400255
2026-06-24,ONGC,244.35000610351562,245.8000030517578,239.5,240.0,240.0,10278033
2026-06-25,ONGC,240.8000030517578,240.8000030517578,232.10000610351562,233.10000610351562,233.10000610351562,36085563
2026-06-26,ONGC,233.10000610351562,233.10000610351562,233.10000610351562,233.10000610351562,233.10000610351562,0
2026-06-29,ONGC,234.0,237.14999389648438,229.6999969482422,234.0500030517578,234.0500030517578,38227413
2026-06-30,ONGC,233.9499969482422,236.0,227.64999389648438,234.89999389648438,234.89999389648438,24134402
2026-07-01,ONGC,235.6999969482422,236.10000610351562,233.52000427246094,234.99000549316406,234.99000549316406,11835312
2026-07-02,ONGC,234.0,236.3300018310547,230.8000030517578,235.9600067138672,235.9600067138672,14033169
2026-07-03,ONGC,237.1999969482422,239.6999969482422,236.3300018310547,237.83999633789062,237.83999633789062,11086950
2026-07-06,ONGC,239.60000610351562,244.38999938964844,236.83999633789062,243.89999389648438,243.89999389648438,22386040
2026-07-07,ONGC,244.0500030517578,245.27000427246094,242.67999267578125,244.17999267578125,244.17999267578125,15287101
