Date,Company,Open,High,Low,Close,Adj Close,Volume
2022-07-11,Reliance,1096.75439453125,1120.8907470703125,1093.754638671875,1118.6295166015625,1097.827880859375,13847467
2022-07-12,Reliance,1109.445556640625,1125.921142578125,1109.445556640625,1117.0372314453125,1096.26513671875,10778989
2022-07-13,Reliance,1120.1986083984375,1123.2906494140625,1095.13916015625,1097.2388916015625,1076.8348388671875,14224132
2022-07-14,Reliance,1102.0616455078125,1123.267578125,1096.9620361328125,1106.2843017578125,1085.7122802734375,16970315
2022-07-15,Reliance,1114.5220947265625,1114.5220947265625,1099.80029296875,1108.4302978515625,1087.8182373046875,9603210
2022-07-18,Reliance,1117.2911376953125,1119.1370849609375,1104.0460205078125,1117.8680419921875,1097.08056640625,15160908
2022-07-19,Reliance,1107.738037109375,1129.2901611328125,1107.738037109375,1124.7213134765625,1103.8062744140625,16439888
2022-07-20,Reliance,1172.2095947265625,1173.36328125,1147.4039306640625,1155.134033203125,1133.653564453125,23924246
2022-07-21,Reliance,1150.9805908203125,1153.7496337890625,1138.6585693359375,1147.427001953125,1126.08984375,16523230
2022-07-22,Reliance,1153.7496337890625,1161.2720947265625,1151.442138671875,1155.1802978515625,1133.6988525390625,10969995
2022-07-25,Reliance,1138.727783203125,1138.727783203125,1108.984130859375,1117.01416015625,1096.2425537109375,23110452
2022-07-26,Reliance,1117.3372802734375,1127.8594970703125,1112.837646484375,1117.5218505859375,1096.74072265625,11303288
2022-07-27,Reliance,1116.8065185546875,1120.06005859375,1108.5225830078125,1116.46044921875,1095.698974609375,8655086
2022-07-28,Reliance,1124.213623046875,1138.95849609375,1117.2911376953125,1133.9512939453125,1112.86474609375,12496073
2022-07-29,Reliance,1142.0736083984375,1161.6412353515625,1137.1356201171875,1158.1107177734375,1136.5748291015625,15130683
2022-08-01,Reliance,1162.5872802734375,1194.2462158203125,1157.2569580078125,1188.2928466796875,1166.1956787109375,15700044
2022-08-02,Reliance,1187.2083740234375,1203.499267578125,1182.1549072265625,1192.8155517578125,1170.6343994140625,13917913
2022-08-03,Reliance,1199.8995361328125,1204.5145263671875,1184.8778076171875,1202.830078125,1180.462646484375,14250977
2022-08-04,Reliance,1204.5145263671875,1208.0911865234375,1169.902099609375,1186.931396484375,1164.8594970703125,14467127
2022-08-05,Reliance,1188.8236083984375,1190.11572265625,1166.18701171875,1169.4405517578125,1147.6939697265625,13942438
2022-08-08,Reliance,1168.0560302734375,1192.307861328125,1168.0560302734375,1184.7392578125,1162.708251953125,10165178
2022-08-10,Reliance,1189.2388916015625,1195.2384033203125,1180.078125,1191.8233642578125,1169.6605224609375,10724688
2022-08-11,Reliance,1201.3302001953125,1204.4683837890625,1190.7618408203125,1195.792236328125,1173.5556640625,8198226
2022-08-12,Reliance,1195.4229736328125,1218.9825439453125,1191.6849365234375,1215.1290283203125,1192.5328369140625,12650587
2022-08-16,Reliance,1221.2208251953125,1226.343505859375,1212.49853515625,1223.574462890625,1200.8211669921875,6607378
2022-08-17,Reliance,1229.8970947265625,1235.388916015625,1225.535888671875,1229.96630859375,1207.0941162109375,6595965
2022-08-18,Reliance,1227.589599609375,1231.7430419921875,1218.451904296875,1228.1895751953125,1209.2833251953125,7410035
2022-08-19,Reliance,1222.974609375,1228.3741455078125,1202.1839599609375,1206.2913818359375,1187.72216796875,9460724
2022-08-22,Reliance,1207.7451171875,1214.344482421875,1193.4385986328125,1202.9454345703125,1184.427734375,9471680
2022-08-23,Reliance,1197.130615234375,1224.451416015625,1195.9075927734375,1221.497802734375,1202.694580078125,9678484
2022-08-24,Reliance,1218.40576171875,1232.20458984375,1216.213623046875,1218.244140625,1199.4908447265625,10369622
2022-08-25,Reliance,1222.489990234375,1228.9278564453125,1210.3294677734375,1214.690673828125,1195.9923095703125,7871946
2022-08-26,Reliance,1215.1290283203125,1222.974609375,1203.130126953125,1208.20654296875,1189.6077880859375,10742038
2022-08-29,Reliance,1192.97705078125,1225.2821044921875,1189.7696533203125,1198.8150634765625,1180.3609619140625,19838975
2022-08-30,Reliance,1206.360595703125,1220.782470703125,1189.1004638671875,1217.4134521484375,1198.6729736328125,23139054
2022-09-01,Reliance,1191.892578125,1202.1839599609375,1177.1475830078125,1181.6241455078125,1163.4345703125,19909939
2022-09-02,Reliance,1181.6241455078125,1188.5235595703125,1165.610107421875,1167.8253173828125,1149.8482666015625,12999345
2022-09-05,Reliance,1168.0560302734375,1191.36181640625,1168.0560302734375,1185.9622802734375,1167.7060546875,11327815
2022-09-06,Reliance,1187.4390869140625,1202.6685791015625,1186.9775390625,1198.44580078125,1179.997314453125,10899618
2022-09-07,Reliance,1188.362060546875,1197.5458984375,1186.0545654296875,1191.4771728515625,1173.1358642578125,7488501
2022-09-08,Reliance,1194.4769287109375,1198.9765625,1186.51611328125,1193.16162109375,1174.79443359375,7057077
2022-09-09,Reliance,1204.5145263671875,1204.5145263671875,1183.2855224609375,1185.7315673828125,1167.4788818359375,8314850
2022-09-12,Reliance,1186.308349609375,1205.4376220703125,1186.308349609375,1198.9996337890625,1180.542724609375,7435419
2022-09-13,Reliance,1208.20654296875,1213.6060791015625,1200.361083984375,1209.01416015625,1190.403076171875,8888657
2022-09-14,Reliance,1188.362060546875,1204.5145263671875,1187.32373046875,1194.5230712890625,1176.135009765625,8678219
2022-09-15,Reliance,1192.0540771484375,1201.537841796875,1179.939697265625,1182.6856689453125,1164.47998046875,10365600
2022-09-16,Reliance,1173.940185546875,1178.2091064453125,1149.5960693359375,1153.38037109375,1135.6256103515625,20217708
2022-09-19,Reliance,1153.38037109375,1164.2255859375,1145.142578125,1154.8802490234375,1137.1025390625,7580254
2022-09-20,Reliance,1164.1102294921875,1171.148193359375,1151.3035888671875,1155.0648193359375,1137.2841796875,8411448
2022-09-21,Reliance,1152.249755859375,1168.9791259765625,1151.442138671875,1158.249267578125,1140.4195556640625,9207309
2022-09-22,Reliance,1147.28857421875,1155.134033203125,1140.873779296875,1147.334716796875,1129.673095703125,10308170
2022-09-23,Reliance,1146.8271484375,1151.8804931640625,1124.259765625,1125.828857421875,1108.498291015625,9528051
2022-09-26,Reliance,1104.8536376953125,1115.8143310546875,1096.13134765625,1097.1466064453125,1080.257568359375,12479523
2022-09-27,Reliance,1104.83056640625,1119.5986328125,1089.185791015625,1105.8690185546875,1088.8455810546875,16154822
2022-09-28,Reliance,1089.3011474609375,1097.4466552734375,1073.956298828125,1076.42529296875,1059.855224609375,16997059
2022-09-29,Reliance,1089.1396484375,1092.600830078125,1067.4490966796875,1073.1256103515625,1056.6063232421875,14671827
2022-09-30,Reliance,1066.526123046875,1108.5225830078125,1066.526123046875,1097.331298828125,1080.4393310546875,18613024
2022-10-03,Reliance,1103.6768798828125,1115.4219970703125,1090.524169921875,1093.52392578125,1076.6905517578125,11852723
2022-10-04,Reliance,1106.5843505859375,1115.9066162109375,1103.0538330078125,1113.69140625,1096.5474853515625,8948850
2022-10-06,Reliance,1120.983154296875,1130.674560546875,1115.975830078125,1117.7987060546875,1100.5916748046875,13352162
2022-10-07,Reliance,1114.360595703125,1127.8594970703125,1114.360595703125,1122.5291748046875,1105.24951171875,7714340
2022-10-10,Reliance,1109.9071044921875,1115.7220458984375,1102.0616455078125,1110.2763671875,1093.1851806640625,6329527
2022-10-11,Reliance,1114.060546875,1114.060546875,1085.0322265625,1088.17041015625,1071.4195556640625,9215177
2022-10-12,Reliance,1085.4476318359375,1099.1541748046875,1081.3402099609375,1096.177490234375,1079.3033447265625,7417103
2022-10-13,Reliance,1094.4007568359375,1104.83056640625,1089.185791015625,1099.661865234375,1082.7340087890625,7328492
2022-10-14,Reliance,1114.5220947265625,1115.1451416015625,1093.3392333984375,1094.07763671875,1077.2357177734375,9106089
2022-10-17,Reliance,1086.8321533203125,1114.060546875,1081.571044921875,1111.6376953125,1094.525634765625,16729355
2022-10-18,Reliance,1117.7525634765625,1136.674072265625,1116.8988037109375,1131.25146484375,1113.83740234375,12415820
2022-10-19,Reliance,1132.7513427734375,1166.6024169921875,1126.8441162109375,1150.9344482421875,1133.21728515625,19247142
2022-10-20,Reliance,1146.8271484375,1162.51806640625,1146.8271484375,1154.0264892578125,1136.2618408203125,8717053
2022-10-21,Reliance,1157.3031005859375,1161.5028076171875,1138.5201416015625,1140.6429443359375,1123.084228515625,8243452
2022-10-24,Reliance,1135.28955078125,1154.9033203125,1133.12060546875,1144.4503173828125,1126.8330078125,3370033
2022-10-25,Reliance,1153.2880859375,1153.2880859375,1125.1365966796875,1126.77490234375,1109.4298095703125,12233241
2022-10-27,Reliance,1134.3665771484375,1139.1893310546875,1122.73681640625,1131.205322265625,1113.7918701171875,12513059
2022-10-28,Reliance,1137.5970458984375,1169.902099609375,1135.0357666015625,1165.81787109375,1147.87158203125,17609592
2022-10-31,Reliance,1172.671142578125,1181.8780517578125,1168.60986328125,1176.6400146484375,1158.52734375,12419943
2022-11-01,Reliance,1199.8995361328125,1199.8995361328125,1157.441650390625,1167.525390625,1149.5528564453125,13963166
2022-11-02,Reliance,1168.656005859375,1176.9168701171875,1160.672119140625,1174.8170166015625,1156.7322998046875,8981896
2022-11-03,Reliance,1167.525390625,1181.23193359375,1165.3101806640625,1179.2012939453125,1161.049072265625,6693449
2022-11-04,Reliance,1178.6243896484375,1199.8995361328125,1177.332275390625,1196.5537109375,1178.1343994140625,12575815
2022-11-07,Reliance,1195.74609375,1204.653076171875,1187.900634765625,1202.9454345703125,1184.427734375,11789748
2022-11-09,Reliance,1204.653076171875,1210.029541015625,1195.3076171875,1201.74560546875,1183.246337890625,11254205
2022-11-10,Reliance,1195.2845458984375,1198.307373046875,1182.8240966796875,1187.2083740234375,1168.9329833984375,5966242
2022-11-11,Reliance,1199.8995361328125,1216.5135498046875,1194.361572265625,1214.5753173828125,1195.878662109375,12310132
2022-11-14,Reliance,1214.0906982421875,1219.2825927734375,1202.2762451171875,1208.691162109375,1190.0850830078125,9043112
2022-11-15,Reliance,1210.1910400390625,1212.0831298828125,1195.2845458984375,1203.2685546875,1184.7459716796875,7086433
2022-11-16,Reliance,1204.5145263671875,1207.260498046875,1191.2926025390625,1196.369140625,1177.9527587890625,9716161
2022-11-17,Reliance,1192.9539794921875,1205.8990478515625,1190.6695556640625,1199.461181640625,1180.9971923828125,6661451
2022-11-18,Reliance,1203.0146484375,1204.0531005859375,1186.562255859375,1198.8150634765625,1180.3609619140625,5303197
2022-11-21,Reliance,1194.361572265625,1194.361572265625,1173.6402587890625,1177.239990234375,1159.1180419921875,6390268
2022-11-22,Reliance,1174.51708984375,1185.3623046875,1170.5943603515625,1183.7701416015625,1165.547607421875,6611488
2022-11-23,Reliance,1188.362060546875,1189.700439453125,1177.8629150390625,1180.078125,1161.91259765625,6413408
2022-11-24,Reliance,1184.2086181640625,1197.130615234375,1175.993896484375,1190.2542724609375,1171.931884765625,9389439
2022-11-25,Reliance,1194.8231201171875,1211.390869140625,1191.638671875,1208.02197265625,1189.4261474609375,7349922
2022-11-28,Reliance,1204.0069580078125,1255.76416015625,1154.672607421875,1249.533935546875,1230.299072265625,31527484
2022-11-29,Reliance,1247.8724365234375,1260.656005859375,1243.280517578125,1251.6798095703125,1232.4119873046875,11058913
2022-11-30,Reliance,1251.818359375,1267.0247802734375,1245.2188720703125,1260.517578125,1241.1136474609375,26164986
2022-12-01,Reliance,1265.3402099609375,1271.4320068359375,1253.43359375,1256.802490234375,1237.4556884765625,9485801
2022-12-02,Reliance,1259.89453125,1268.2015380859375,1246.326416015625,1256.271728515625,1236.93310546875,11589592
2022-12-05,Reliance,1251.5875244140625,1253.7796630859375,1235.8966064453125,1237.9501953125,1218.8936767578125,14828536
2022-12-06,Reliance,1229.9432373046875,1244.6650390625,1228.051025390625,1241.52685546875,1222.4151611328125,8594245
2022-12-07,Reliance,1239.1270751953125,1243.7420654296875,1219.351806640625,1223.205322265625,1204.375732421875,8462111
2022-12-08,Reliance,1227.589599609375,1229.8970947265625,1218.40576171875,1222.62841796875,1203.8077392578125,7757008
2022-12-09,Reliance,1221.1285400390625,1227.589599609375,1200.7532958984375,1204.0992431640625,1185.563720703125,12655763
2022-12-12,Reliance,1193.2078857421875,1210.5140380859375,1192.97705078125,1205.9451904296875,1187.38134765625,9479842
2022-12-13,Reliance,1205.9451904296875,1215.1290283203125,1202.9915771484375,1211.4371337890625,1192.7886962890625,8333348
2022-12-14,Reliance,1217.2750244140625,1217.875,1204.97607421875,1207.0528564453125,1188.4720458984375,7268947
2022-12-15,Reliance,1201.0533447265625,1206.822021484375,1186.51611328125,1189.9080810546875,1171.591064453125,8688551
2022-12-16,Reliance,1186.51611328125,1208.5758056640625,1180.5858154296875,1184.02392578125,1165.79736328125,15837349
2022-12-19,Reliance,1191.131103515625,1201.74560546875,1184.5316162109375,1199.5765380859375,1181.110595703125,7729933
2022-12-20,Reliance,1192.469482421875,1211.8985595703125,1184.2086181640625,1209.9603271484375,1191.3345947265625,7467588
2022-12-21,Reliance,1209.591064453125,1215.1290283203125,1188.8697509765625,1192.746337890625,1174.3857421875,8527550
2022-12-22,Reliance,1198.9765625,1202.0455322265625,1184.5546875,1189.654296875,1171.34130859375,7451122
2022-12-23,Reliance,1182.9625244140625,1195.515380859375,1150.1729736328125,1154.764892578125,1136.9888916015625,10257115
2022-12-26,Reliance,1160.5567626953125,1173.132568359375,1150.2421875,1164.8486328125,1146.9173583984375,5990242
2022-12-27,Reliance,1167.5946044921875,1176.270751953125,1160.7874755859375,1174.378662109375,1156.3006591796875,5763271
2022-12-28,Reliance,1171.28662109375,1176.7322998046875,1163.671875,1174.2633056640625,1156.18701171875,7459393
2022-12-29,Reliance,1166.2100830078125,1176.31689453125,1165.517822265625,1173.7325439453125,1155.6646728515625,6930648
2022-12-30,Reliance,1174.563232421875,1189.2850341796875,1172.71728515625,1175.5323486328125,1157.4366455078125,7289476
2023-01-02,Reliance,1176.8245849609375,1190.2081298828125,1175.993896484375,1188.7774658203125,1170.4779052734375,5316175
2023-01-03,Reliance,1183.7701416015625,1187.4390869140625,1175.809326171875,1180.078125,1161.91259765625,7658932
2023-01-04,Reliance,1180.0550537109375,1181.9241943359375,1160.2105712890625,1162.3104248046875,1144.4183349609375,9264891
2023-01-05,Reliance,1164.5948486328125,1170.5482177734375,1155.5955810546875,1160.233642578125,1142.3734130859375,13637099
2023-01-06,Reliance,1166.048583984375,1175.8785400390625,1162.195068359375,1170.7789306640625,1152.7564697265625,6349597
2023-01-09,Reliance,1174.655517578125,1200.8226318359375,1173.755615234375,1198.4227294921875,1179.9747314453125,10722753
2023-01-10,Reliance,1202.6685791015625,1202.6685791015625,1174.9786376953125,1180.701171875,1162.52587890625,8047142
2023-01-11,Reliance,1177.9783935546875,1180.5166015625,1163.4871826171875,1165.81787109375,1147.87158203125,11509553
2023-01-12,Reliance,1165.2178955078125,1168.748291015625,1137.5970458984375,1140.6429443359375,1123.084228515625,17688773
2023-01-13,Reliance,1134.5511474609375,1141.242919921875,1123.5675048828125,1138.7969970703125,1121.266845703125,20618583
2023-01-16,Reliance,1141.150634765625,1144.3580322265625,1120.06005859375,1127.9517822265625,1110.5885009765625,13623855
2023-01-17,Reliance,1134.3665771484375,1145.904052734375,1130.9515380859375,1143.9658203125,1126.356201171875,10751000
2023-01-18,Reliance,1141.5198974609375,1149.6422119140625,1135.451171875,1142.0736083984375,1124.4930419921875,13448286
2023-01-19,Reliance,1141.242919921875,1145.05029296875,1133.7435302734375,1140.8507080078125,1123.288818359375,11940054
2023-01-20,Reliance,1142.2120361328125,1142.2120361328125,1124.79052734375,1127.2825927734375,1109.9295654296875,14930286
2023-01-23,Reliance,1130.213134765625,1138.15087890625,1119.1370849609375,1121.5830078125,1104.3177490234375,10954118
2023-01-24,Reliance,1126.0595703125,1127.7440185546875,1101.7615966796875,1114.9605712890625,1097.79736328125,16488755
2023-01-25,Reliance,1113.3453369140625,1114.3836669921875,1098.36962890625,1099.54638671875,1082.620361328125,12385018
2023-01-27,Reliance,1100.4002685546875,1101.7615966796875,1066.8260498046875,1078.6866455078125,1062.081787109375,25830975
2023-01-30,Reliance,1076.0792236328125,1094.6314697265625,1061.9111328125,1089.0242919921875,1072.26025390625,21772103
2023-01-31,Reliance,1099.2926025390625,1101.900146484375,1080.37109375,1086.3013916015625,1069.579345703125,22691594
2023-02-01,Reliance,1098.3465576171875,1098.3465576171875,1063.757080078125,1079.863525390625,1063.2406005859375,19347800
2023-02-02,Reliance,1069.756591796875,1083.6015625,1066.526123046875,1073.8870849609375,1057.35595703125,13662663
2023-02-03,Reliance,1084.0631103515625,1084.0631103515625,1058.2191162109375,1074.8331298828125,1058.2874755859375,24699575
2023-02-06,Reliance,1068.3720703125,1071.14111328125,1064.1263427734375,1066.7337646484375,1050.312744140625,14837879
2023-02-07,Reliance,1066.9876708984375,1074.0947265625,1058.2191162109375,1064.1724853515625,1047.791015625,15135435
2023-02-08,Reliance,1067.4490966796875,1089.093505859375,1064.68017578125,1085.424560546875,1068.7159423828125,21160332
2023-02-09,Reliance,1086.1168212890625,1094.1468505859375,1077.140625,1087.316650390625,1070.5789794921875,13172763
2023-02-10,Reliance,1086.7860107421875,1086.7860107421875,1071.279541015625,1078.3636474609375,1061.763671875,10790445
2023-02-13,Reliance,1080.001953125,1084.524658203125,1067.7030029296875,1072.2257080078125,1055.7203369140625,10352493
2023-02-14,Reliance,1075.2716064453125,1099.2464599609375,1072.3641357421875,1097.4927978515625,1080.598388671875,14321920
2023-02-15,Reliance,1096.5235595703125,1124.7674560546875,1095.13916015625,1122.344482421875,1105.067626953125,33503591
2023-02-16,Reliance,1130.4207763671875,1137.0433349609375,1119.16015625,1121.4676513671875,1104.2042236328125,17264487
2023-02-17,Reliance,1116.82958984375,1129.5208740234375,1112.491455078125,1126.15185546875,1108.8162841796875,11809520
2023-02-20,Reliance,1128.3670654296875,1130.5592041015625,1112.2607421875,1114.2452392578125,1097.093017578125,8836937
2023-02-21,Reliance,1118.6756591796875,1129.19775390625,1113.299072265625,1123.3367919921875,1106.0445556640625,13311592
2023-02-22,Reliance,1119.5755615234375,1121.444580078125,1096.085205078125,1097.8619384765625,1080.9617919921875,11024335
2023-02-23,Reliance,1097.4466552734375,1105.1767578125,1089.7626953125,1092.600830078125,1075.7816162109375,9851910
2023-02-24,Reliance,1094.6776123046875,1105.8228759765625,1092.8316650390625,1100.0771484375,1083.1429443359375,9434053
2023-02-27,Reliance,1099.2926025390625,1102.8231201171875,1085.3092041015625,1092.7623291015625,1075.940673828125,11199715
2023-02-28,Reliance,1087.3397216796875,1092.3701171875,1067.7491455078125,1071.8564453125,1055.3565673828125,21994038
2023-03-01,Reliance,1081.755615234375,1082.4478759765625,1072.179443359375,1081.70947265625,1065.0579833984375,11551145
2023-03-02,Reliance,1078.525146484375,1085.2861328125,1071.41796875,1073.4716796875,1056.947021484375,9333535
2023-03-03,Reliance,1084.13232421875,1104.5767822265625,1080.625,1100.8616943359375,1083.9154052734375,14643807
2023-03-06,Reliance,1107.599609375,1118.9525146484375,1107.599609375,1111.6146240234375,1094.502685546875,10171916
2023-03-08,Reliance,1111.6146240234375,1116.3681640625,1100.6771240234375,1115.606689453125,1098.43359375,15782657
2023-03-09,Reliance,1114.983642578125,1115.39892578125,1086.8782958984375,1088.79345703125,1072.032958984375,16235128
2023-03-10,Reliance,1080.6019287109375,1081.755615234375,1068.3951416015625,1071.9256591796875,1055.4248046875,13334091
2023-03-13,Reliance,1074.8331298828125,1081.755615234375,1049.912109375,1054.29638671875,1038.0670166015625,12771592
2023-03-14,Reliance,1052.2196044921875,1063.7340087890625,1047.166259765625,1050.3505859375,1034.181884765625,16027522
2023-03-15,Reliance,1054.11181640625,1060.6650390625,1027.9447021484375,1032.398193359375,1016.5057373046875,21728555
2023-03-16,Reliance,1035.1441650390625,1040.2205810546875,1016.31494140625,1027.25244140625,1011.4392700195312,18363159
2023-03-17,Reliance,1035.9517822265625,1039.2745361328125,1021.1607055664062,1025.9603271484375,1010.1670532226562,34014213
2023-03-20,Reliance,1022.22216796875,1024.5296630859375,1006.0696411132812,1015.8765258789062,1000.2384643554688,19524589
2023-03-21,Reliance,1024.0450439453125,1049.45068359375,1023.1451416015625,1047.4661865234375,1031.341796875,21400360
2023-03-22,Reliance,1054.527099609375,1057.5037841796875,1047.6046142578125,1050.6505126953125,1034.477294921875,10920094
2023-03-23,Reliance,1046.681640625,1047.5584716796875,1035.167236328125,1037.359375,1021.390625,16249370
2023-03-24,Reliance,1036.1824951171875,1038.3746337890625,1014.3766479492188,1016.8225708007812,1001.1699829101562,12375945
2023-03-27,Reliance,1023.3759155273438,1040.2205810546875,1015.3919677734375,1032.62890625,1016.7330322265625,14054323
2023-03-28,Reliance,1036.067138671875,1041.3743896484375,1032.3751220703125,1037.45166015625,1021.4815063476562,12576424
2023-03-29,Reliance,1033.298095703125,1035.974853515625,1020.4223022460938,1031.313720703125,1015.4381103515625,18804065
2023-03-31,Reliance,1040.68212890625,1081.5018310546875,1040.543701171875,1075.7791748046875,1059.2191162109375,28171201
2023-04-03,Reliance,1082.2171630859375,1084.0631103515625,1068.3720703125,1075.9637451171875,1059.4007568359375,10293043
2023-04-05,Reliance,1083.6015625,1083.6015625,1065.3955078125,1073.37939453125,1056.856201171875,16262928
2023-04-06,Reliance,1069.8258056640625,1086.37060546875,1069.8258056640625,1080.5787353515625,1063.9447021484375,18435046
2023-04-10,Reliance,1084.524658203125,1084.709228515625,1071.3948974609375,1072.9178466796875,1056.40185546875,12961408
2023-04-11,Reliance,1077.140625,1080.37109375,1072.5487060546875,1078.22509765625,1061.6273193359375,10542367
2023-04-12,Reliance,1078.22509765625,1092.7392578125,1075.3177490234375,1082.9786376953125,1066.3076171875,18179087
2023-04-13,Reliance,1085.9090576171875,1091.8162841796875,1080.8326416015625,1087.0628662109375,1070.3289794921875,12378208
2023-04-17,Reliance,1119.114013671875,1119.114013671875,1084.086181640625,1092.5777587890625,1075.7589111328125,17929479
2023-04-18,Reliance,1096.985107421875,1096.985107421875,1073.4486083984375,1080.0711669921875,1063.4449462890625,10405576
2023-04-19,Reliance,1079.47119140625,1088.17041015625,1076.3099365234375,1085.4476318359375,1068.7386474609375,12273475
2023-04-20,Reliance,1086.416748046875,1088.6781005859375,1076.2637939453125,1082.70166015625,1066.034912109375,7007330
2023-04-21,Reliance,1084.8245849609375,1089.60107421875,1078.2481689453125,1084.0631103515625,1067.37548828125,7647317
2023-04-24,Reliance,1096.0621337890625,1098.784912109375,1083.6015625,1088.2166748046875,1071.4649658203125,12936186
2023-04-25,Reliance,1091.9085693359375,1098.646484375,1084.75537109375,1096.546630859375,1079.666748046875,9236126
2023-04-26,Reliance,1097.9080810546875,1101.184814453125,1086.3936767578125,1090.1087646484375,1073.3280029296875,8617834
2023-04-27,Reliance,1096.0621337890625,1100.215576171875,1090.985595703125,1097.0081787109375,1080.121337890625,9167125
2023-04-28,Reliance,1099.2926025390625,1118.6295166015625,1099.17724609375,1117.060302734375,1099.8646240234375,15565210
2023-05-02,Reliance,1124.305908203125,1128.736328125,1120.5677490234375,1126.544189453125,1109.2025146484375,12981805
2023-05-03,Reliance,1128.3670654296875,1128.3670654296875,1113.6221923828125,1116.875732421875,1099.6829833984375,7061872
2023-05-04,Reliance,1117.3603515625,1131.9898681640625,1114.3375244140625,1129.7515869140625,1112.360595703125,8635233
2023-05-05,Reliance,1126.5211181640625,1135.91259765625,1124.213623046875,1126.8671875,1109.5206298828125,8746585
2023-05-08,Reliance,1130.674560546875,1146.2041015625,1127.974853515625,1140.781494140625,1123.2205810546875,9153782
2023-05-09,Reliance,1142.2120361328125,1147.6578369140625,1136.7894287109375,1144.3118896484375,1126.69677734375,6464721
2023-05-10,Reliance,1149.1346435546875,1153.680419921875,1145.0733642578125,1152.1805419921875,1134.4443359375,10872255
2023-05-11,Reliance,1153.2650146484375,1158.1337890625,1142.9273681640625,1144.6580810546875,1127.0377197265625,10557860
2023-05-12,Reliance,1139.812255859375,1147.9346923828125,1133.67431640625,1146.527099609375,1128.8778076171875,6955341
2023-05-15,Reliance,1149.0885009765625,1155.849365234375,1141.3582763671875,1148.7884521484375,1131.1043701171875,6833343
2023-05-16,Reliance,1150.9805908203125,1153.56494140625,1130.7437744140625,1132.4283447265625,1114.9962158203125,8717229
2023-05-17,Reliance,1136.674072265625,1137.5970458984375,1120.983154296875,1125.736572265625,1108.407470703125,8798967
2023-05-18,Reliance,1130.4669189453125,1133.9051513671875,1120.1292724609375,1123.313720703125,1106.0218505859375,10525531
2023-05-19,Reliance,1123.313720703125,1128.8055419921875,1116.298828125,1126.95947265625,1109.6114501953125,8050447
2023-05-22,Reliance,1123.7520751953125,1138.05859375,1122.5291748046875,1132.9820556640625,1115.5413818359375,7434906
2023-05-23,Reliance,1135.589599609375,1138.9815673828125,1131.34375,1132.7744140625,1115.3369140625,6092034
2023-05-24,Reliance,1128.782470703125,1137.1356201171875,1123.0367431640625,1126.1749267578125,1108.8389892578125,8112254
2023-05-25,Reliance,1123.2445068359375,1130.213134765625,1115.0067138671875,1126.0364990234375,1108.7027587890625,11487863
2023-05-26,Reliance,1134.3665771484375,1157.903076171875,1131.020751953125,1156.7493896484375,1138.94287109375,12626260
2023-05-29,Reliance,1163.4410400390625,1167.5946044921875,1157.0723876953125,1163.2564697265625,1145.3497314453125,10010304
2023-05-30,Reliance,1163.2564697265625,1171.148193359375,1160.3720703125,1162.95654296875,1145.054443359375,11342504
2023-05-31,Reliance,1153.7496337890625,1158.29541015625,1135.7510986328125,1139.8583984375,1122.3118896484375,27107927
2023-06-01,Reliance,1144.5888671875,1146.781005859375,1134.3665771484375,1136.7894287109375,1119.2900390625,14592692
2023-06-02,Reliance,1140.3660888671875,1145.8348388671875,1131.1361083984375,1133.0743408203125,1115.6322021484375,15800644
2023-06-05,Reliance,1138.6124267578125,1146.250244140625,1134.57421875,1143.25048828125,1125.651611328125,10908682
2023-06-06,Reliance,1146.11181640625,1148.0731201171875,1136.212646484375,1144.2196044921875,1126.60595703125,7493309
2023-06-07,Reliance,1147.7501220703125,1153.7496337890625,1141.1044921875,1152.8958740234375,1135.1485595703125,10312545
2023-06-08,Reliance,1156.5185546875,1161.52587890625,1149.5960693359375,1153.5880126953125,1135.830078125,12071109
2023-06-09,Reliance,1156.9801025390625,1157.6954345703125,1143.5965576171875,1145.4195556640625,1127.787353515625,5877018
2023-06-12,Reliance,1142.44287109375,1148.765380859375,1137.5970458984375,1146.434814453125,1128.7869873046875,6391969
2023-06-13,Reliance,1151.442138671875,1164.57177734375,1147.4039306640625,1163.371826171875,1145.46337890625,11248016
2023-06-14,Reliance,1163.4410400390625,1179.132080078125,1161.5950927734375,1177.6783447265625,1159.5496826171875,13277380
2023-06-15,Reliance,1177.6552734375,1182.616455078125,1170.1328125,1178.00146484375,1159.86767578125,11813494
2023-06-16,Reliance,1181.5318603515625,1191.7772216796875,1181.5318603515625,1189.4697265625,1171.1595458984375,24171579
2023-06-19,Reliance,1192.515625,1192.515625,1173.4326171875,1177.6552734375,1159.52685546875,6798554
2023-06-20,Reliance,1175.6939697265625,1183.2855224609375,1169.902099609375,1180.1011962890625,1161.9351806640625,6921096
2023-06-21,Reliance,1180.0550537109375,1185.9853515625,1175.901611328125,1183.424072265625,1165.2069091796875,6961603
2023-06-22,Reliance,1179.5936279296875,1187.5775146484375,1168.517578125,1170.1328125,1152.1202392578125,7619166
2023-06-23,Reliance,1167.0869140625,1169.1636962890625,1159.28759765625,1160.5567626953125,1142.691650390625,6628570
2023-06-26,Reliance,1156.9801025390625,1160.856689453125,1148.53466796875,1151.6959228515625,1133.967041015625,12641159
2023-06-27,Reliance,1152.157470703125,1158.1337890625,1147.588623046875,1152.111328125,1134.376220703125,9689466
2023-06-28,Reliance,1159.7491455078125,1171.2174072265625,1152.75732421875,1167.3638916015625,1149.3939208984375,11354006
2023-06-30,Reliance,1175.1632080078125,1179.8935546875,1169.186767578125,1176.93994140625,1158.822509765625,11151555
2023-07-03,Reliance,1180.5396728515625,1210.0526123046875,1179.2935791015625,1207.1451416015625,1188.5628662109375,12154387
2023-07-04,Reliance,1211.4371337890625,1211.4371337890625,1187.554443359375,1194.707763671875,1176.31689453125,8061643
2023-07-05,Reliance,1204.0531005859375,1204.0531005859375,1188.7313232421875,1192.746337890625,1174.3857421875,10248062
2023-07-06,Reliance,1188.8466796875,1220.4132080078125,1188.8466796875,1217.78271484375,1199.0367431640625,19117987
2023-07-07,Reliance,1216.0521240234375,1229.8740234375,1212.821533203125,1215.406005859375,1196.6964111328125,13375267
2023-07-10,Reliance,1240.9268798828125,1271.8935546875,1234.5120849609375,1262.22509765625,1242.794921875,33240016
2023-07-11,Reliance,1270.462890625,1278.3544921875,1263.4019775390625,1275.9085693359375,1256.2677001953125,20069348
2023-07-12,Reliance,1276.64697265625,1293.12255859375,1274.5009765625,1277.316162109375,1257.653564453125,18733835
2023-07-13,Reliance,1284.7694091796875,1291.738037109375,1263.240478515625,1265.89404296875,1246.4073486328125,14682934
2023-07-14,Reliance,1269.12451171875,1274.1549072265625,1257.6331787109375,1264.8326416015625,1245.3623046875,15124144
2023-07-17,Reliance,1267.7401123046875,1299.1451416015625,1258.9715576171875,1290.6766357421875,1270.8084716796875,22220040
2023-07-18,Reliance,1300.0450439453125,1309.482666015625,1288.968994140625,1301.63720703125,1281.6002197265625,25867313
2023-07-19,Reliance,1306.0445556640625,1318.0435791015625,1290.8150634765625,1311.5133056640625,1291.324462890625,39122156
2023-07-20,Reliance,1290.0,1315.4749755859375,1290.0,1309.925048828125,1289.7603759765625,38717624
2023-07-21,Reliance,1304.5,1307.449951171875,1261.800048828125,1269.375,1249.834716796875,30249238
2023-07-24,Reliance,1240.5,1257.4749755859375,1234.6500244140625,1243.699951171875,1224.5548095703125,23727866
2023-07-25,Reliance,1247.0,1252.5999755859375,1240.0,1242.9000244140625,1223.767333984375,12026020
2023-07-26,Reliance,1242.5,1273.5,1242.5,1263.0999755859375,1243.65625,12911012
2023-07-27,Reliance,1267.0250244140625,1268.824951171875,1245.175048828125,1251.3499755859375,1232.087158203125,17226898
2023-07-28,Reliance,1256.0250244140625,1271.425048828125,1250.2750244140625,1263.925048828125,1244.4686279296875,20827852
2023-07-31,Reliance,1263.925048828125,1276.949951171875,1258.9749755859375,1274.625,1255.00390625,8551174
2023-08-01,Reliance,1277.5,1279.5,1252.6500244140625,1256.5999755859375,1237.25634765625,9536632
2023-08-02,Reliance,1254.5999755859375,1256.0,1231.800048828125,1243.175048828125,1224.0380859375,12748214
2023-08-03,Reliance,1237.6500244140625,1250.449951171875,1229.0250244140625,1237.949951171875,1218.8934326171875,10168350
2023-08-04,Reliance,1249.4000244140625,1258.0,1235.800048828125,1254.7750244140625,1235.4595947265625,22885610
2023-08-07,Reliance,1260.5,1264.199951171875,1252.5,1261.925048828125,1242.49951171875,5982870
2023-08-08,Reliance,1264.0,1267.2249755859375,1249.7750244140625,1254.324951171875,1235.0162353515625,9844072
2023-08-09,Reliance,1252.425048828125,1264.5,1240.550048828125,1262.5999755859375,1243.1641845703125,11486586
2023-08-10,Reliance,1262.4749755859375,1275.0,1254.2249755859375,1268.2249755859375,1248.7022705078125,15470598
2023-08-11,Reliance,1266.2249755859375,1279.425048828125,1256.175048828125,1273.574951171875,1253.969970703125,22179330
2023-08-14,Reliance,1269.5,1291.1500244140625,1262.5,1288.625,1268.788330078125,9575812
2023-08-16,Reliance,1275.5,1291.4000244140625,1275.5,1287.574951171875,1267.7545166015625,10203112
2023-08-17,Reliance,1283.550048828125,1289.050048828125,1266.425048828125,1269.0,1249.4654541015625,13673744
2023-08-18,Reliance,1265.625,1288.800048828125,1254.2750244140625,1278.4000244140625,1258.7208251953125,18639978
2023-08-21,Reliance,1269.9749755859375,1277.7249755859375,1257.824951171875,1260.0,1244.986328125,9221746
2023-08-22,Reliance,1258.449951171875,1268.9749755859375,1249.5,1259.699951171875,1244.68994140625,7713044
2023-08-23,Reliance,1262.0999755859375,1271.425048828125,1258.4749755859375,1261.0999755859375,1246.0732421875,9517952
2023-08-24,Reliance,1269.949951171875,1269.949951171875,1235.5,1239.9000244140625,1225.1258544921875,14140020
2023-08-25,Reliance,1228.0,1252.5,1221.300048828125,1234.175048828125,1219.4691162109375,22222400
2023-08-28,Reliance,1236.0,1242.0,1215.550048828125,1221.875,1207.315673828125,12580826
2023-08-29,Reliance,1226.0250244140625,1226.7249755859375,1204.074951171875,1210.175048828125,1195.755126953125,16876644
2023-08-30,Reliance,1216.0,1221.5,1207.5,1209.0250244140625,1194.61865234375,12168946
2023-08-31,Reliance,1211.5,1212.5,1199.949951171875,1203.5,1189.1595458984375,21638600
2023-09-01,Reliance,1203.2750244140625,1212.824951171875,1200.824951171875,1206.324951171875,1191.950927734375,18112842
2023-09-04,Reliance,1206.324951171875,1211.824951171875,1202.6500244140625,1205.3499755859375,1190.9874267578125,9347626
2023-09-05,Reliance,1210.0,1216.9749755859375,1206.2249755859375,1211.800048828125,1197.3607177734375,8675876
2023-09-06,Reliance,1210.550048828125,1218.074951171875,1208.625,1214.3499755859375,1199.88037109375,8200370
2023-09-07,Reliance,1210.8499755859375,1219.125,1205.5,1216.0,1201.5107421875,13652572
2023-09-08,Reliance,1220.0,1228.0,1211.4749755859375,1224.0999755859375,1209.5140380859375,23109288
2023-09-11,Reliance,1226.0,1238.425048828125,1226.0,1237.300048828125,1222.5570068359375,13271074
2023-09-12,Reliance,1241.5,1241.5,1217.9749755859375,1219.425048828125,1204.89501953125,16255666
2023-09-13,Reliance,1220.0,1231.324951171875,1213.125,1225.5250244140625,1210.9222412109375,12803338
2023-09-14,Reliance,1230.0,1232.9000244140625,1222.5,1226.6500244140625,1212.0338134765625,9209636
2023-09-15,Reliance,1234.0,1234.0,1224.75,1228.925048828125,1214.28173828125,25468592
2023-09-18,Reliance,1220.0250244140625,1225.5,1216.0250244140625,1218.2249755859375,1203.709228515625,7516300
2023-09-20,Reliance,1211.5250244140625,1213.800048828125,1177.5,1191.074951171875,1176.8826904296875,57081884
2023-09-21,Reliance,1187.4749755859375,1195.050048828125,1180.0,1182.4000244140625,1168.31103515625,12226182
2023-09-22,Reliance,1188.0,1191.2249755859375,1175.0,1177.4749755859375,1163.4447021484375,19176786
2023-09-25,Reliance,1175.199951171875,1180.3499755859375,1167.550048828125,1170.2249755859375,1156.2811279296875,14254884
2023-09-26,Reliance,1169.2750244140625,1175.0999755859375,1167.800048828125,1171.25,1157.2938232421875,10087782
2023-09-27,Reliance,1171.75,1185.9000244140625,1169.25,1184.449951171875,1170.3365478515625,11722778
2023-09-28,Reliance,1191.5,1191.5,1162.5,1167.050048828125,1153.14404296875,14518346
2023-09-29,Reliance,1170.9000244140625,1184.550048828125,1167.050048828125,1172.5,1158.529052734375,12342014
2023-10-03,Reliance,1164.9749755859375,1167.800048828125,1158.0,1159.074951171875,1145.263916015625,8859056
2023-10-04,Reliance,1154.5,1159.5,1147.550048828125,1157.074951171875,1143.2877197265625,10286386
2023-10-05,Reliance,1159.625,1164.699951171875,1154.5,1157.050048828125,1143.2630615234375,10953682
2023-10-06,Reliance,1158.5250244140625,1162.4000244140625,1156.0250244140625,1159.0,1145.18994140625,5431026
2023-10-09,Reliance,1154.050048828125,1155.9749755859375,1147.5,1149.125,1135.4324951171875,7576878
2023-10-10,Reliance,1153.2750244140625,1158.949951171875,1151.875,1154.199951171875,1140.447021484375,10236032
2023-10-11,Reliance,1157.2249755859375,1174.8499755859375,1156.5,1172.5250244140625,1158.5537109375,9814118
2023-10-12,Reliance,1171.925048828125,1179.675048828125,1169.074951171875,1174.699951171875,1160.70263671875,12554450
2023-10-13,Reliance,1170.0,1178.75,1164.574951171875,1174.6500244140625,1160.6534423828125,10150316
2023-10-16,Reliance,1172.5,1177.2750244140625,1168.0,1172.0250244140625,1158.0596923828125,5929036
2023-10-17,Reliance,1178.0,1179.8499755859375,1170.6500244140625,1177.625,1163.593017578125,7928180
2023-10-18,Reliance,1177.625,1183.5,1160.5,1162.0,1148.154052734375,8918320
2023-10-19,Reliance,1156.0,1160.9000244140625,1150.5,1153.074951171875,1139.33544921875,12032556
2023-10-20,Reliance,1150.0,1157.3499755859375,1148.1500244140625,1149.550048828125,1135.8525390625,8913312
2023-10-23,Reliance,1145.0,1153.125,1127.625,1131.5999755859375,1118.1163330078125,7853962
2023-10-25,Reliance,1125.0250244140625,1140.5999755859375,1121.5,1128.9749755859375,1115.522705078125,11620688
2023-10-26,Reliance,1125.5,1129.0,1110.1500244140625,1113.25,1099.985107421875,15222534
2023-10-27,Reliance,1120.0,1136.75,1117.9749755859375,1132.9000244140625,1119.40087890625,11771084
2023-10-30,Reliance,1137.0,1162.5,1134.9749755859375,1156.25,1142.4725341796875,16813304
2023-10-31,Reliance,1164.0,1164.0,1141.449951171875,1143.949951171875,1130.319091796875,12808438
2023-11-01,Reliance,1144.574951171875,1158.75,1137.5999755859375,1148.699951171875,1135.0125732421875,10309190
2023-11-02,Reliance,1156.9749755859375,1162.1500244140625,1153.9749755859375,1160.0999755859375,1146.2767333984375,10562104
2023-11-03,Reliance,1163.5999755859375,1167.4749755859375,1157.875,1159.8499755859375,1146.0296630859375,8850156
2023-11-06,Reliance,1166.1500244140625,1170.0,1162.800048828125,1169.5,1155.564697265625,10647304
2023-11-07,Reliance,1167.0250244140625,1169.550048828125,1159.7750244140625,1161.9000244140625,1148.0552978515625,6960204
2023-11-08,Reliance,1166.0,1170.5,1160.875,1167.949951171875,1154.033203125,7884494
2023-11-09,Reliance,1167.925048828125,1167.949951171875,1152.0999755859375,1155.2750244140625,1141.50927734375,14513610
2023-11-10,Reliance,1152.7750244140625,1158.175048828125,1149.0250244140625,1157.449951171875,1143.658203125,7734954
2023-11-13,Reliance,1161.449951171875,1162.300048828125,1155.8499755859375,1157.300048828125,1143.5101318359375,3854810
2023-11-15,Reliance,1170.0,1180.9749755859375,1163.5,1178.2249755859375,1164.185791015625,12220648
2023-11-16,Reliance,1175.550048828125,1187.074951171875,1173.4749755859375,1180.3499755859375,1166.285400390625,13134910
2023-11-17,Reliance,1176.449951171875,1186.625,1176.0250244140625,1177.7750244140625,1163.7412109375,7758634
2023-11-20,Reliance,1174.2750244140625,1179.199951171875,1168.199951171875,1174.675048828125,1160.6781005859375,4490186
2023-11-21,Reliance,1183.0,1194.0,1180.0999755859375,1189.449951171875,1175.2769775390625,8214450
2023-11-22,Reliance,1187.5,1197.2249755859375,1186.0999755859375,1194.0999755859375,1179.87158203125,8534814
2023-11-23,Reliance,1194.0999755859375,1200.0,1194.0999755859375,1197.75,1183.4781494140625,8531542
2023-11-24,Reliance,1195.800048828125,1201.300048828125,1195.5250244140625,1196.949951171875,1182.6876220703125,6749486
2023-11-28,Reliance,1196.949951171875,1199.8499755859375,1187.625,1197.199951171875,1182.9346923828125,13792174
2023-11-29,Reliance,1204.0,1205.9749755859375,1199.0250244140625,1200.3499755859375,1186.047119140625,12531306
2023-11-30,Reliance,1197.3499755859375,1200.3499755859375,1184.949951171875,1188.7249755859375,1174.5606689453125,28439984
2023-12-01,Reliance,1189.0,1198.199951171875,1188.800048828125,1197.1500244140625,1182.88525390625,14342842
2023-12-04,Reliance,1225.0,1225.0,1199.300048828125,1210.0999755859375,1195.680908203125,15590990
2023-12-05,Reliance,1219.5,1220.425048828125,1210.824951171875,1218.875,1204.3514404296875,12693624
2023-12-06,Reliance,1223.550048828125,1236.4749755859375,1217.5,1230.550048828125,1215.8873291015625,16422442
2023-12-07,Reliance,1230.0,1230.4749755859375,1221.0,1228.5250244140625,1213.886474609375,8142096
2023-12-08,Reliance,1231.925048828125,1238.3499755859375,1222.5,1227.875,1213.2442626953125,10204894
2023-12-11,Reliance,1228.0,1233.800048828125,1226.199951171875,1229.675048828125,1215.022705078125,7066138
2023-12-12,Reliance,1230.0,1232.4749755859375,1210.074951171875,1212.0250244140625,1197.5831298828125,9197124
2023-12-13,Reliance,1211.0,1219.175048828125,1203.1500244140625,1216.9749755859375,1202.4739990234375,10031182
2023-12-14,Reliance,1227.0,1237.4749755859375,1221.324951171875,1232.074951171875,1217.39404296875,16972354
2023-12-15,Reliance,1239.0,1250.0,1235.0250244140625,1247.800048828125,1232.9317626953125,15932152
2023-12-18,Reliance,1247.800048828125,1267.449951171875,1245.4749755859375,1260.5,1245.4803466796875,14165188
2023-12-19,Reliance,1277.5,1286.949951171875,1262.5999755859375,1279.050048828125,1263.8094482421875,16820604
2023-12-20,Reliance,1285.5250244140625,1299.425048828125,1260.0,1263.574951171875,1248.518798828125,17736722
2023-12-21,Reliance,1263.5,1286.75,1259.125,1281.2750244140625,1266.0079345703125,13765454
2023-12-22,Reliance,1279.800048828125,1290.449951171875,1273.824951171875,1282.5250244140625,1267.242919921875,16541784
2023-12-26,Reliance,1284.0,1295.9749755859375,1281.3499755859375,1289.0250244140625,1273.66552734375,7465664
2023-12-27,Reliance,1291.0,1299.949951171875,1286.550048828125,1293.425048828125,1278.01318359375,9204156
2023-12-28,Reliance,1294.9000244140625,1306.0,1293.425048828125,1302.7750244140625,1287.251708984375,12302636
2023-12-29,Reliance,1305.550048828125,1307.0,1289.6500244140625,1292.4749755859375,1277.074462890625,10864584
2024-01-01,Reliance,1290.2750244140625,1303.425048828125,1286.574951171875,1295.125,1279.69287109375,4030540
2024-01-02,Reliance,1292.5,1307.5,1286.5,1305.8499755859375,1290.2900390625,7448800
2024-01-03,Reliance,1305.0,1317.0,1288.5999755859375,1291.6500244140625,1276.2593994140625,9037536
2024-01-04,Reliance,1294.0,1304.925048828125,1289.550048828125,1298.324951171875,1282.8546142578125,9612778
2024-01-05,Reliance,1301.449951171875,1309.925048828125,1299.0,1303.8499755859375,1288.3138427734375,8086406
2024-01-08,Reliance,1305.0,1315.9749755859375,1284.4749755859375,1293.675048828125,1278.26025390625,7734652
2024-01-09,Reliance,1300.0,1303.4000244140625,1288.5999755859375,1290.25,1274.8758544921875,5403074
2024-01-10,Reliance,1288.5,1329.5,1287.5250244140625,1325.050048828125,1309.26123046875,11102740
2024-01-11,Reliance,1329.5,1362.5,1328.5,1359.9000244140625,1343.6961669921875,23725852
2024-01-12,Reliance,1359.9000244140625,1373.324951171875,1345.75,1370.7249755859375,1354.3919677734375,15012164
2024-01-15,Reliance,1375.0,1396.449951171875,1366.0,1394.125,1377.51318359375,8610594
2024-01-16,Reliance,1389.9749755859375,1396.300048828125,1370.5,1374.625,1358.24560546875,9069024
2024-01-17,Reliance,1359.5,1386.2750244140625,1355.0250244140625,1361.574951171875,1345.35107421875,12197382
2024-01-18,Reliance,1351.4000244140625,1371.0,1351.25,1367.949951171875,1351.6500244140625,10279438
2024-01-19,Reliance,1376.0,1376.0,1359.0,1367.449951171875,1351.156005859375,10422704
2024-01-23,Reliance,1371.75,1371.75,1322.550048828125,1328.574951171875,1312.7442626953125,20055420
2024-01-24,Reliance,1335.2249755859375,1349.5,1323.925048828125,1343.875,1327.862060546875,21919128
2024-01-25,Reliance,1342.949951171875,1364.1500244140625,1335.199951171875,1353.074951171875,1336.9522705078125,11808872
2024-01-29,Reliance,1364.5,1452.5,1360.175048828125,1448.050048828125,1430.7957763671875,23893438
2024-01-30,Reliance,1459.949951171875,1459.9749755859375,1404.425048828125,1407.625,1390.852294921875,14093978
2024-01-31,Reliance,1404.0,1434.25,1402.5,1426.625,1409.6258544921875,15130226
2024-02-01,Reliance,1435.0,1443.3499755859375,1418.050048828125,1426.6500244140625,1409.650634765625,13349362
2024-02-02,Reliance,1433.175048828125,1474.9000244140625,1433.175048828125,1457.699951171875,1440.3306884765625,19652588
2024-02-05,Reliance,1460.75,1470.5,1431.5250244140625,1439.0250244140625,1421.878173828125,8814432
2024-02-06,Reliance,1441.8499755859375,1441.8499755859375,1419.824951171875,1427.800048828125,1410.7869873046875,9047984
2024-02-07,Reliance,1435.925048828125,1449.5,1429.25,1442.1500244140625,1424.9659423828125,9296568
2024-02-08,Reliance,1450.0,1459.4749755859375,1427.5250244140625,1450.125,1432.845947265625,14694634
2024-02-09,Reliance,1454.0,1471.9749755859375,1450.949951171875,1460.75,1443.3443603515625,12556798
2024-02-12,Reliance,1460.75,1461.0,1442.3499755859375,1452.3499755859375,1435.04443359375,6674430
2024-02-13,Reliance,1455.5,1479.0,1454.0,1465.0999755859375,1447.642333984375,7715594
2024-02-14,Reliance,1457.5,1483.6500244140625,1457.5,1481.375,1463.7235107421875,7117888
2024-02-15,Reliance,1483.3499755859375,1484.7249755859375,1466.5250244140625,1470.5999755859375,1453.076904296875,10006782
2024-02-16,Reliance,1476.4749755859375,1477.0,1458.550048828125,1460.574951171875,1443.17138671875,9767498
2024-02-19,Reliance,1462.050048828125,1479.5,1453.5250244140625,1474.0,1456.4364013671875,6729828
2024-02-20,Reliance,1475.0250244140625,1475.5,1461.800048828125,1471.0250244140625,1453.4969482421875,7117496
2024-02-21,Reliance,1474.0,1488.5250244140625,1457.550048828125,1467.699951171875,1450.2115478515625,12720292
2024-02-22,Reliance,1468.1500244140625,1484.949951171875,1458.0,1481.75,1464.0941162109375,18493728
2024-02-23,Reliance,1489.5,1497.550048828125,1483.3499755859375,1493.625,1475.82763671875,14438584
2024-02-26,Reliance,1493.550048828125,1494.5250244140625,1482.5,1487.324951171875,1469.6026611328125,7513106
2024-02-27,Reliance,1483.0250244140625,1499.949951171875,1478.050048828125,1485.6500244140625,1467.94775390625,10826044
2024-02-28,Reliance,1483.0,1491.2750244140625,1450.175048828125,1455.625,1438.2803955078125,8647950
2024-02-29,Reliance,1465.0,1478.9749755859375,1454.5250244140625,1460.800048828125,1443.3939208984375,23628976
2024-03-01,Reliance,1463.5,1500.0,1462.5,1492.125,1474.345458984375,12132926
2024-03-04,Reliance,1490.4749755859375,1512.449951171875,1487.2249755859375,1507.4000244140625,1489.4384765625,10024420
2024-03-05,Reliance,1505.7750244140625,1507.4000244140625,1486.050048828125,1500.199951171875,1482.32421875,7107668
2024-03-06,Reliance,1493.449951171875,1509.0,1478.5,1503.0,1485.0908203125,7805676
2024-03-07,Reliance,1502.9749755859375,1503.0999755859375,1475.550048828125,1478.925048828125,1461.3028564453125,8315726
2024-03-11,Reliance,1489.0,1489.0,1463.5,1466.5999755859375,1449.1246337890625,11277130
2024-03-12,Reliance,1466.5999755859375,1488.0,1465.0250244140625,1475.425048828125,1457.8446044921875,9432678
2024-03-13,Reliance,1479.7750244140625,1483.0999755859375,1427.7750244140625,1432.175048828125,1415.10986328125,13522134
2024-03-14,Reliance,1439.699951171875,1448.5250244140625,1425.5,1431.4749755859375,1414.4180908203125,18571102
2024-03-15,Reliance,1425.949951171875,1433.2249755859375,1412.9000244140625,1418.2249755859375,1401.3260498046875,19223818
2024-03-18,Reliance,1420.0,1441.7249755859375,1416.5250244140625,1439.4749755859375,1422.3228759765625,9169392
2024-03-19,Reliance,1428.75,1437.5999755859375,1417.25,1425.25,1408.267333984375,8275764
2024-03-20,Reliance,1427.949951171875,1445.0,1424.0250244140625,1443.75,1426.546875,8488806
2024-03-21,Reliance,1452.5250244140625,1457.9000244140625,1444.675048828125,1450.9749755859375,1433.685791015625,13006936
2024-03-22,Reliance,1449.9749755859375,1460.0,1447.3499755859375,1455.0250244140625,1437.6876220703125,19527608
2024-03-26,Reliance,1445.0,1452.4000244140625,1439.0,1441.574951171875,1424.3978271484375,11415906
2024-03-27,Reliance,1448.0,1500.0,1447.0,1492.8499755859375,1475.061767578125,16326644
2024-03-28,Reliance,1492.875,1505.949951171875,1478.6500244140625,1485.8499755859375,1468.1451416015625,21854364
2024-04-01,Reliance,1492.4749755859375,1493.9749755859375,1482.5,1484.7750244140625,1467.0830078125,5013880
2024-04-02,Reliance,1484.0,1494.0,1475.0,1486.949951171875,1469.2320556640625,8910166
2024-04-03,Reliance,1482.074951171875,1484.449951171875,1468.9000244140625,1471.5999755859375,1454.0650634765625,7008292
2024-04-04,Reliance,1479.75,1479.75,1450.0,1462.925048828125,1445.493408203125,14490272
2024-04-05,Reliance,1460.875,1470.800048828125,1456.0,1460.0999755859375,1442.7020263671875,7442298
2024-04-08,Reliance,1462.9749755859375,1490.9749755859375,1461.0,1485.9749755859375,1468.2686767578125,8357118
2024-04-09,Reliance,1489.0,1489.800048828125,1462.5,1463.6500244140625,1446.2098388671875,7071414
2024-04-10,Reliance,1466.3499755859375,1487.0,1466.3499755859375,1479.574951171875,1461.945068359375,9138330
2024-04-12,Reliance,1475.875,1486.4749755859375,1463.074951171875,1467.1500244140625,1449.6680908203125,15551012
2024-04-15,Reliance,1461.0,1482.125,1446.324951171875,1464.824951171875,1447.3707275390625,12902062
2024-04-16,Reliance,1453.3499755859375,1471.175048828125,1450.925048828125,1465.75,1448.2847900390625,9366184
2024-04-18,Reliance,1463.5,1486.0,1459.3499755859375,1464.324951171875,1446.876708984375,19005692
2024-04-19,Reliance,1456.7750244140625,1474.0,1443.0250244140625,1470.125,1452.607666015625,15741778
2024-04-22,Reliance,1472.449951171875,1482.824951171875,1467.800048828125,1479.8499755859375,1462.2166748046875,10350362
2024-04-23,Reliance,1479.0,1493.5,1455.550048828125,1459.324951171875,1441.936279296875,14605554
2024-04-24,Reliance,1463.5,1468.550048828125,1449.5,1450.175048828125,1432.8953857421875,10462776
2024-04-25,Reliance,1442.5,1467.9749755859375,1441.5,1459.9749755859375,1442.5784912109375,15943926
2024-04-26,Reliance,1463.949951171875,1465.0,1450.0,1452.550048828125,1435.2420654296875,9413848
2024-04-29,Reliance,1450.0,1467.9000244140625,1450.0,1465.0250244140625,1447.5684814453125,7247974
2024-04-30,Reliance,1468.0,1483.074951171875,1462.875,1467.0,1449.5198974609375,11474262
2024-05-02,Reliance,1472.0,1477.324951171875,1464.125,1466.550048828125,1449.0753173828125,14512646
2024-05-03,Reliance,1471.0,1474.949951171875,1416.1500244140625,1434.0,1416.9130859375,17226958
2024-05-06,Reliance,1435.5,1440.0,1418.0,1419.5250244140625,1402.610595703125,7394208
2024-05-07,Reliance,1415.9749755859375,1420.75,1392.0,1401.4749755859375,1384.775634765625,14517472
2024-05-08,Reliance,1397.5,1432.949951171875,1397.5,1418.550048828125,1401.6470947265625,9439002
2024-05-09,Reliance,1413.0,1423.75,1390.0,1394.125,1377.51318359375,11009612
2024-05-10,Reliance,1396.75,1410.0,1388.074951171875,1407.425048828125,1390.65478515625,10505096
2024-05-13,Reliance,1399.9000244140625,1406.9749755859375,1384.0,1402.699951171875,1385.986083984375,8456620
2024-05-14,Reliance,1400.9749755859375,1427.074951171875,1400.0250244140625,1420.074951171875,1403.1539306640625,7188300
2024-05-15,Reliance,1420.5,1429.9749755859375,1413.0250244140625,1416.2750244140625,1399.3994140625,5046534
2024-05-16,Reliance,1418.550048828125,1427.5,1398.0250244140625,1425.3499755859375,1408.3660888671875,14711774
2024-05-17,Reliance,1423.050048828125,1437.199951171875,1413.25,1435.699951171875,1418.5927734375,10916476
2024-05-21,Reliance,1425.5999755859375,1441.824951171875,1425.5999755859375,1436.125,1419.0126953125,11176128
2024-05-22,Reliance,1436.2750244140625,1468.7750244140625,1436.2750244140625,1460.6500244140625,1443.2454833984375,10281604
2024-05-23,Reliance,1458.550048828125,1492.2249755859375,1455.0,1486.050048828125,1468.343017578125,14608260
2024-05-24,Reliance,1483.625,1488.5,1476.0999755859375,1480.25,1462.6119384765625,7094776
2024-05-27,Reliance,1480.2249755859375,1484.9000244140625,1461.550048828125,1466.25,1448.77880859375,6629010
2024-05-28,Reliance,1468.0,1478.5,1452.75,1456.199951171875,1438.8486328125,7820162
2024-05-29,Reliance,1446.5,1458.0,1438.449951171875,1440.7750244140625,1423.607421875,7383556
2024-05-30,Reliance,1435.5,1440.4000244140625,1420.0999755859375,1424.8499755859375,1407.8720703125,13206858
2024-05-31,Reliance,1431.300048828125,1442.25,1422.25,1430.4000244140625,1413.35595703125,31069832
2024-06-03,Reliance,1483.0,1514.5,1459.0,1510.324951171875,1492.32861328125,21527942
2024-06-04,Reliance,1498.050048828125,1498.050048828125,1359.300048828125,1397.2750244140625,1380.625732421875,36709098
2024-06-05,Reliance,1422.0,1431.1500244140625,1384.0999755859375,1420.75,1403.821044921875,17464890
2024-06-06,Reliance,1435.0,1443.699951171875,1421.3499755859375,1431.5999755859375,1414.5416259765625,17855722
2024-06-07,Reliance,1428.5,1472.0,1426.5,1469.949951171875,1452.4345703125,18558696
2024-06-10,Reliance,1469.949951171875,1493.3499755859375,1468.074951171875,1471.4000244140625,1453.867431640625,9251760
2024-06-11,Reliance,1469.0,1473.675048828125,1454.675048828125,1456.675048828125,1439.3179931640625,11774902
2024-06-12,Reliance,1457.5,1476.0,1455.175048828125,1463.324951171875,1445.8885498046875,10081742
2024-06-13,Reliance,1472.0,1472.25,1460.0999755859375,1465.25,1447.790771484375,9181160
2024-06-14,Reliance,1470.0,1479.675048828125,1457.2249755859375,1477.550048828125,1459.9442138671875,8157998
2024-06-18,Reliance,1487.3499755859375,1487.4000244140625,1471.3499755859375,1481.0250244140625,1463.3778076171875,7196766
2024-06-19,Reliance,1487.5,1487.5,1456.0,1458.6500244140625,1441.26953125,8725874
2024-06-20,Reliance,1459.0,1482.8499755859375,1450.0999755859375,1473.699951171875,1456.139892578125,16113776
2024-06-21,Reliance,1473.625,1474.699951171875,1440.574951171875,1454.199951171875,1436.8724365234375,31170360
2024-06-24,Reliance,1445.5250244140625,1449.5,1437.5,1441.4749755859375,1424.298828125,8878386
2024-06-25,Reliance,1443.0,1455.925048828125,1441.0,1454.1500244140625,1436.822998046875,7045386
2024-06-26,Reliance,1446.050048828125,1518.9749755859375,1445.125,1514.0250244140625,1495.9844970703125,22014882
2024-06-27,Reliance,1513.75,1537.5,1506.0,1530.550048828125,1512.312744140625,28383030
2024-06-28,Reliance,1531.0250244140625,1581.0,1531.0250244140625,1565.4000244140625,1546.7474365234375,28957336
2024-07-01,Reliance,1562.5250244140625,1579.4000244140625,1555.675048828125,1560.1500244140625,1541.5599365234375,7724306
2024-07-02,Reliance,1569.5,1573.5,1557.0,1565.175048828125,1546.5250244140625,7749246
2024-07-03,Reliance,1566.324951171875,1575.0,1542.7750244140625,1552.425048828125,1533.927001953125,9049620
2024-07-04,Reliance,1557.0,1567.5,1550.800048828125,1554.0250244140625,1535.5079345703125,6837176
2024-07-05,Reliance,1553.824951171875,1598.5,1548.0,1588.625,1569.6956787109375,12269710
2024-07-08,Reliance,1589.0,1608.800048828125,1582.5250244140625,1600.9000244140625,1581.824462890625,9500806
2024-07-09,Reliance,1597.5999755859375,1600.5,1580.5,1590.2750244140625,1571.3260498046875,6960002
2024-07-10,Reliance,1595.0,1597.5,1563.1500244140625,1584.2249755859375,1565.3480224609375,7134578
2024-07-11,Reliance,1587.5,1604.25,1570.5,1580.6500244140625,1561.815673828125,11940946
2024-07-12,Reliance,1584.5,1605.1500244140625,1574.5,1596.7249755859375,1577.6990966796875,12924784
2024-07-15,Reliance,1604.449951171875,1605.8499755859375,1585.5,1597.2249755859375,1578.1932373046875,5329688
2024-07-16,Reliance,1593.5,1600.0,1569.125,1576.25,1557.468017578125,9386838
2024-07-18,Reliance,1576.0,1593.9000244140625,1557.824951171875,1586.675048828125,1567.76904296875,12298374
2024-07-19,Reliance,1586.0,1589.9749755859375,1552.800048828125,1555.1500244140625,1536.61962890625,13140390
2024-07-22,Reliance,1537.25,1537.5,1499.2750244140625,1500.675048828125,1482.7935791015625,19674376
2024-07-23,Reliance,1501.0,1505.75,1463.0,1487.9000244140625,1470.1707763671875,18052044
2024-07-24,Reliance,1485.0,1509.5,1476.4000244140625,1495.699951171875,1477.8778076171875,11913362
2024-07-25,Reliance,1481.0,1500.4749755859375,1477.074951171875,1492.4000244140625,1474.6171875,12519876
2024-07-26,Reliance,1492.4000244140625,1512.425048828125,1490.3499755859375,1509.0250244140625,1491.044189453125,9859940
2024-07-29,Reliance,1511.949951171875,1527.5,1511.7750244140625,1520.0999755859375,1501.987060546875,7538550
2024-07-30,Reliance,1517.0250244140625,1525.0,1510.0,1513.1500244140625,1495.1199951171875,8228208
2024-07-31,Reliance,1504.0,1510.449951171875,1501.1500244140625,1505.425048828125,1487.487060546875,10057346
2024-08-01,Reliance,1512.0,1518.0,1504.300048828125,1515.300048828125,1497.244384765625,10764222
2024-08-02,Reliance,1505.0,1509.324951171875,1493.2750244140625,1499.324951171875,1481.4595947265625,10268248
2024-08-05,Reliance,1480.0,1483.9000244140625,1433.25,1447.324951171875,1430.079345703125,17046704
2024-08-06,Reliance,1455.1500244140625,1477.5,1451.324951171875,1456.050048828125,1438.7003173828125,10236186
2024-08-07,Reliance,1469.0,1472.5,1461.5,1464.824951171875,1447.3707275390625,8174568
2024-08-08,Reliance,1457.5250244140625,1465.0,1445.925048828125,1449.125,1431.8577880859375,12387192
2024-08-09,Reliance,1460.0,1476.5,1456.0,1474.300048828125,1456.7330322265625,6249776
2024-08-12,Reliance,1470.0,1473.0,1457.75,1460.625,1443.220703125,8184584
2024-08-13,Reliance,1460.75,1470.074951171875,1458.0,1463.625,1446.1851806640625,6265064
2024-08-14,Reliance,1463.550048828125,1472.0,1453.699951171875,1461.8499755859375,1444.43115234375,6267466
2024-08-16,Reliance,1468.6500244140625,1480.4000244140625,1458.050048828125,1478.199951171875,1460.58642578125,9416902
2024-08-19,Reliance,1482.5,1498.300048828125,1480.5,1488.4000244140625,1475.65625,13797742
2024-08-20,Reliance,1497.2249755859375,1503.925048828125,1490.0250244140625,1495.949951171875,1483.1416015625,8411808
2024-08-21,Reliance,1493.25,1507.875,1490.0,1498.675048828125,1485.8433837890625,7769996
2024-08-22,Reliance,1503.0,1506.5,1490.6500244140625,1498.125,1485.2979736328125,10445782
2024-08-23,Reliance,1503.75,1511.324951171875,1498.425048828125,1499.9749755859375,1487.1322021484375,9249654
2024-08-26,Reliance,1506.9749755859375,1523.0,1503.0,1512.5999755859375,1499.649169921875,8816114
2024-08-27,Reliance,1510.5,1513.4749755859375,1499.449951171875,1500.449951171875,1487.6031494140625,6251156
2024-08-28,Reliance,1505.0,1507.4749755859375,1493.0,1498.300048828125,1485.4716796875,9610286
2024-08-29,Reliance,1503.0999755859375,1537.0,1494.0,1520.925048828125,1507.90283203125,38335358
2024-08-30,Reliance,1534.0,1539.7249755859375,1503.324951171875,1509.625,1496.6995849609375,41620730
2024-09-02,Reliance,1510.875,1526.800048828125,1506.625,1516.25,1503.2679443359375,11240852
2024-09-03,Reliance,1521.25,1523.0,1507.5,1509.125,1496.203857421875,10923800
2024-09-04,Reliance,1500.699951171875,1517.5,1499.5,1514.550048828125,1501.5823974609375,11983304
2024-09-05,Reliance,1519.050048828125,1525.7750244140625,1487.050048828125,1492.9749755859375,1480.192138671875,16264168
2024-09-06,Reliance,1492.5,1497.0,1461.625,1464.824951171875,1452.2830810546875,19394228
2024-09-09,Reliance,1466.5,1469.925048828125,1455.5999755859375,1462.449951171875,1449.928466796875,9010298
2024-09-10,Reliance,1460.5,1472.050048828125,1457.574951171875,1461.5250244140625,1449.011474609375,10768260
2024-09-11,Reliance,1463.050048828125,1468.75,1447.550048828125,1451.5,1439.072265625,9760202
2024-09-12,Reliance,1457.0,1486.0,1445.875,1479.800048828125,1467.1298828125,22349376
2024-09-13,Reliance,1476.4000244140625,1483.1500244140625,1469.5,1472.625,1460.016357421875,8711328
2024-09-16,Reliance,1477.550048828125,1480.9000244140625,1464.75,1471.3499755859375,1458.7523193359375,5481774
2024-09-17,Reliance,1474.0,1477.4749755859375,1466.625,1472.300048828125,1459.6942138671875,5935328
2024-09-18,Reliance,1470.0,1482.0,1460.550048828125,1463.449951171875,1450.9197998046875,8574714
2024-09-19,Reliance,1466.25,1476.5,1455.550048828125,1469.675048828125,1457.0916748046875,16955902
2024-09-20,Reliance,1474.0,1495.0,1471.375,1485.925048828125,1473.2025146484375,30897320
2024-09-23,Reliance,1491.0,1501.5,1488.949951171875,1493.375,1480.5887451171875,8832314
2024-09-24,Reliance,1488.5,1500.5,1487.875,1489.375,1476.6229248046875,17137444
2024-09-25,Reliance,1483.9000244140625,1496.5,1480.199951171875,1493.949951171875,1481.15869140625,7069002
2024-09-26,Reliance,1490.6500244140625,1504.0,1488.050048828125,1497.949951171875,1485.12451171875,18818998
2024-09-27,Reliance,1499.0,1533.4749755859375,1492.0,1526.175048828125,1513.10791015625,20597478
2024-09-30,Reliance,1519.4000244140625,1524.9749755859375,1474.4000244140625,1476.574951171875,1463.9324951171875,27008814
2024-10-01,Reliance,1480.6500244140625,1487.949951171875,1462.824951171875,1464.824951171875,1452.2830810546875,16431642
2024-10-03,Reliance,1436.574951171875,1449.4000244140625,1402.074951171875,1406.9749755859375,1394.928466796875,37757294
2024-10-04,Reliance,1403.925048828125,1417.3499755859375,1381.7750244140625,1386.5250244140625,1374.653564453125,37072876
2024-10-07,Reliance,1393.5,1396.5,1361.375,1370.7249755859375,1358.98876953125,22181340
2024-10-08,Reliance,1372.9749755859375,1401.0,1365.0999755859375,1397.3499755859375,1385.3857421875,17020808
2024-10-09,Reliance,1397.5250244140625,1400.9749755859375,1372.5,1374.5999755859375,1362.8306884765625,14310610
2024-10-10,Reliance,1380.0250244140625,1386.0,1369.425048828125,1371.050048828125,1359.31103515625,22358646
2024-10-11,Reliance,1370.0,1383.2750244140625,1368.824951171875,1372.0999755859375,1360.35205078125,7980122
2024-10-14,Reliance,1379.449951171875,1380.074951171875,1368.25,1372.5250244140625,1360.7734375,12221432
2024-10-15,Reliance,1358.5250244140625,1371.699951171875,1340.699951171875,1344.0250244140625,1332.5174560546875,33762794
2024-10-16,Reliance,1340.0,1364.0,1337.625,1354.074951171875,1342.4814453125,20034438
2024-10-17,Reliance,1365.699951171875,1368.449951171875,1352.050048828125,1356.425048828125,1344.811279296875,15543660
2024-10-18,Reliance,1352.175048828125,1368.425048828125,1341.324951171875,1359.300048828125,1347.66162109375,12082452
2024-10-21,Reliance,1367.125,1374.0,1357.7249755859375,1369.199951171875,1357.4769287109375,14067408
2024-10-22,Reliance,1369.199951171875,1376.0,1340.2249755859375,1343.3499755859375,1331.84814453125,15831960
2024-10-23,Reliance,1337.5,1357.4749755859375,1335.0,1338.5250244140625,1327.064453125,17214742
2024-10-24,Reliance,1335.2750244140625,1343.699951171875,1323.125,1339.800048828125,1328.3287353515625,22155934
2024-10-25,Reliance,1343.5,1344.3499755859375,1322.0,1327.8499755859375,1316.4808349609375,18597496
2024-10-28,Reliance,1337.0,1353.0,1322.0999755859375,1334.3499755859375,1322.9251708984375,10824350
2024-10-29,Reliance,1328.0999755859375,1343.199951171875,1320.300048828125,1340.0,1328.52685546875,12008361
2024-10-30,Reliance,1335.0,1350.0,1325.3499755859375,1343.9000244140625,1332.3935546875,11984423
2024-10-31,Reliance,1340.0,1343.0,1326.1500244140625,1332.050048828125,1320.64501953125,9331650
2024-11-01,Reliance,1333.050048828125,1341.949951171875,1333.0,1338.6500244140625,1327.1884765625,2127335
2024-11-04,Reliance,1337.8499755859375,1340.0,1285.0999755859375,1302.1500244140625,1291.0009765625,19796890
2024-11-05,Reliance,1293.0,1309.550048828125,1286.1500244140625,1305.300048828125,1294.1240234375,16267479
2024-11-06,Reliance,1310.0,1328.300048828125,1300.199951171875,1325.3499755859375,1314.0023193359375,21625209
2024-11-07,Reliance,1324.0,1324.0,1302.5999755859375,1305.6500244140625,1294.4710693359375,9611974
2024-11-08,Reliance,1297.6500244140625,1301.6500244140625,1275.0,1283.75,1272.7584228515625,19814406
2024-11-11,Reliance,1278.949951171875,1286.0,1267.0,1272.699951171875,1261.802978515625,9056552
2024-11-12,Reliance,1275.550048828125,1289.300048828125,1267.5,1274.25,1263.33984375,10671091
2024-11-13,Reliance,1270.25,1275.449951171875,1249.5,1252.050048828125,1241.3299560546875,14633633
2024-11-14,Reliance,1253.5999755859375,1272.5999755859375,1251.0999755859375,1267.5999755859375,1256.746826171875,12612633
2024-11-18,Reliance,1267.5999755859375,1272.9000244140625,1243.9000244140625,1260.75,1249.9554443359375,13620611
2024-11-19,Reliance,1260.75,1281.5,1235.1500244140625,1241.6500244140625,1231.0189208984375,14183746
2024-11-21,Reliance,1241.6500244140625,1243.949951171875,1217.25,1223.0,1212.5286865234375,19433843
2024-11-22,Reliance,1229.4000244140625,1268.8499755859375,1222.449951171875,1265.4000244140625,1254.5655517578125,20471957
2024-11-25,Reliance,1290.0,1304.449951171875,1282.449951171875,1287.0,1275.9805908203125,28923341
2024-11-26,Reliance,1294.949951171875,1297.8499755859375,1284.199951171875,1295.699951171875,1284.606201171875,9247557
2024-11-27,Reliance,1293.5,1303.8499755859375,1286.0,1293.199951171875,1282.1275634765625,9572746
2024-11-28,Reliance,1289.949951171875,1296.5999755859375,1269.050048828125,1270.800048828125,1259.91943359375,15027412
2024-11-29,Reliance,1280.0,1299.5,1275.25,1292.199951171875,1281.1361083984375,13202307
2024-12-02,Reliance,1288.0,1311.3499755859375,1277.050048828125,1309.1500244140625,1297.941162109375,11024152
2024-12-03,Reliance,1317.0,1326.800048828125,1307.0,1323.300048828125,1311.9698486328125,16869482
2024-12-04,Reliance,1326.0,1328.4000244140625,1304.050048828125,1308.949951171875,1297.74267578125,19608540
2024-12-05,Reliance,1314.3499755859375,1329.949951171875,1306.1500244140625,1322.050048828125,1310.7305908203125,16858723
2024-12-06,Reliance,1323.9000244140625,1323.9000244140625,1310.0,1311.550048828125,1300.3204345703125,9037514
2024-12-09,Reliance,1303.0,1315.0,1293.0999755859375,1295.1500244140625,1284.0609130859375,14650002
2024-12-10,Reliance,1289.25,1294.9000244140625,1280.199951171875,1284.8499755859375,1273.8489990234375,16043729
2024-12-11,Reliance,1285.0,1290.0,1276.050048828125,1278.199951171875,1267.2559814453125,11724373
2024-12-12,Reliance,1270.0,1278.199951171875,1260.5999755859375,1262.9000244140625,1252.0870361328125,20906813
2024-12-13,Reliance,1260.0,1275.199951171875,1239.5999755859375,1272.8499755859375,1261.951904296875,28630222
2024-12-16,Reliance,1275.0,1281.0,1266.550048828125,1268.300048828125,1257.44091796875,9486781
2024-12-17,Reliance,1261.050048828125,1263.9000244140625,1242.800048828125,1245.300048828125,1234.6376953125,17462791
2024-12-18,Reliance,1240.6500244140625,1259.949951171875,1240.6500244140625,1253.25,1242.5196533203125,12670179
2024-12-19,Reliance,1239.0,1244.9000244140625,1229.0,1230.449951171875,1219.914794921875,14244653
2024-12-20,Reliance,1224.0,1239.5,1201.5,1205.300048828125,1194.980224609375,20312896
2024-12-23,Reliance,1215.0,1227.199951171875,1213.199951171875,1222.300048828125,1211.834716796875,10052824
2024-12-24,Reliance,1222.300048828125,1233.550048828125,1221.0,1222.75,1212.28076171875,6734917
2024-12-26,Reliance,1224.25,1227.699951171875,1214.25,1216.550048828125,1206.1339111328125,10016178
2024-12-27,Reliance,1218.300048828125,1227.9000244140625,1217.0,1221.050048828125,1210.595458984375,7000397
2024-12-30,Reliance,1216.4000244140625,1223.199951171875,1208.0999755859375,1210.699951171875,1200.333984375,8818766
2024-12-31,Reliance,1208.0,1219.0999755859375,1206.1500244140625,1215.449951171875,1205.043212890625,6405475
2025-01-01,Reliance,1214.8499755859375,1226.300048828125,1211.5999755859375,1221.25,1210.7935791015625,5892590
2025-01-02,Reliance,1221.25,1244.449951171875,1220.0,1241.800048828125,1231.167724609375,15486276
2025-01-03,Reliance,1243.9000244140625,1262.050048828125,1235.5,1251.1500244140625,1240.437744140625,15521102
2025-01-06,Reliance,1253.949951171875,1262.0,1215.0,1218.0,1207.5714111328125,14816766
2025-01-07,Reliance,1222.0,1244.5,1221.25,1240.8499755859375,1230.2257080078125,10070505
2025-01-08,Reliance,1249.0,1271.050048828125,1245.3499755859375,1265.5,1254.664794921875,19346579
2025-01-09,Reliance,1267.0,1269.75,1248.050048828125,1254.75,1244.0067138671875,12794704
2025-01-10,Reliance,1253.8499755859375,1256.75,1236.0,1241.9000244140625,1231.266845703125,8120332
2025-01-13,Reliance,1230.0,1245.25,1226.4000244140625,1239.8499755859375,1229.234375,13764861
2025-01-14,Reliance,1244.0999755859375,1253.3499755859375,1227.25,1238.75,1228.143798828125,13095266
2025-01-15,Reliance,1244.949951171875,1257.0,1241.8499755859375,1252.199951171875,1241.478515625,9578856
2025-01-16,Reliance,1258.9000244140625,1275.0,1251.300048828125,1266.449951171875,1255.6065673828125,14117603
2025-01-17,Reliance,1322.25,1326.0,1285.0,1302.3499755859375,1291.19921875,29366277
2025-01-20,Reliance,1316.0,1316.0,1300.25,1305.449951171875,1294.272705078125,14040244
2025-01-21,Reliance,1310.5,1313.0,1270.199951171875,1273.699951171875,1262.7945556640625,14562976
2025-01-22,Reliance,1278.300048828125,1282.9000244140625,1268.699951171875,1277.0999755859375,1266.1654052734375,10273590
2025-01-23,Reliance,1270.0,1277.3499755859375,1261.5999755859375,1263.6500244140625,1252.83056640625,8720682
2025-01-24,Reliance,1266.0,1273.0,1243.5,1246.300048828125,1235.6292724609375,14235970
2025-01-27,Reliance,1239.0999755859375,1240.449951171875,1220.0,1229.3499755859375,1218.82421875,9536019
2025-01-28,Reliance,1238.0,1244.75,1218.5,1234.4000244140625,1223.8311767578125,10568025
2025-01-29,Reliance,1236.0,1242.75,1228.050048828125,1235.5,1224.921630859375,5928156
2025-01-30,Reliance,1235.550048828125,1257.0,1232.4000244140625,1253.050048828125,1242.3214111328125,9269259
2025-01-31,Reliance,1255.8499755859375,1267.0,1249.0,1265.0999755859375,1254.2681884765625,6584612
2025-02-01,Reliance,1265.0999755859375,1270.550048828125,1241.0,1264.5999755859375,1253.7724609375,7118453
2025-02-03,Reliance,1251.0,1256.0,1237.550048828125,1245.9000244140625,1235.232666015625,9252345
2025-02-04,Reliance,1248.050048828125,1288.800048828125,1246.5999755859375,1285.199951171875,1274.196044921875,16691069
2025-02-05,Reliance,1282.6500244140625,1290.5,1276.699951171875,1278.199951171875,1267.2559814453125,10112028
2025-02-06,Reliance,1273.699951171875,1288.0,1270.3499755859375,1281.550048828125,1270.577392578125,9956001
2025-02-07,Reliance,1276.1500244140625,1283.699951171875,1262.0,1266.699951171875,1255.8544921875,8764283
2025-02-10,Reliance,1264.5,1266.5,1245.550048828125,1253.6500244140625,1242.916259765625,6970972
2025-02-11,Reliance,1264.550048828125,1264.550048828125,1230.0999755859375,1234.8499755859375,1224.2772216796875,8859714
2025-02-12,Reliance,1219.449951171875,1226.9000244140625,1193.3499755859375,1216.550048828125,1206.1339111328125,21131654
2025-02-13,Reliance,1217.050048828125,1228.0,1212.0,1216.0999755859375,1205.687744140625,8511216
2025-02-14,Reliance,1219.0,1224.0,1205.449951171875,1217.25,1206.827880859375,10298145
2025-02-17,Reliance,1211.0999755859375,1227.5,1204.5,1224.9000244140625,1214.412353515625,8166683
2025-02-18,Reliance,1224.8499755859375,1229.9000244140625,1216.0999755859375,1225.4000244140625,1214.908203125,6673250
2025-02-19,Reliance,1219.5,1232.75,1217.550048828125,1227.449951171875,1216.9405517578125,6217338
2025-02-20,Reliance,1223.949951171875,1239.3499755859375,1222.0,1233.0,1222.4429931640625,7795582
2025-02-21,Reliance,1228.699951171875,1240.0,1222.1500244140625,1228.1500244140625,1217.634521484375,6904025
2025-02-24,Reliance,1216.550048828125,1223.25,1210.5,1214.550048828125,1204.1510009765625,7172498
2025-02-25,Reliance,1211.0,1221.0,1201.5,1204.0,1193.6912841796875,11552182
2025-02-27,Reliance,1212.800048828125,1215.0,1200.6500244140625,1207.0999755859375,1196.7647705078125,11509215
2025-02-28,Reliance,1202.0,1217.3499755859375,1193.300048828125,1200.0999755859375,1189.82470703125,23007298
2025-03-03,Reliance,1204.0,1206.449951171875,1156.0,1171.25,1161.2216796875,17944938
2025-03-04,Reliance,1162.199951171875,1174.0,1159.550048828125,1161.9000244140625,1151.9517822265625,11377373
2025-03-05,Reliance,1161.0,1183.0,1157.0,1175.5999755859375,1165.5345458984375,8664095
2025-03-06,Reliance,1197.0,1213.949951171875,1185.1500244140625,1209.5999755859375,1199.243408203125,14468014
2025-03-07,Reliance,1216.0,1254.800048828125,1212.0,1249.800048828125,1239.0992431640625,16474965
2025-03-10,Reliance,1245.0,1258.0,1235.4000244140625,1238.4000244140625,1227.7967529296875,11931051
2025-03-11,Reliance,1240.0,1249.5,1229.75,1247.300048828125,1236.62060546875,10089838
2025-03-12,Reliance,1258.0,1263.0,1244.0,1257.050048828125,1246.287109375,11977555
2025-03-13,Reliance,1260.050048828125,1264.1500244140625,1243.8499755859375,1247.9000244140625,1237.215576171875,9505270
2025-03-17,Reliance,1242.1500244140625,1257.4000244140625,1233.0999755859375,1238.8499755859375,1228.2427978515625,16640917
2025-03-18,Reliance,1238.8499755859375,1238.8499755859375,1238.8499755859375,1238.8499755859375,1228.2427978515625,0
2025-03-19,Reliance,1241.050048828125,1253.25,1238.800048828125,1247.1500244140625,1236.471923828125,16162399
2025-03-20,Reliance,1251.8499755859375,1273.0,1250.050048828125,1269.1500244140625,1258.2835693359375,15971477
2025-03-21,Reliance,1275.0,1281.0,1270.0999755859375,1276.3499755859375,1265.4217529296875,21780769
2025-03-24,Reliance,1291.0,1306.0,1284.25,1302.0999755859375,1290.9512939453125,20299319
2025-03-25,Reliance,1307.699951171875,1307.699951171875,1282.5999755859375,1285.449951171875,1274.4439697265625,13713899
2025-03-26,Reliance,1291.0,1293.800048828125,1268.75,1273.050048828125,1262.150146484375,12074747
2025-03-27,Reliance,1278.1500244140625,1285.0,1271.300048828125,1278.199951171875,1267.2559814453125,15028056
2025-03-28,Reliance,1280.0,1295.75,1269.0,1275.0999755859375,1264.1824951171875,18147129
2025-04-01,Reliance,1264.5999755859375,1277.9000244140625,1249.300048828125,1252.5999755859375,1241.8751220703125,12099648
2025-04-02,Reliance,1247.550048828125,1255.550048828125,1243.9000244140625,1251.1500244140625,1240.437744140625,10142590
2025-04-03,Reliance,1233.050048828125,1251.800048828125,1233.050048828125,1248.699951171875,1238.0086669921875,7434366
2025-04-04,Reliance,1241.0999755859375,1245.449951171875,1193.1500244140625,1204.699951171875,1194.38525390625,17908652
2025-04-07,Reliance,1132.199951171875,1171.25,1114.8499755859375,1165.699951171875,1155.7191162109375,22156106
2025-04-08,Reliance,1172.0,1196.5999755859375,1163.300048828125,1182.199951171875,1172.0780029296875,19555040
2025-04-09,Reliance,1169.5,1189.800048828125,1168.0,1185.3499755859375,1175.2010498046875,10223104
2025-04-11,Reliance,1195.1500244140625,1222.6500244140625,1195.1500244140625,1218.949951171875,1208.5133056640625,11224242
2025-04-15,Reliance,1251.0,1251.0,1237.0999755859375,1240.0999755859375,1229.4822998046875,13378535
2025-04-16,Reliance,1234.0999755859375,1240.9000244140625,1229.0,1239.300048828125,1228.689208984375,8248464
2025-04-17,Reliance,1240.199951171875,1280.199951171875,1227.5999755859375,1274.5,1263.5877685546875,15398401
2025-04-21,Reliance,1270.0,1300.9000244140625,1267.0,1295.5,1284.4078369140625,10429964
2025-04-22,Reliance,1300.0,1303.9000244140625,1286.300048828125,1291.199951171875,1280.144775390625,13051707
2025-04-23,Reliance,1297.0,1306.0,1285.4000244140625,1300.0,1288.869384765625,10480888
2025-04-24,Reliance,1292.4000244140625,1304.5,1290.300048828125,1301.5999755859375,1290.4556884765625,10468940
2025-04-25,Reliance,1303.5,1325.199951171875,1288.0999755859375,1300.4000244140625,1289.2659912109375,14431012
2025-04-28,Reliance,1340.0,1374.5999755859375,1320.199951171875,1368.800048828125,1357.0804443359375,31104496
2025-04-29,Reliance,1371.0,1410.9000244140625,1370.0,1399.699951171875,1387.7156982421875,32538970
2025-04-30,Reliance,1402.0,1412.4000244140625,1369.0,1405.0,1392.9703369140625,25480745
2025-05-02,Reliance,1414.0,1426.699951171875,1409.0999755859375,1419.800048828125,1407.6436767578125,13007841
2025-05-05,Reliance,1431.0,1439.5,1426.9000244140625,1431.300048828125,1419.0452880859375,12685649
2025-05-06,Reliance,1431.0,1432.0,1410.5999755859375,1420.9000244140625,1408.7342529296875,14084117
2025-05-07,Reliance,1420.9000244140625,1424.4000244140625,1402.699951171875,1406.0,1393.9617919921875,13440169
2025-05-08,Reliance,1404.0999755859375,1420.800048828125,1398.0,1407.0,1394.9532470703125,16106175
2025-05-09,Reliance,1385.5,1394.800048828125,1374.5,1377.199951171875,1365.4083251953125,13668904
2025-05-12,Reliance,1400.0,1439.0,1400.0,1436.5,1424.2005615234375,10674081
2025-05-13,Reliance,1433.5,1447.699951171875,1412.4000244140625,1415.699951171875,1403.57861328125,11407896
2025-05-14,Reliance,1420.0,1429.9000244140625,1415.5,1424.4000244140625,1412.204345703125,5570160
2025-05-15,Reliance,1425.0,1461.4000244140625,1412.699951171875,1454.199951171875,1441.7491455078125,20177211
2025-05-16,Reliance,1453.199951171875,1461.0,1447.300048828125,1456.4000244140625,1443.9302978515625,9036695
2025-05-19,Reliance,1452.0999755859375,1454.5999755859375,1438.199951171875,1440.800048828125,1428.4638671875,6195791
2025-05-20,Reliance,1438.199951171875,1445.0,1421.800048828125,1424.5999755859375,1412.4024658203125,11270560
2025-05-21,Reliance,1423.9000244140625,1436.199951171875,1418.0999755859375,1429.199951171875,1416.9630126953125,6136364
2025-05-22,Reliance,1421.199951171875,1423.800048828125,1396.9000244140625,1409.4000244140625,1397.332763671875,12134466
2025-05-23,Reliance,1406.5999755859375,1433.800048828125,1406.5999755859375,1426.800048828125,1414.5838623046875,6474883
2025-05-26,Reliance,1432.0,1441.0,1425.0999755859375,1434.800048828125,1422.5152587890625,4842944
2025-05-27,Reliance,1426.0999755859375,1437.0,1413.9000244140625,1422.0999755859375,1409.9239501953125,12640414
2025-05-28,Reliance,1420.0999755859375,1422.5999755859375,1410.699951171875,1412.9000244140625,1400.8028564453125,5944611
2025-05-29,Reliance,1412.0999755859375,1420.0,1408.5999755859375,1417.800048828125,1405.660888671875,13771917
2025-05-30,Reliance,1418.0,1430.5999755859375,1409.699951171875,1420.9000244140625,1408.7342529296875,13788484
2025-06-02,Reliance,1412.0999755859375,1417.5,1395.5999755859375,1413.699951171875,1401.5958251953125,8098668
2025-06-03,Reliance,1422.300048828125,1426.5,1403.4000244140625,1405.5,1393.466064453125,11252626
2025-06-04,Reliance,1414.699951171875,1425.699951171875,1406.0999755859375,1423.5,1411.3118896484375,8126827
2025-06-05,Reliance,1428.0,1454.699951171875,1423.5999755859375,1442.4000244140625,1430.0501708984375,13716817
2025-06-06,Reliance,1441.0,1451.5,1437.0,1443.5,1431.140625,8182161
2025-06-09,Reliance,1457.0,1457.5,1445.300048828125,1448.800048828125,1436.3953857421875,7885125
2025-06-10,Reliance,1450.0,1453.9000244140625,1436.0,1438.5,1426.1834716796875,7913181
2025-06-11,Reliance,1445.800048828125,1468.5999755859375,1443.0999755859375,1448.9000244140625,1436.4945068359375,8195700
2025-06-12,Reliance,1453.5,1457.0,1434.4000244140625,1441.5999755859375,1429.2569580078125,8828114
2025-06-13,Reliance,1424.0,1435.5,1414.300048828125,1427.9000244140625,1415.67431640625,9757276
2025-06-16,Reliance,1426.9000244140625,1442.4000244140625,1424.4000244140625,1437.800048828125,1425.489501953125,8458093
2025-06-17,Reliance,1448.0,1448.0,1425.800048828125,1431.199951171875,1418.9459228515625,10366599
2025-06-18,Reliance,1430.0,1442.800048828125,1425.699951171875,1430.0999755859375,1417.85546875,6681735
2025-06-19,Reliance,1430.0999755859375,1439.9000244140625,1425.699951171875,1433.300048828125,1421.028076171875,10007230
2025-06-20,Reliance,1431.0,1471.0,1428.0999755859375,1466.199951171875,1453.6463623046875,29010635
2025-06-23,Reliance,1453.0,1463.800048828125,1442.0,1456.800048828125,1444.326904296875,5989078
2025-06-24,Reliance,1465.0,1475.0,1443.0999755859375,1450.800048828125,1438.378173828125,16402744
2025-06-25,Reliance,1464.0,1472.4000244140625,1460.5,1467.300048828125,1454.737060546875,7525851
2025-06-26,Reliance,1469.0999755859375,1498.800048828125,1465.0999755859375,1495.300048828125,1482.4971923828125,14657893
2025-06-27,Reliance,1499.4000244140625,1522.0,1496.9000244140625,1515.4000244140625,1502.425048828125,11117052
2025-06-30,Reliance,1513.800048828125,1524.800048828125,1496.0,1500.5999755859375,1487.7518310546875,8409527
2025-07-01,Reliance,1500.5999755859375,1531.4000244140625,1500.0999755859375,1528.4000244140625,1515.3138427734375,10368523
2025-07-02,Reliance,1528.4000244140625,1530.0,1508.699951171875,1518.800048828125,1505.796142578125,6361002
2025-07-03,Reliance,1520.800048828125,1531.9000244140625,1513.0,1517.800048828125,1504.8045654296875,11283291
2025-07-04,Reliance,1524.0,1530.0,1517.199951171875,1527.300048828125,1514.223388671875,6603501
2025-07-07,Reliance,1526.5999755859375,1544.800048828125,1525.0,1541.5,1528.3016357421875,7251074
2025-07-08,Reliance,1536.0,1544.9000244140625,1530.199951171875,1537.5999755859375,1524.43505859375,7171261
2025-07-09,Reliance,1536.699951171875,1551.0,1510.0999755859375,1519.0,1505.9942626953125,8870660
2025-07-10,Reliance,1519.699951171875,1524.699951171875,1507.5,1517.199951171875,1504.209716796875,10047129
2025-07-11,Reliance,1512.0,1515.0,1490.300048828125,1495.199951171875,1482.3980712890625,7234991
2025-07-14,Reliance,1492.199951171875,1500.0,1479.0999755859375,1483.699951171875,1470.9964599609375,10311846
2025-07-15,Reliance,1486.199951171875,1496.5,1482.4000244140625,1485.4000244140625,1472.6820068359375,8132454
2025-07-16,Reliance,1473.0,1491.0,1471.5,1485.5999755859375,1472.8802490234375,10409983
2025-07-17,Reliance,1487.4000244140625,1489.5999755859375,1473.9000244140625,1476.4000244140625,1463.759033203125,11854613
2025-07-18,Reliance,1484.800048828125,1484.800048828125,1469.0999755859375,1476.0,1463.3624267578125,10296318
2025-07-21,Reliance,1465.0,1476.0,1423.0999755859375,1428.5999755859375,1416.3682861328125,22442744
2025-07-22,Reliance,1427.4000244140625,1431.9000244140625,1410.699951171875,1412.800048828125,1400.70361328125,20396320
2025-07-23,Reliance,1426.0,1426.0,1414.4000244140625,1424.5999755859375,1412.4024658203125,8354596
2025-07-24,Reliance,1419.199951171875,1423.0,1396.0,1402.9000244140625,1390.8883056640625,14740507
2025-07-25,Reliance,1398.9000244140625,1401.0,1384.0999755859375,1391.699951171875,1379.7841796875,11854722
2025-07-28,Reliance,1392.300048828125,1407.800048828125,1385.0,1387.5999755859375,1375.7193603515625,7748361
2025-07-29,Reliance,1383.0,1420.199951171875,1383.0,1417.0999755859375,1404.966796875,10750072
2025-07-30,Reliance,1418.0999755859375,1423.300048828125,1401.300048828125,1410.0999755859375,1398.0267333984375,7209849
2025-07-31,Reliance,1388.0999755859375,1402.5999755859375,1382.199951171875,1390.199951171875,1378.2969970703125,17065827
2025-08-01,Reliance,1386.9000244140625,1405.9000244140625,1384.300048828125,1393.699951171875,1381.76708984375,10321171
2025-08-04,Reliance,1395.0999755859375,1416.0999755859375,1391.699951171875,1411.5,1399.4146728515625,6312820
2025-08-05,Reliance,1411.0,1411.0,1388.0999755859375,1391.699951171875,1379.7841796875,9315972
2025-08-06,Reliance,1391.9000244140625,1395.9000244140625,1383.300048828125,1392.800048828125,1380.8748779296875,5834312
2025-08-07,Reliance,1387.699951171875,1393.699951171875,1366.0,1389.4000244140625,1377.50390625,9976705
2025-08-08,Reliance,1385.0,1397.199951171875,1365.0,1367.800048828125,1356.0888671875,8793606
2025-08-11,Reliance,1370.0,1388.0,1361.199951171875,1386.199951171875,1374.331298828125,9997486
2025-08-12,Reliance,1381.9000244140625,1401.9000244140625,1375.199951171875,1380.4000244140625,1368.5810546875,12244664
2025-08-13,Reliance,1388.0,1391.800048828125,1377.5,1382.5999755859375,1370.7620849609375,7457021
2025-08-14,Reliance,1377.300048828125,1380.699951171875,1370.0999755859375,1373.800048828125,1367.4774169921875,7126128
2025-08-18,Reliance,1390.0,1394.9000244140625,1377.0,1381.699951171875,1375.3409423828125,11785109
2025-08-19,Reliance,1390.0,1421.0,1389.0999755859375,1420.0999755859375,1413.564208984375,14384719
2025-08-20,Reliance,1413.0,1424.9000244140625,1410.0,1413.0,1406.4969482421875,8725641
2025-08-21,Reliance,1425.0,1431.9000244140625,1420.300048828125,1424.800048828125,1418.24267578125,11021323
2025-08-22,Reliance,1420.0,1423.4000244140625,1407.9000244140625,1409.199951171875,1402.71435546875,5818868
2025-08-25,Reliance,1414.699951171875,1419.5,1405.699951171875,1412.5999755859375,1406.0987548828125,5979407
2025-08-26,Reliance,1408.0,1410.0,1381.5999755859375,1384.9000244140625,1378.5262451171875,12145259
2025-08-28,Reliance,1389.9000244140625,1392.199951171875,1366.5,1385.9000244140625,1379.521728515625,13161813
2025-08-29,Reliance,1381.0999755859375,1403.5,1350.0,1357.199951171875,1350.9537353515625,18758842
2025-09-01,Reliance,1356.0,1363.199951171875,1340.5999755859375,1353.9000244140625,1347.6689453125,11232238
2025-09-02,Reliance,1354.800048828125,1384.5,1354.5,1366.5,1360.2109375,11517006
2025-09-03,Reliance,1369.699951171875,1376.5,1360.5,1372.5999755859375,1366.2828369140625,7847563
2025-09-04,Reliance,1371.800048828125,1374.0,1357.0999755859375,1359.300048828125,1353.0440673828125,13223177
2025-09-05,Reliance,1363.0,1381.0,1359.300048828125,1375.0,1368.671875,5777575
2025-09-08,Reliance,1380.0,1386.0,1372.4000244140625,1378.5,1372.15576171875,6986720
2025-09-09,Reliance,1376.5999755859375,1381.199951171875,1368.699951171875,1376.199951171875,1369.8662109375,9754452
2025-09-10,Reliance,1383.9000244140625,1388.5,1374.0999755859375,1377.0,1370.66259765625,7790815
2025-09-11,Reliance,1376.0,1385.5,1375.0,1383.300048828125,1376.9337158203125,9766072
2025-09-12,Reliance,1383.300048828125,1396.300048828125,1380.5,1395.0,1388.579833984375,7403368
2025-09-15,Reliance,1393.0,1400.800048828125,1388.5999755859375,1399.300048828125,1392.8599853515625,5396697
2025-09-16,Reliance,1404.699951171875,1408.0,1398.199951171875,1405.300048828125,1398.8323974609375,8686961
2025-09-17,Reliance,1407.0,1416.199951171875,1406.9000244140625,1413.800048828125,1407.2933349609375,7519417
2025-09-18,Reliance,1420.4000244140625,1422.0,1410.699951171875,1415.0,1408.4876708984375,9332642
2025-09-19,Reliance,1414.9000244140625,1417.0,1403.5999755859375,1407.4000244140625,1400.9227294921875,13461373
2025-09-22,Reliance,1403.9000244140625,1410.699951171875,1388.0,1390.5999755859375,1384.199951171875,7757970
2025-09-23,Reliance,1391.0,1395.0,1376.800048828125,1389.800048828125,1383.40380859375,14014702
2025-09-24,Reliance,1385.300048828125,1396.0,1380.4000244140625,1383.0,1376.635009765625,5922759
2025-09-25,Reliance,1381.300048828125,1384.5,1369.0,1372.4000244140625,1366.0838623046875,11411143
2025-09-26,Reliance,1372.0,1382.699951171875,1366.0,1377.5999755859375,1371.2598876953125,9879109
2025-09-29,Reliance,1381.5999755859375,1389.0,1368.0,1372.800048828125,1366.48193359375,14231999
2025-09-30,Reliance,1377.0999755859375,1377.0999755859375,1362.800048828125,1364.0,1357.722412109375,14604684
2025-10-01,Reliance,1367.0,1378.5999755859375,1362.699951171875,1368.699951171875,1362.4007568359375,12045916
2025-10-03,Reliance,1363.199951171875,1371.5999755859375,1356.9000244140625,1363.4000244140625,1357.125244140625,12842347
2025-10-06,Reliance,1360.0,1377.4000244140625,1359.0,1375.0,1368.671875,12396580
2025-10-07,Reliance,1376.0,1395.9000244140625,1375.9000244140625,1384.800048828125,1378.4267578125,11244040
2025-10-08,Reliance,1384.800048828125,1389.0,1364.5,1367.4000244140625,1361.1068115234375,8525081
2025-10-09,Reliance,1374.0,1380.0,1369.0999755859375,1377.800048828125,1371.458984375,8826633
2025-10-10,Reliance,1377.800048828125,1388.0,1375.0999755859375,1381.699951171875,1375.3409423828125,6373084
2025-10-13,Reliance,1376.9000244140625,1377.699951171875,1367.800048828125,1375.0,1368.671875,7600682
2025-10-14,Reliance,1380.0,1388.0,1370.0999755859375,1375.9000244140625,1369.5677490234375,9768174
2025-10-15,Reliance,1383.0,1384.0,1372.699951171875,1374.300048828125,1367.97509765625,10882743
2025-10-16,Reliance,1375.0999755859375,1400.5,1375.0,1398.300048828125,1391.8646240234375,12315932
2025-10-17,Reliance,1401.0,1423.300048828125,1399.0999755859375,1416.800048828125,1410.279541015625,19335561
2025-10-20,Reliance,1440.0,1473.800048828125,1433.300048828125,1466.800048828125,1460.04931640625,24721978
2025-10-21,Reliance,1468.0,1474.0,1460.0,1465.199951171875,1458.4566650390625,2066169
2025-10-23,Reliance,1475.0,1482.9000244140625,1444.5999755859375,1448.4000244140625,1441.7340087890625,18707090
2025-10-24,Reliance,1450.0,1459.800048828125,1441.0,1451.5999755859375,1444.9193115234375,9700837
2025-10-27,Reliance,1463.0,1485.0,1458.0,1484.0999755859375,1477.2696533203125,14113867
2025-10-28,Reliance,1484.0999755859375,1492.0,1477.5999755859375,1486.9000244140625,1480.056884765625,17631577
2025-10-29,Reliance,1490.0,1508.300048828125,1488.0999755859375,1504.199951171875,1497.277099609375,11884745
2025-10-30,Reliance,1500.0,1503.0999755859375,1484.0,1488.5,1481.6494140625,9318663
2025-10-31,Reliance,1490.4000244140625,1497.5,1482.300048828125,1486.4000244140625,1479.5592041015625,8758053
2025-11-03,Reliance,1486.0,1495.0,1479.300048828125,1484.699951171875,1477.866943359375,8452085
2025-11-04,Reliance,1483.9000244140625,1492.800048828125,1470.0999755859375,1473.0999755859375,1466.3203125,10007806
2025-11-06,Reliance,1484.0,1501.5999755859375,1476.199951171875,1496.0999755859375,1489.2144775390625,16772678
2025-11-07,Reliance,1494.5999755859375,1498.4000244140625,1475.9000244140625,1478.0,1471.19775390625,7821765
2025-11-10,Reliance,1477.9000244140625,1501.0,1475.5,1489.300048828125,1482.44580078125,7068438
2025-11-11,Reliance,1497.0,1498.800048828125,1480.199951171875,1493.4000244140625,1486.5269775390625,7127506
2025-11-12,Reliance,1505.0,1524.699951171875,1500.0,1511.5,1504.5435791015625,12384459
2025-11-13,Reliance,1515.0,1522.0999755859375,1506.800048828125,1510.9000244140625,1503.9464111328125,7196443
2025-11-14,Reliance,1505.5,1520.9000244140625,1505.5,1518.9000244140625,1511.9095458984375,7682823
2025-11-17,Reliance,1520.9000244140625,1523.699951171875,1511.5,1518.300048828125,1511.3123779296875,5871416
2025-11-18,Reliance,1521.699951171875,1527.800048828125,1510.5,1519.4000244140625,1512.4072265625,11045042
2025-11-19,Reliance,1517.4000244140625,1522.300048828125,1512.0,1518.9000244140625,1511.9095458984375,5692366
2025-11-20,Reliance,1530.0,1550.9000244140625,1526.699951171875,1549.0999755859375,1541.9705810546875,18171724
2025-11-21,Reliance,1541.0,1557.800048828125,1540.0999755859375,1546.5999755859375,1539.4820556640625,9615271
2025-11-24,Reliance,1550.0,1550.0,1531.800048828125,1535.9000244140625,1528.831298828125,18433951
2025-11-25,Reliance,1535.9000244140625,1559.5999755859375,1525.0999755859375,1539.699951171875,1532.61376953125,15033482
2025-11-26,Reliance,1542.300048828125,1571.5999755859375,1540.5,1569.9000244140625,1562.6748046875,14054299
2025-11-27,Reliance,1575.0,1575.5,1556.0,1563.4000244140625,1556.2047119140625,9794643
2025-11-28,Reliance,1568.0,1581.300048828125,1563.0,1567.5,1560.285888671875,8959508
2025-12-01,Reliance,1575.0,1577.5,1563.5999755859375,1566.0999755859375,1558.892333984375,8920233
2025-12-02,Reliance,1561.0999755859375,1567.5,1542.0,1546.300048828125,1539.1834716796875,11389150
2025-12-03,Reliance,1545.199951171875,1552.4000244140625,1533.0,1538.800048828125,1531.718017578125,6090883
2025-12-04,Reliance,1536.0,1560.5,1517.5999755859375,1535.5999755859375,1528.53271484375,11867930
2025-12-05,Reliance,1530.4000244140625,1545.800048828125,1520.5999755859375,1540.5999755859375,1533.5096435546875,10183266
2025-12-08,Reliance,1539.199951171875,1551.0,1535.0,1543.0,1535.898681640625,11301491
2025-12-09,Reliance,1540.300048828125,1542.5,1520.0999755859375,1529.4000244140625,1522.3612060546875,11503971
2025-12-10,Reliance,1534.0,1547.5,1531.4000244140625,1536.9000244140625,1529.8267822265625,7991629
2025-12-11,Reliance,1536.9000244140625,1550.0,1524.0,1545.0,1537.889404296875,4706197
2025-12-12,Reliance,1550.800048828125,1559.800048828125,1546.0999755859375,1556.5,1549.3365478515625,5106655
2025-12-15,Reliance,1551.199951171875,1558.5999755859375,1546.5,1556.199951171875,1549.037841796875,5774543
2025-12-16,Reliance,1545.0,1551.699951171875,1538.800048828125,1542.300048828125,1535.201904296875,11731856
2025-12-17,Reliance,1550.0,1550.0,1539.300048828125,1544.4000244140625,1537.292236328125,7116649
2025-12-18,Reliance,1535.199951171875,1551.5,1535.199951171875,1544.4000244140625,1537.292236328125,6580829
2025-12-19,Reliance,1554.4000244140625,1574.199951171875,1551.0,1565.0999755859375,1557.8968505859375,13937275
2025-12-22,Reliance,1573.5,1577.5,1565.300048828125,1575.4000244140625,1568.1495361328125,10184852
2025-12-23,Reliance,1580.9000244140625,1580.9000244140625,1568.0999755859375,1570.699951171875,1563.4710693359375,7506564
2025-12-24,Reliance,1572.699951171875,1575.699951171875,1553.5999755859375,1558.199951171875,1551.0286865234375,8815745
2025-12-26,Reliance,1554.699951171875,1561.0,1554.300048828125,1559.199951171875,1552.0240478515625,2311495
2025-12-29,Reliance,1554.9000244140625,1558.0999755859375,1543.5999755859375,1545.5999755859375,1538.4866943359375,5972105
2025-12-30,Reliance,1547.0,1553.5999755859375,1537.800048828125,1539.800048828125,1532.71337890625,8815884
2025-12-31,Reliance,1541.0,1577.0,1541.0,1570.4000244140625,1563.172607421875,5771830
2026-01-01,Reliance,1573.699951171875,1592.5,1571.0999755859375,1575.5999755859375,1568.3485107421875,6408128
2026-01-02,Reliance,1580.0,1594.5999755859375,1578.199951171875,1592.300048828125,1584.9718017578125,6602230
2026-01-05,Reliance,1593.0,1611.800048828125,1575.300048828125,1578.0999755859375,1570.8370361328125,8704973
2026-01-06,Reliance,1569.0,1569.0,1496.300048828125,1507.5999755859375,1500.6614990234375,27417125
2026-01-07,Reliance,1510.0,1520.0,1498.0,1504.199951171875,1497.277099609375,11199340
2026-01-08,Reliance,1500.0,1503.9000244140625,1468.800048828125,1470.5999755859375,1463.831787109375,16518684
2026-01-09,Reliance,1465.0,1479.9000244140625,1465.0,1475.300048828125,1468.51025390625,8335311
2026-01-12,Reliance,1475.300048828125,1485.300048828125,1451.0,1483.199951171875,1476.373779296875,8883745
2026-01-13,Reliance,1485.0,1485.800048828125,1444.699951171875,1452.800048828125,1446.11376953125,13499760
2026-01-14,Reliance,1444.0,1467.0,1440.199951171875,1458.800048828125,1452.086181640625,8321764
2026-01-15,Reliance,1458.800048828125,1458.800048828125,1458.800048828125,1458.800048828125,1452.086181640625,0
2026-01-16,Reliance,1458.800048828125,1480.0,1455.0999755859375,1457.9000244140625,1451.1903076171875,17167161
2026-01-19,Reliance,1450.5999755859375,1450.5999755859375,1403.300048828125,1413.5999755859375,1407.0941162109375,20392765
2026-01-20,Reliance,1410.699951171875,1416.0,1390.0,1394.0,1387.5843505859375,13189498
2026-01-21,Reliance,1389.5,1412.9000244140625,1373.0,1404.5999755859375,1398.1356201171875,17352720
2026-01-22,Reliance,1410.0999755859375,1419.5,1395.0,1402.5,1396.0452880859375,15721693
2026-01-23,Reliance,1401.800048828125,1407.0,1381.0,1386.0999755859375,1379.720703125,9837802
2026-01-27,Reliance,1380.0,1391.5999755859375,1368.0,1380.5,1374.146484375,26302396
2026-01-28,Reliance,1385.0,1409.9000244140625,1384.9000244140625,1396.699951171875,1390.2718505859375,11121657
2026-01-29,Reliance,1402.9000244140625,1402.9000244140625,1384.0,1391.0,1384.59814453125,20846683
2026-01-30,Reliance,1382.5999755859375,1398.0,1378.5,1395.4000244140625,1388.9779052734375,11239835
2026-02-02,Reliance,1340.0,1392.9000244140625,1335.5,1390.4000244140625,1384.0009765625,15711165
2026-02-03,Reliance,1473.9000244140625,1489.5,1430.199951171875,1437.0999755859375,1430.4859619140625,25456171
2026-02-04,Reliance,1444.0,1464.0,1440.300048828125,1456.800048828125,1450.095458984375,8333387
2026-02-05,Reliance,1457.0,1461.5,1439.5,1443.4000244140625,1436.757080078125,11763658
2026-02-06,Reliance,1441.5,1452.800048828125,1433.5,1450.800048828125,1444.123046875,8277304
2026-02-09,Reliance,1458.0,1465.9000244140625,1453.0,1461.5999755859375,1454.873291015625,5775864
2026-02-10,Reliance,1471.0,1471.0,1452.199951171875,1458.5,1451.7874755859375,10259630
2026-02-11,Reliance,1459.5999755859375,1470.0,1453.5999755859375,1468.699951171875,1461.9405517578125,7106877
2026-02-12,Reliance,1470.0,1473.0,1445.5,1448.9000244140625,1442.231689453125,11135399
2026-02-13,Reliance,1445.5,1450.699951171875,1416.300048828125,1419.5999755859375,1413.0665283203125,10755693
2026-02-16,Reliance,1420.0999755859375,1439.5999755859375,1409.300048828125,1437.0999755859375,1430.4859619140625,5896514
2026-02-17,Reliance,1431.0999755859375,1431.800048828125,1418.5999755859375,1423.0,1416.450927734375,10731630
2026-02-18,Reliance,1427.0,1442.0999755859375,1419.199951171875,1441.300048828125,1434.666748046875,5521096
2026-02-19,Reliance,1443.0,1443.0,1400.0,1409.5,1403.0130615234375,11884664
2026-02-20,Reliance,1409.5,1427.4000244140625,1406.0999755859375,1419.4000244140625,1412.8675537109375,8177670
2026-02-23,Reliance,1425.0,1434.9000244140625,1418.300048828125,1428.0,1421.4278564453125,7758856
2026-02-24,Reliance,1425.300048828125,1433.300048828125,1415.0,1428.800048828125,1422.2242431640625,12529409
2026-02-25,Reliance,1435.0,1440.5,1393.5,1398.5,1392.063720703125,10728792
2026-02-26,Reliance,1398.5,1412.9000244140625,1391.9000244140625,1406.800048828125,1400.3255615234375,16683858
2026-02-27,Reliance,1398.0,1410.4000244140625,1388.0999755859375,1393.9000244140625,1387.48486328125,12031440
2026-03-02,Reliance,1375.5,1378.5999755859375,1341.5,1358.0,1351.75,23728722
2026-03-04,Reliance,1330.0,1352.800048828125,1307.0,1345.0,1338.8099365234375,32495007
2026-03-05,Reliance,1353.0999755859375,1399.0,1353.0999755859375,1389.4000244140625,1383.005615234375,25957532
2026-03-06,Reliance,1396.5,1424.300048828125,1390.300048828125,1404.800048828125,1398.334716796875,19311971
2026-03-09,Reliance,1375.0,1429.4000244140625,1370.0,1424.0,1417.4462890625,24870822
2026-03-10,Reliance,1430.5999755859375,1431.5,1400.5999755859375,1408.800048828125,1402.3162841796875,18071259
2026-03-11,Reliance,1424.9000244140625,1434.0,1383.5999755859375,1390.199951171875,1383.8017578125,21848087
2026-03-12,Reliance,1390.0,1410.9000244140625,1381.0999755859375,1392.199951171875,1385.7926025390625,20939959
2026-03-13,Reliance,1385.199951171875,1400.800048828125,1378.4000244140625,1380.699951171875,1374.3455810546875,17265090
2026-03-16,Reliance,1380.0,1397.300048828125,1363.5,1395.0999755859375,1388.6793212890625,22837802
2026-03-17,Reliance,1399.0,1405.9000244140625,1388.199951171875,1397.5999755859375,1391.167724609375,19007744
2026-03-18,Reliance,1397.199951171875,1412.9000244140625,1397.199951171875,1408.0999755859375,1401.6195068359375,9559327
2026-03-19,Reliance,1388.0,1415.699951171875,1376.0999755859375,1384.800048828125,1378.4267578125,16498373
2026-03-20,Reliance,1398.0,1430.0,1396.0999755859375,1414.4000244140625,1407.8905029296875,22994918
2026-03-23,Reliance,1400.0,1415.5999755859375,1391.0,1407.800048828125,1401.3209228515625,18979554
2026-03-24,Reliance,1420.0,1422.4000244140625,1406.5999755859375,1411.800048828125,1405.302490234375,18620893
2026-03-25,Reliance,1420.0,1430.5,1408.4000244140625,1413.0999755859375,1406.596435546875,19041331
2026-03-27,Reliance,1401.0,1404.699951171875,1345.0,1348.0999755859375,1341.8956298828125,23266517
2026-03-30,Reliance,1335.0,1365.0,1334.0999755859375,1343.9000244140625,1337.7149658203125,24393861
2026-04-01,Reliance,1384.199951171875,1384.4000244140625,1362.9000244140625,1369.199951171875,1362.8984375,14404619
2026-04-02,Reliance,1357.0,1358.199951171875,1328.0,1350.5,1344.2845458984375,21280051
2026-04-06,Reliance,1359.0,1359.0,1290.0,1304.699951171875,1298.6953125,29274881
2026-04-07,Reliance,1295.0,1308.300048828125,1291.0,1304.5999755859375,1298.5958251953125,28388922
2026-04-08,Reliance,1349.0,1350.5999755859375,1326.199951171875,1347.800048828125,1341.5970458984375,21817543
2026-04-09,Reliance,1346.0,1350.0,1326.300048828125,1330.0,1323.87890625,20725390
2026-04-10,Reliance,1337.0,1352.300048828125,1331.5,1350.199951171875,1343.9859619140625,19364461
2026-04-13,Reliance,1321.199951171875,1327.5999755859375,1310.0,1315.0999755859375,1309.0474853515625,28753269
2026-04-15,Reliance,1337.0,1347.0,1334.199951171875,1344.0999755859375,1337.9140625,15313779
2026-04-16,Reliance,1352.0,1353.800048828125,1330.0,1343.300048828125,1337.1177978515625,30211012
2026-04-17,Reliance,1340.0,1368.4000244140625,1340.0,1365.0,1358.7178955078125,13869105
2026-04-20,Reliance,1363.199951171875,1373.0,1352.800048828125,1363.300048828125,1357.0257568359375,13614733
2026-04-21,Reliance,1359.0,1369.800048828125,1350.0999755859375,1353.300048828125,1347.07177734375,27293629
2026-04-22,Reliance,1350.300048828125,1366.0,1349.0999755859375,1362.0999755859375,1355.8311767578125,9525953
2026-04-23,Reliance,1346.0,1355.5,1340.699951171875,1343.4000244140625,1337.21728515625,16385079
2026-04-24,Reliance,1340.0,1345.9000244140625,1325.0,1327.800048828125,1321.6890869140625,11744802
2026-04-27,Reliance,1313.0,1371.5999755859375,1311.0,1365.800048828125,1359.51416015625,24673098
2026-04-28,Reliance,1358.0,1395.199951171875,1357.0,1388.9000244140625,1382.5078125,41027699
2026-04-29,Reliance,1392.0,1433.800048828125,1391.300048828125,1425.4000244140625,1418.83984375,30542143
2026-04-30,Reliance,1409.0,1437.0,1393.0999755859375,1430.800048828125,1424.215087890625,30957881
2026-05-01,Reliance,1430.800048828125,1430.800048828125,1430.800048828125,1430.800048828125,1424.215087890625,0
2026-05-04,Reliance,1433.4000244140625,1467.4000244140625,1433.4000244140625,1463.0999755859375,1456.3663330078125,24035700
2026-05-05,Reliance,1460.0,1473.4000244140625,1450.0,1463.5999755859375,1456.864013671875,23543341
2026-05-06,Reliance,1463.0,1473.300048828125,1427.5,1437.9000244140625,1431.2823486328125,14221786
2026-05-07,Reliance,1438.800048828125,1449.5,1430.300048828125,1436.199951171875,1429.590087890625,19816903
2026-05-08,Reliance,1426.0,1442.800048828125,1417.5,1435.199951171875,1428.5947265625,8663105
2026-05-11,Reliance,1420.0,1428.0,1382.0,1388.199951171875,1381.81103515625,15261787
2026-05-12,Reliance,1392.0,1393.5,1360.300048828125,1364.0,1357.722412109375,24357500
2026-05-13,Reliance,1361.4000244140625,1372.4000244140625,1352.4000244140625,1358.800048828125,1352.54638671875,13797989
2026-05-14,Reliance,1365.199951171875,1378.0,1358.4000244140625,1361.800048828125,1355.5325927734375,17303059
2026-05-15,Reliance,1356.800048828125,1364.800048828125,1329.199951171875,1336.4000244140625,1330.24951171875,19976192
2026-05-18,Reliance,1334.0,1342.0,1318.699951171875,1335.9000244140625,1329.7518310546875,13022473
2026-05-19,Reliance,1338.699951171875,1344.0,1318.4000244140625,1322.699951171875,1316.6124267578125,21665501
2026-05-20,Reliance,1318.699951171875,1362.9000244140625,1312.5999755859375,1359.699951171875,1353.442138671875,13248515
2026-05-21,Reliance,1367.199951171875,1370.9000244140625,1345.199951171875,1349.5999755859375,1343.388671875,17150630
2026-05-22,Reliance,1350.0,1367.4000244140625,1349.0999755859375,1354.5,1348.26611328125,7105813
2026-05-25,Reliance,1366.800048828125,1371.0999755859375,1357.0,1367.0,1360.7086181640625,6750071
2026-05-26,Reliance,1360.0999755859375,1368.5,1352.4000244140625,1356.300048828125,1350.0579833984375,13769747
2026-05-27,Reliance,1353.0,1361.0,1348.5999755859375,1350.5,1344.2845458984375,13215138
2026-05-28,Reliance,1350.5,1350.5,1350.5,1350.5,1344.2845458984375,0
2026-05-29,Reliance,1364.0,1369.0,1317.0,1321.199951171875,1315.119384765625,42634247
2026-06-01,Reliance,1332.5,1335.5,1318.5,1320.0,1313.9249267578125,10700603
2026-06-02,Reliance,1307.699951171875,1327.800048828125,1300.300048828125,1314.5999755859375,1308.5498046875,23302785
2026-06-03,Reliance,1315.0,1324.0,1301.0,1313.199951171875,1307.15625,20012293
2026-06-04,Reliance,1301.0,1311.199951171875,1293.0999755859375,1303.699951171875,1297.699951171875,23474327
2026-06-05,Reliance,1304.5,1306.0,1288.0,1291.0,1291.0,17785223
2026-06-08,Reliance,1277.0,1282.5999755859375,1259.199951171875,1263.300048828125,1263.300048828125,16494759
2026-06-09,Reliance,1269.0,1274.199951171875,1257.5,1269.199951171875,1269.199951171875,23620214
2026-06-10,Reliance,1275.0,1300.5,1254.4000244140625,1258.800048828125,1258.800048828125,21012796
2026-06-11,Reliance,1258.0,1276.0,1253.199951171875,1263.0,1263.0,13117486
2026-06-12,Reliance,1277.0,1297.0,1262.5,1293.0,1293.0,11988785
2026-06-15,Reliance,1315.300048828125,1325.0,1303.300048828125,1307.0,1307.0,18633321
2026-06-16,Reliance,1313.4000244140625,1333.4000244140625,1306.4000244140625,1328.800048828125,1328.800048828125,18513223
2026-06-17,Reliance,1333.0,1334.0,1317.0,1332.699951171875,1332.699951171875,10029170
2026-06-18,Reliance,1330.0,1333.9000244140625,1322.0,1328.0999755859375,1328.0999755859375,15494549
2026-06-19,Reliance,1328.0,1338.199951171875,1305.300048828125,1309.5,1309.5,24887034
2026-06-22,Reliance,1316.699951171875,1344.9000244140625,1314.0999755859375,1326.5,1326.5,12931213
2026-06-23,Reliance,1328.9000244140625,1333.0,1304.0,1309.5,1309.5,15400184
2026-06-24,Reliance,1305.699951171875,1322.0,1297.5,1313.5999755859375,1313.5999755859375,11030917
2026-06-25,Reliance,1318.0,1328.0,1314.5999755859375,1318.0999755859375,1318.0999755859375,12694362
2026-06-26,Reliance,1318.0999755859375,1318.0999755859375,1318.0999755859375,1318.0999755859375,1318.0999755859375,0
2026-06-29,Reliance,1308.0,1313.699951171875,1292.5999755859375,1301.0,1301.0,13757656
2026-06-30,Reliance,1306.9000244140625,1306.9000244140625,1290.0,1293.9000244140625,1293.9000244140625,15695263
2026-07-01,Reliance,1298.9000244140625,1312.199951171875,1296.5,1308.0,1308.0,7001401
2026-07-02,Reliance,1310.0,1313.199951171875,1299.0,1303.5,1303.5,17795024
2026-07-03,Reliance,1312.0,1312.0,1302.0,1304.0,1304.0,7839550
2026-07-06,Reliance,1304.0,1325.5999755859375,1299.4000244140625,1321.300048828125,1321.300048828125,7610709
2026-07-07,Reliance,1323.5,1328.0,1304.0999755859375,1308.4000244140625,1308.4000244140625,14335554
