Date,Company,Open,High,Low,Close,Adj Close,Volume
2022-07-11,Sun_Pharma,856.7999877929688,863.0,851.0999755859375,857.25,822.3807373046875,1768048
2022-07-12,Sun_Pharma,853.0,860.0,849.0,851.5999755859375,816.9605102539062,1695338
2022-07-13,Sun_Pharma,854.5999755859375,863.25,849.3499755859375,860.1500244140625,825.1627807617188,2663538
2022-07-14,Sun_Pharma,867.4000244140625,882.9500122070312,864.2000122070312,879.9000244140625,844.1094360351562,4934156
2022-07-15,Sun_Pharma,884.9000244140625,884.9500122070312,872.8499755859375,878.4000244140625,842.6705322265625,1413559
2022-07-18,Sun_Pharma,888.5999755859375,895.5999755859375,878.5499877929688,882.7999877929688,846.8914794921875,2866600
2022-07-19,Sun_Pharma,880.0,891.2999877929688,873.5,875.2999877929688,839.6964721679688,1604458
2022-07-20,Sun_Pharma,884.7000122070312,884.7000122070312,862.0499877929688,867.5,832.2137451171875,2885666
2022-07-21,Sun_Pharma,872.0,877.9000244140625,863.7000122070312,869.6500244140625,834.2763671875,2321107
2022-07-22,Sun_Pharma,871.0,876.1500244140625,866.5,874.5,838.9290771484375,1939758
2022-07-25,Sun_Pharma,870.0,878.0,856.4000244140625,868.3499755859375,833.0291137695312,2419358
2022-07-26,Sun_Pharma,869.2000122070312,877.4000244140625,862.0,867.6500244140625,832.3576049804688,1560211
2022-07-27,Sun_Pharma,867.5,897.0,866.0499877929688,894.0,857.6359252929688,2797789
2022-07-28,Sun_Pharma,896.0,896.8499755859375,878.75,894.8499755859375,858.4512329101562,3183169
2022-07-29,Sun_Pharma,897.0,951.9500122070312,879.0,943.2000122070312,904.8346557617188,11315800
2022-08-01,Sun_Pharma,939.9500122070312,939.9500122070312,910.0,918.7000122070312,881.3311767578125,4219890
2022-08-02,Sun_Pharma,918.7000122070312,926.5999755859375,912.0499877929688,917.25,879.9402465820312,2043767
2022-08-03,Sun_Pharma,915.0,917.7999877929688,893.5499877929688,897.0,860.5137939453125,2863168
2022-08-04,Sun_Pharma,901.0,920.0,895.5999755859375,918.5,881.1392211914062,3151481
2022-08-05,Sun_Pharma,919.5,929.0,911.9000244140625,915.9500122070312,878.693115234375,3317738
2022-08-08,Sun_Pharma,919.7999877929688,919.7999877929688,908.4000244140625,910.4000244140625,873.3687744140625,2677742
2022-08-10,Sun_Pharma,913.2000122070312,927.0,913.2000122070312,919.7000122070312,882.2904663085938,3077870
2022-08-11,Sun_Pharma,923.0,926.9000244140625,917.4500122070312,921.0499877929688,883.5856323242188,1526395
2022-08-12,Sun_Pharma,921.0499877929688,922.7999877929688,907.1500244140625,913.4500122070312,876.2947387695312,1384417
2022-08-16,Sun_Pharma,907.0,919.4500122070312,906.2999877929688,914.5999755859375,877.39794921875,1635836
2022-08-17,Sun_Pharma,919.0,926.0,915.0,920.7999877929688,883.3457641601562,1828327
2022-08-18,Sun_Pharma,910.0,919.0,895.2000122070312,916.75,879.4605712890625,2989998
2022-08-19,Sun_Pharma,916.0,920.7999877929688,898.0,901.3499755859375,867.5258178710938,1708425
2022-08-22,Sun_Pharma,900.5,903.4500122070312,878.1500244140625,880.5499877929688,847.5062866210938,2860170
2022-08-23,Sun_Pharma,874.1500244140625,892.0,872.5999755859375,888.4000244140625,855.0618286132812,2314528
2022-08-24,Sun_Pharma,892.0,899.9500122070312,878.0499877929688,881.0,847.939453125,3223687
2022-08-25,Sun_Pharma,888.0,890.6500244140625,875.0,877.2999877929688,844.3782958984375,5016244
2022-08-26,Sun_Pharma,882.2999877929688,890.5,878.0999755859375,880.1500244140625,847.121337890625,1542618
2022-08-29,Sun_Pharma,872.0,881.0,865.0,879.25,846.255126953125,2068888
2022-08-30,Sun_Pharma,883.0,895.5,882.0,893.0499877929688,859.5372314453125,3672052
2022-09-01,Sun_Pharma,893.0,901.9000244140625,870.4000244140625,871.8499755859375,839.1328125,2939235
2022-09-02,Sun_Pharma,872.9000244140625,878.0,866.0,869.5499877929688,836.9191284179688,1963435
2022-09-05,Sun_Pharma,869.0,886.1500244140625,864.4500122070312,884.5999755859375,851.4043579101562,2808538
2022-09-06,Sun_Pharma,887.0,890.7000122070312,882.5499877929688,887.75,854.4362182617188,2252661
2022-09-07,Sun_Pharma,879.5,896.4000244140625,879.5,893.75,860.2110595703125,1698682
2022-09-08,Sun_Pharma,898.25,900.75,887.0,894.2999877929688,860.7403564453125,1772605
2022-09-09,Sun_Pharma,894.5,901.9000244140625,886.7000122070312,890.0,856.6016845703125,1405210
2022-09-12,Sun_Pharma,891.2000122070312,895.1500244140625,885.0999755859375,887.7000122070312,854.3880615234375,1571387
2022-09-13,Sun_Pharma,889.8499755859375,893.2999877929688,883.5,890.1500244140625,856.7462158203125,2216354
2022-09-14,Sun_Pharma,884.5999755859375,897.7000122070312,880.0499877929688,883.75,850.5863037109375,1889322
2022-09-15,Sun_Pharma,883.0,888.1500244140625,871.0999755859375,874.2999877929688,841.490966796875,1780723
2022-09-16,Sun_Pharma,878.7000122070312,890.5,865.7999877929688,868.0499877929688,835.4754028320312,5625488
2022-09-19,Sun_Pharma,872.4000244140625,876.9500122070312,856.7999877929688,874.8499755859375,842.0202026367188,1920725
2022-09-20,Sun_Pharma,877.5499877929688,914.75,876.7999877929688,911.9500122070312,877.72802734375,4408042
2022-09-21,Sun_Pharma,918.5499877929688,922.5,902.6500244140625,905.2999877929688,871.3275756835938,4153228
2022-09-22,Sun_Pharma,899.9000244140625,911.25,895.2999877929688,908.0,873.9262084960938,2317690
2022-09-23,Sun_Pharma,902.5999755859375,926.7000122070312,902.5999755859375,921.0999755859375,886.53466796875,4802181
2022-09-26,Sun_Pharma,917.9500122070312,926.3499755859375,899.0499877929688,900.7000122070312,866.9002075195312,3760536
2022-09-27,Sun_Pharma,905.25,909.8499755859375,894.4000244140625,897.1500244140625,863.4834594726562,3096645
2022-09-28,Sun_Pharma,894.0,926.0,892.0499877929688,917.8499755859375,883.4065551757812,5559336
2022-09-29,Sun_Pharma,925.0999755859375,955.5,925.0999755859375,930.7000122070312,895.7744750976562,8519098
2022-09-30,Sun_Pharma,933.9500122070312,950.9500122070312,930.0,948.6500244140625,913.0508422851562,4182345
2022-10-03,Sun_Pharma,952.9500122070312,967.8499755859375,942.75,944.5,909.0564575195312,4444578
2022-10-04,Sun_Pharma,955.7000122070312,956.2999877929688,943.0499877929688,944.5499877929688,909.1046142578125,1856830
2022-10-06,Sun_Pharma,954.7000122070312,962.0,947.5499877929688,953.9000244140625,918.1038208007812,3449485
2022-10-07,Sun_Pharma,953.0,961.5499877929688,946.2000122070312,955.1500244140625,919.306884765625,1762328
2022-10-10,Sun_Pharma,945.9500122070312,954.25,935.25,946.0499877929688,910.54833984375,1683827
2022-10-11,Sun_Pharma,950.7999877929688,951.9000244140625,940.0,944.75,909.2971801757812,2426935
2022-10-12,Sun_Pharma,946.0,960.0,941.0499877929688,955.5499877929688,919.69189453125,2875040
2022-10-13,Sun_Pharma,956.8499755859375,973.75,951.5,968.4000244140625,932.0596923828125,4498223
2022-10-14,Sun_Pharma,976.0,979.9000244140625,964.0,976.2999877929688,939.6631469726562,3307000
2022-10-17,Sun_Pharma,976.2999877929688,985.0,973.2999877929688,980.0,943.2244873046875,2647369
2022-10-18,Sun_Pharma,983.75,985.0,972.75,978.3499755859375,941.6361694335938,2065146
2022-10-19,Sun_Pharma,975.5999755859375,980.7000122070312,965.0499877929688,976.9000244140625,940.2407836914062,2424533
2022-10-20,Sun_Pharma,970.0,982.8499755859375,966.5499877929688,980.3499755859375,943.561279296875,1669666
2022-10-21,Sun_Pharma,981.0,991.9000244140625,975.75,977.7000122070312,941.0106811523438,1791608
2022-10-24,Sun_Pharma,986.0,989.9500122070312,982.0999755859375,987.0,949.9617309570312,191840
2022-10-25,Sun_Pharma,991.9500122070312,997.3499755859375,985.5,991.5499877929688,954.3410034179688,2119595
2022-10-27,Sun_Pharma,999.0,1013.4000244140625,992.5,1011.6500244140625,973.686767578125,4379157
2022-10-28,Sun_Pharma,1002.0,1003.5,987.5499877929688,990.0,952.8490600585938,3934980
2022-10-31,Sun_Pharma,994.9500122070312,1027.300048828125,991.2000122070312,1016.9000244140625,978.7396850585938,3546309
2022-11-01,Sun_Pharma,1021.9500122070312,1049.0,1019.1500244140625,1036.5999755859375,997.7003784179688,5264069
2022-11-02,Sun_Pharma,1038.800048828125,1070.949951171875,1032.6500244140625,1051.949951171875,1012.4743041992188,5923662
2022-11-03,Sun_Pharma,1045.0,1055.5999755859375,1039.550048828125,1044.199951171875,1005.0151977539062,2386317
2022-11-04,Sun_Pharma,1045.300048828125,1046.4000244140625,1031.449951171875,1039.9000244140625,1000.8765869140625,1576349
2022-11-07,Sun_Pharma,1045.0,1049.949951171875,1021.0,1028.3499755859375,989.7598876953125,2853521
2022-11-09,Sun_Pharma,1020.0499877929688,1036.6500244140625,1010.0,1013.5499877929688,975.5153198242188,2268760
2022-11-10,Sun_Pharma,1010.0,1022.2999877929688,1006.75,1010.6500244140625,972.7242431640625,2419991
2022-11-11,Sun_Pharma,1015.75,1031.449951171875,1009.8499755859375,1013.5499877929688,975.5153198242188,2390487
2022-11-14,Sun_Pharma,1018.6500244140625,1021.4000244140625,1002.0,1016.9000244140625,978.7396850585938,1764788
2022-11-15,Sun_Pharma,1022.0,1022.0,1004.4500122070312,1016.0499877929688,977.9215087890625,1703050
2022-11-16,Sun_Pharma,1007.0999755859375,1022.7999877929688,1007.0999755859375,1018.6500244140625,980.4240112304688,1485506
2022-11-17,Sun_Pharma,1023.2999877929688,1030.5,1010.4500122070312,1013.3499755859375,975.3228149414062,1758031
2022-11-18,Sun_Pharma,1015.25,1017.8499755859375,1006.0,1009.5999755859375,971.7135620117188,1130682
2022-11-21,Sun_Pharma,1003.0,1012.7999877929688,993.5,1003.1500244140625,965.505615234375,1108922
2022-11-22,Sun_Pharma,1006.1500244140625,1012.4000244140625,996.25,1010.0999755859375,972.19482421875,1723123
2022-11-23,Sun_Pharma,1015.2000122070312,1019.0999755859375,1009.4500122070312,1017.6500244140625,979.4616088867188,1311376
2022-11-24,Sun_Pharma,1020.6500244140625,1037.4000244140625,1013.7999877929688,1035.0999755859375,996.2566528320312,1994268
2022-11-25,Sun_Pharma,1037.949951171875,1037.949951171875,1026.949951171875,1033.8499755859375,995.0535278320312,1948596
2022-11-28,Sun_Pharma,1033.0,1041.5,1027.949951171875,1034.75,995.9197387695312,1427648
2022-11-29,Sun_Pharma,1035.0,1051.199951171875,1034.0,1049.8499755859375,1010.453125,1179559
2022-11-30,Sun_Pharma,1053.0,1058.300048828125,1039.3499755859375,1046.050048828125,1006.7958374023438,3060171
2022-12-01,Sun_Pharma,1055.0,1057.8499755859375,1039.5999755859375,1046.449951171875,1007.180908203125,1878374
2022-12-02,Sun_Pharma,1048.300048828125,1049.8499755859375,1034.800048828125,1040.0,1000.9729614257812,2284133
2022-12-05,Sun_Pharma,1042.1500244140625,1045.949951171875,1030.75,1039.4000244140625,1000.3953857421875,2294634
2022-12-06,Sun_Pharma,1039.4000244140625,1040.0,1023.25,1033.550048828125,994.764892578125,1321211
2022-12-07,Sun_Pharma,1036.550048828125,1037.1500244140625,1015.3499755859375,1017.75,979.557861328125,2954262
2022-12-08,Sun_Pharma,1015.0,1018.0,975.0,980.7999877929688,943.9942626953125,10021644
2022-12-09,Sun_Pharma,980.7999877929688,997.0,980.0,992.8499755859375,955.5921020507812,4231753
2022-12-12,Sun_Pharma,994.9000244140625,995.0,980.1500244140625,987.4000244140625,950.3467407226562,1875104
2022-12-13,Sun_Pharma,980.0,996.3499755859375,979.7999877929688,994.6500244140625,957.3246459960938,1863361
2022-12-14,Sun_Pharma,999.0,1003.0,994.5499877929688,1000.25,962.7144775390625,1570685
2022-12-15,Sun_Pharma,1001.0,1007.0,998.0999755859375,1002.2000122070312,964.5912475585938,1304660
2022-12-16,Sun_Pharma,998.1500244140625,1005.0999755859375,987.5999755859375,993.6500244140625,956.3621826171875,2618988
2022-12-19,Sun_Pharma,987.5999755859375,993.1500244140625,973.7000122070312,987.9500122070312,950.8760375976562,1547342
2022-12-20,Sun_Pharma,987.9500122070312,990.6500244140625,979.4000244140625,988.3499755859375,951.2610473632812,1352408
2022-12-21,Sun_Pharma,992.0,1009.5,988.4000244140625,1005.5999755859375,967.8637084960938,2043630
2022-12-22,Sun_Pharma,1019.9500122070312,1034.050048828125,1007.0499877929688,1010.6500244140625,972.7242431640625,5163443
2022-12-23,Sun_Pharma,1012.0,1027.8499755859375,998.4500122070312,1001.5499877929688,963.9656982421875,3612433
2022-12-26,Sun_Pharma,1010.0,1011.7999877929688,988.7000122070312,1000.0499877929688,962.5218505859375,2307374
2022-12-27,Sun_Pharma,1000.25,1015.75,993.0,1000.1500244140625,962.6182861328125,1870105
2022-12-28,Sun_Pharma,998.9000244140625,1010.5999755859375,993.0,995.0,957.6614990234375,1686511
2022-12-29,Sun_Pharma,998.5499877929688,1004.7000122070312,989.0999755859375,1000.5499877929688,963.0032348632812,2162872
2022-12-30,Sun_Pharma,1004.0,1006.7999877929688,993.75,1001.4000244140625,963.8212890625,1629162
2023-01-02,Sun_Pharma,1001.4000244140625,1001.4000244140625,987.2000122070312,997.0,959.58642578125,1616012
2023-01-03,Sun_Pharma,993.0,1012.7999877929688,988.0,1009.0999755859375,971.2322998046875,1810117
2023-01-04,Sun_Pharma,1012.0,1025.9000244140625,1000.75,1004.0999755859375,966.4199829101562,2573870
2023-01-05,Sun_Pharma,1009.0999755859375,1021.9000244140625,1008.25,1016.2000122070312,978.0659790039062,2246533
2023-01-06,Sun_Pharma,1015.0,1021.7999877929688,1004.0999755859375,1008.7000122070312,970.8473510742188,1773153
2023-01-09,Sun_Pharma,1015.0,1023.3499755859375,1010.5,1016.8499755859375,978.6915283203125,1567316
2023-01-10,Sun_Pharma,1016.0,1024.0,1010.0499877929688,1011.8499755859375,973.879150390625,1607654
2023-01-11,Sun_Pharma,1012.0,1033.050048828125,1008.3499755859375,1028.0,989.423095703125,3258157
2023-01-12,Sun_Pharma,1031.949951171875,1035.449951171875,1021.1500244140625,1032.8499755859375,994.091064453125,1641398
2023-01-13,Sun_Pharma,1031.1500244140625,1035.0,1020.1500244140625,1031.5999755859375,992.8880004882812,1491367
2023-01-16,Sun_Pharma,1031.5999755859375,1039.5,1026.0999755859375,1035.449951171875,996.593505859375,1437532
2023-01-17,Sun_Pharma,1035.449951171875,1036.0,1026.800048828125,1032.699951171875,993.9466552734375,1245848
2023-01-18,Sun_Pharma,1032.699951171875,1041.5,1030.1500244140625,1040.0999755859375,1001.0691528320312,1238451
2023-01-19,Sun_Pharma,1038.0999755859375,1044.0,1036.0,1040.550048828125,1001.5021362304688,824263
2023-01-20,Sun_Pharma,1044.050048828125,1047.5,1016.8499755859375,1030.3499755859375,991.6849975585938,2963571
2023-01-23,Sun_Pharma,1035.0,1054.9000244140625,1022.5,1049.300048828125,1009.9239501953125,2106604
2023-01-24,Sun_Pharma,1050.0,1050.949951171875,1034.550048828125,1040.699951171875,1001.6466064453125,2088556
2023-01-25,Sun_Pharma,1030.300048828125,1045.6500244140625,1030.300048828125,1040.050048828125,1001.0208740234375,1753333
2023-01-27,Sun_Pharma,1044.949951171875,1051.0,1034.0,1043.4000244140625,1004.245361328125,3448013
2023-01-30,Sun_Pharma,1041.949951171875,1072.1500244140625,1040.199951171875,1051.699951171875,1012.2337036132812,3320916
2023-01-31,Sun_Pharma,1055.0,1060.300048828125,1026.050048828125,1034.5,995.6790771484375,5265462
2023-02-01,Sun_Pharma,1036.449951171875,1043.949951171875,1005.0999755859375,1014.9000244140625,976.814697265625,4717887
2023-02-02,Sun_Pharma,1009.9500122070312,1015.7000122070312,993.0,1007.5999755859375,969.7886352539062,2117181
2023-02-03,Sun_Pharma,1007.0,1032.449951171875,1001.6500244140625,1028.1500244140625,989.5675659179688,2332076
2023-02-06,Sun_Pharma,1020.0,1025.949951171875,1012.75,1023.3499755859375,984.9476928710938,1215157
2023-02-07,Sun_Pharma,1026.25,1028.5,1002.0,1006.4000244140625,968.6337280273438,2360600
2023-02-08,Sun_Pharma,1004.7999877929688,1016.9000244140625,997.4000244140625,1013.0,982.3064575195312,1815142
2023-02-09,Sun_Pharma,1003.0,1021.2000122070312,1001.4000244140625,1006.7999877929688,976.2943115234375,1474402
2023-02-10,Sun_Pharma,1006.7999877929688,1014.3499755859375,996.7000122070312,1006.5999755859375,976.100341796875,1530150
2023-02-13,Sun_Pharma,1008.25,1017.3499755859375,1002.0,1015.25,984.48828125,1355766
2023-02-14,Sun_Pharma,1018.0,1018.0499877929688,1003.25,1006.75,976.2457885742188,1832842
2023-02-15,Sun_Pharma,1002.0,1006.4000244140625,990.5499877929688,995.4000244140625,965.2398071289062,2251350
2023-02-16,Sun_Pharma,998.9000244140625,1010.0,991.2000122070312,995.1500244140625,964.997314453125,1678410
2023-02-17,Sun_Pharma,992.2000122070312,996.5,982.0,984.5,954.6699829101562,1847026
2023-02-20,Sun_Pharma,990.1500244140625,991.6500244140625,974.9500122070312,984.4000244140625,954.5730590820312,2157871
2023-02-21,Sun_Pharma,990.0,990.7999877929688,969.1500244140625,971.5999755859375,942.160888671875,1771813
2023-02-22,Sun_Pharma,971.5499877929688,978.0,966.0,968.5499877929688,939.2033081054688,2605147
2023-02-23,Sun_Pharma,973.0,977.25,964.0499877929688,972.5,943.0336303710938,2835983
2023-02-24,Sun_Pharma,970.5999755859375,983.3499755859375,963.7000122070312,970.5,941.09423828125,1823835
2023-02-27,Sun_Pharma,970.5,972.5499877929688,960.0499877929688,965.0499877929688,935.809326171875,1548675
2023-02-28,Sun_Pharma,969.0,976.0,954.0,956.5999755859375,927.6154174804688,3819644
2023-03-01,Sun_Pharma,951.0,966.0499877929688,951.0,959.2999877929688,930.2335205078125,1862513
2023-03-02,Sun_Pharma,960.0,967.0,951.0999755859375,965.2999877929688,936.0517578125,1510195
2023-03-03,Sun_Pharma,967.0499877929688,969.75,958.1500244140625,966.9000244140625,937.6032104492188,2215832
2023-03-06,Sun_Pharma,970.0,979.5,963.7999877929688,965.25,936.0032958984375,1989152
2023-03-08,Sun_Pharma,960.0,965.0,947.0,957.5,928.4880981445312,4734482
2023-03-09,Sun_Pharma,957.5,959.4000244140625,947.1500244140625,952.7000122070312,923.8335571289062,2994556
2023-03-10,Sun_Pharma,946.5,957.5,946.0999755859375,955.5499877929688,926.59716796875,2001392
2023-03-13,Sun_Pharma,955.0999755859375,959.9000244140625,947.5499877929688,954.0999755859375,925.1910400390625,1412106
2023-03-14,Sun_Pharma,953.5,963.75,950.2999877929688,957.2000122070312,928.1973266601562,1879695
2023-03-15,Sun_Pharma,952.0,964.9000244140625,949.3499755859375,951.4000244140625,922.5728759765625,2189113
2023-03-16,Sun_Pharma,955.25,970.0,951.7000122070312,967.4000244140625,938.088134765625,2228093
2023-03-17,Sun_Pharma,968.5499877929688,968.7000122070312,952.75,957.7000122070312,928.68212890625,2218687
2023-03-20,Sun_Pharma,950.0,962.6500244140625,947.3499755859375,961.2000122070312,932.075927734375,1955757
2023-03-21,Sun_Pharma,965.0,965.0,953.25,956.2000122070312,927.2274169921875,1687239
2023-03-22,Sun_Pharma,957.0,974.4000244140625,956.5999755859375,972.0499877929688,942.5972900390625,1626129
2023-03-23,Sun_Pharma,975.0,982.9500122070312,972.0,977.6500244140625,948.027587890625,1857923
2023-03-24,Sun_Pharma,977.5999755859375,979.0,968.0,972.8499755859375,943.3729248046875,1534322
2023-03-27,Sun_Pharma,980.0,990.9500122070312,963.0,983.4500122070312,953.65185546875,2473222
2023-03-28,Sun_Pharma,987.0,987.7999877929688,976.2999877929688,984.2000122070312,954.3790893554688,1394675
2023-03-29,Sun_Pharma,985.6500244140625,996.5,979.0,991.9000244140625,961.8457641601562,3045795
2023-03-31,Sun_Pharma,995.2000122070312,995.2000122070312,981.4000244140625,983.0999755859375,953.3123779296875,1822710
2023-04-03,Sun_Pharma,981.0,988.0,976.2000122070312,979.0499877929688,949.3851318359375,1671570
2023-04-05,Sun_Pharma,985.0,999.0,975.2999877929688,997.1500244140625,966.936767578125,1544121
2023-04-06,Sun_Pharma,997.1500244140625,1014.0,993.4000244140625,1012.0999755859375,981.4336547851562,1423990
2023-04-10,Sun_Pharma,1015.0,1016.9500122070312,1006.6500244140625,1008.5999755859375,978.0397338867188,1110974
2023-04-11,Sun_Pharma,1008.5999755859375,1022.25,1007.5499877929688,1009.25,978.670166015625,1786844
2023-04-12,Sun_Pharma,1015.5,1020.2000122070312,1005.25,1016.7000122070312,985.8943481445312,3246327
2023-04-13,Sun_Pharma,1022.2999877929688,1023.8499755859375,1002.0,1003.5,973.0943603515625,1445693
2023-04-17,Sun_Pharma,999.4500122070312,1009.9000244140625,995.0499877929688,998.7000122070312,968.4397583007812,1768817
2023-04-18,Sun_Pharma,999.0,1006.25,988.2999877929688,1004.7999877929688,974.3549194335938,1217390
2023-04-19,Sun_Pharma,1003.5,1009.4000244140625,993.0,995.5,965.336669921875,2174563
2023-04-20,Sun_Pharma,999.0999755859375,1002.0999755859375,983.75,987.75,957.821533203125,1638094
2023-04-21,Sun_Pharma,994.2999877929688,994.2999877929688,984.9500122070312,989.4500122070312,959.4700317382812,1216575
2023-04-24,Sun_Pharma,975.0,982.5,959.25,979.1500244140625,949.4821166992188,3485350
2023-04-25,Sun_Pharma,980.0,982.9000244140625,967.0,972.5,943.0336303710938,2377746
2023-04-26,Sun_Pharma,975.7999877929688,976.7999877929688,963.2000122070312,971.25,941.8214721679688,2911028
2023-04-27,Sun_Pharma,968.0,981.5999755859375,963.5499877929688,978.7000122070312,949.045654296875,2777173
2023-04-28,Sun_Pharma,984.9500122070312,992.5,979.1500244140625,987.6500244140625,957.724609375,2009995
2023-05-02,Sun_Pharma,987.6500244140625,988.9000244140625,970.2999877929688,973.0499877929688,943.5669555664062,3152556
2023-05-03,Sun_Pharma,970.5,972.4000244140625,959.5,963.5999755859375,934.4033203125,3087472
2023-05-04,Sun_Pharma,967.6500244140625,975.9000244140625,965.1500244140625,974.0,944.4881591796875,1197830
2023-05-05,Sun_Pharma,974.0,977.25,967.8499755859375,970.4500122070312,941.0458374023438,1062645
2023-05-08,Sun_Pharma,962.0,969.0,961.0,961.8499755859375,932.7062377929688,2676958
2023-05-09,Sun_Pharma,961.9000244140625,966.8499755859375,949.5,957.4500122070312,928.4396362304688,6902170
2023-05-10,Sun_Pharma,957.0,959.9500122070312,951.5999755859375,953.7999877929688,924.9002075195312,2180917
2023-05-11,Sun_Pharma,953.7999877929688,963.9000244140625,952.0,961.0499877929688,931.9304809570312,1296607
2023-05-12,Sun_Pharma,961.0,963.0999755859375,952.0,956.0,927.0335693359375,2014927
2023-05-15,Sun_Pharma,953.0,955.75,948.0499877929688,953.0,924.1244506835938,1814239
2023-05-16,Sun_Pharma,953.0,962.5499877929688,938.0,940.9500122070312,912.4395141601562,2625163
2023-05-17,Sun_Pharma,941.25,945.2999877929688,928.8499755859375,935.9500122070312,907.591064453125,2956985
2023-05-18,Sun_Pharma,943.0,943.0,922.4500122070312,929.6500244140625,901.48193359375,3014019
2023-05-19,Sun_Pharma,932.0,934.4000244140625,924.2999877929688,925.8499755859375,897.7970581054688,1309343
2023-05-22,Sun_Pharma,925.8499755859375,942.75,922.8499755859375,937.4500122070312,909.045654296875,1382485
2023-05-23,Sun_Pharma,937.5,956.2000122070312,929.0999755859375,931.5999755859375,903.372802734375,3057684
2023-05-24,Sun_Pharma,935.5,954.7999877929688,932.5999755859375,952.1500244140625,923.3001708984375,2953574
2023-05-25,Sun_Pharma,949.7000122070312,951.7000122070312,942.7000122070312,945.0,916.3667602539062,2331464
2023-05-26,Sun_Pharma,943.9500122070312,976.7000122070312,937.0,969.9000244140625,940.5123901367188,4137189
2023-05-29,Sun_Pharma,969.9500122070312,973.25,946.4000244140625,968.4500122070312,939.1063232421875,5344765
2023-05-30,Sun_Pharma,965.0,967.4500122070312,956.2999877929688,959.5999755859375,930.5244140625,2624815
2023-05-31,Sun_Pharma,965.0,979.2999877929688,960.75,975.3499755859375,945.7973022460938,5595631
2023-06-01,Sun_Pharma,979.7999877929688,990.4500122070312,975.0,987.7000122070312,957.7730102539062,3261906
2023-06-02,Sun_Pharma,986.5499877929688,1003.7000122070312,981.0,999.5999755859375,969.3125,3734815
2023-06-05,Sun_Pharma,1005.3499755859375,1017.7000122070312,998.5,1008.75,978.1852416992188,3629780
2023-06-06,Sun_Pharma,1008.9000244140625,1015.9500122070312,1004.0,1013.7999877929688,983.0820922851562,1632644
2023-06-07,Sun_Pharma,1015.0,1017.5,1010.0,1014.5999755859375,983.8580322265625,1608613
2023-06-08,Sun_Pharma,1015.0,1016.0,983.25,987.0,957.0942993164062,3395935
2023-06-09,Sun_Pharma,984.0,990.7000122070312,981.0,983.9500122070312,954.1365966796875,2306206
2023-06-12,Sun_Pharma,987.9000244140625,989.9000244140625,981.0499877929688,985.4500122070312,955.5912475585938,593319
2023-06-13,Sun_Pharma,990.0,996.0,985.5499877929688,988.0999755859375,958.1609497070312,2413311
2023-06-14,Sun_Pharma,991.5999755859375,995.0,984.25,986.7000122070312,956.8034057617188,2139387
2023-06-15,Sun_Pharma,988.5,994.7999877929688,985.7000122070312,988.4000244140625,958.4519653320312,2731724
2023-06-16,Sun_Pharma,990.0,994.6500244140625,987.2000122070312,992.0,961.9427490234375,3611214
2023-06-19,Sun_Pharma,995.1500244140625,1006.7000122070312,993.75,1001.7999877929688,971.4458618164062,1327862
2023-06-20,Sun_Pharma,1007.6500244140625,1007.75,989.5999755859375,991.9500122070312,961.8942260742188,1445688
2023-06-21,Sun_Pharma,991.9500122070312,993.8499755859375,983.5999755859375,991.9000244140625,961.8457641601562,1396686
2023-06-22,Sun_Pharma,987.0999755859375,996.2000122070312,987.0999755859375,990.2999877929688,960.2942504882812,5384143
2023-06-23,Sun_Pharma,994.0,995.9500122070312,977.2999877929688,991.4500122070312,961.409423828125,1218237
2023-06-26,Sun_Pharma,994.0,1003.7999877929688,991.4500122070312,994.9500122070312,964.803466796875,2066932
2023-06-27,Sun_Pharma,999.9500122070312,1003.3499755859375,986.0,1001.7999877929688,971.4458618164062,4647465
2023-06-28,Sun_Pharma,995.0,1025.550048828125,995.0,1021.7999877929688,990.83984375,5296330
2023-06-30,Sun_Pharma,1021.75,1055.0,1020.0499877929688,1051.5999755859375,1019.73681640625,4765060
2023-07-03,Sun_Pharma,1053.0,1053.6500244140625,1030.0,1032.699951171875,1001.4095458984375,2338356
2023-07-04,Sun_Pharma,1040.0,1053.9000244140625,1029.9000244140625,1048.800048828125,1017.0219116210938,1549174
2023-07-05,Sun_Pharma,1055.0,1057.699951171875,1042.6500244140625,1044.699951171875,1013.0458984375,1840716
2023-07-06,Sun_Pharma,1040.0,1056.5999755859375,1040.0,1042.5,1010.91259765625,2551103
2023-07-07,Sun_Pharma,1033.5,1051.199951171875,1028.75,1035.699951171875,1004.318603515625,1721224
2023-07-10,Sun_Pharma,1036.0,1051.0,1031.0999755859375,1045.0,1013.3369140625,1221769
2023-07-11,Sun_Pharma,1052.0,1074.75,1049.050048828125,1072.25,1039.7613525390625,4369937
2023-07-12,Sun_Pharma,1075.0,1083.75,1070.0,1078.75,1046.0643310546875,5088473
2023-07-13,Sun_Pharma,1081.9000244140625,1081.9000244140625,1071.699951171875,1075.6500244140625,1043.05810546875,1541690
2023-07-14,Sun_Pharma,1079.949951171875,1080.0,1065.0,1072.949951171875,1040.43994140625,2641580
2023-07-17,Sun_Pharma,1073.699951171875,1081.050048828125,1070.5,1077.5999755859375,1044.948974609375,1254025
2023-07-18,Sun_Pharma,1078.449951171875,1078.9000244140625,1064.3499755859375,1067.1500244140625,1034.8157958984375,2238739
2023-07-19,Sun_Pharma,1067.1500244140625,1086.0,1063.8499755859375,1081.8499755859375,1049.0703125,2311282
2023-07-20,Sun_Pharma,1086.050048828125,1104.5,1082.300048828125,1097.6500244140625,1064.3917236328125,5218991
2023-07-21,Sun_Pharma,1103.4000244140625,1104.199951171875,1090.3499755859375,1097.1500244140625,1063.9068603515625,1879610
2023-07-24,Sun_Pharma,1094.0,1107.3499755859375,1092.5,1100.4000244140625,1067.058349609375,2130036
2023-07-25,Sun_Pharma,1110.0,1110.0,1090.800048828125,1095.050048828125,1061.8704833984375,1702900
2023-07-26,Sun_Pharma,1097.050048828125,1114.4000244140625,1094.0999755859375,1112.0,1078.3067626953125,1321572
2023-07-27,Sun_Pharma,1128.0,1155.3499755859375,1116.300048828125,1134.949951171875,1100.5615234375,6366612
2023-07-28,Sun_Pharma,1129.949951171875,1143.9000244140625,1121.6500244140625,1138.550048828125,1107.957275390625,2677679
2023-07-31,Sun_Pharma,1140.0,1145.0,1127.0,1143.4000244140625,1112.6768798828125,1718336
2023-08-01,Sun_Pharma,1143.4000244140625,1152.6500244140625,1136.0,1143.449951171875,1112.7254638671875,1448567
2023-08-02,Sun_Pharma,1143.949951171875,1144.300048828125,1126.449951171875,1135.25,1104.745849609375,1731918
2023-08-03,Sun_Pharma,1130.25,1169.699951171875,1122.3499755859375,1141.0,1110.34130859375,8460399
2023-08-04,Sun_Pharma,1129.0,1145.0,1121.050048828125,1138.949951171875,1108.3463134765625,3527805
2023-08-07,Sun_Pharma,1138.949951171875,1166.75,1133.5,1160.800048828125,1129.6092529296875,3353219
2023-08-08,Sun_Pharma,1162.199951171875,1164.5999755859375,1139.949951171875,1148.6500244140625,1117.7857666015625,3073468
2023-08-09,Sun_Pharma,1151.1500244140625,1159.300048828125,1140.300048828125,1152.800048828125,1121.8243408203125,1306791
2023-08-10,Sun_Pharma,1150.5999755859375,1157.9000244140625,1143.5999755859375,1150.300048828125,1119.391357421875,1443067
2023-08-11,Sun_Pharma,1150.050048828125,1151.0,1130.5,1132.3499755859375,1101.9237060546875,1756630
2023-08-14,Sun_Pharma,1131.0,1142.0,1120.5,1134.25,1103.7728271484375,1824622
2023-08-16,Sun_Pharma,1134.949951171875,1145.5,1121.8499755859375,1143.6500244140625,1112.92041015625,1224080
2023-08-17,Sun_Pharma,1143.6500244140625,1148.949951171875,1137.5,1144.800048828125,1114.0394287109375,1964341
2023-08-18,Sun_Pharma,1141.0,1149.300048828125,1129.0,1134.9000244140625,1104.4052734375,1473774
2023-08-21,Sun_Pharma,1129.949951171875,1143.9000244140625,1127.1500244140625,1137.4000244140625,1106.8380126953125,941384
2023-08-22,Sun_Pharma,1135.0,1147.0,1130.0,1137.550048828125,1106.984130859375,1438879
2023-08-23,Sun_Pharma,1128.0,1130.449951171875,1110.5999755859375,1123.699951171875,1093.506103515625,3050418
2023-08-24,Sun_Pharma,1123.5999755859375,1133.0999755859375,1113.199951171875,1118.300048828125,1088.25146484375,1575291
2023-08-25,Sun_Pharma,1118.0,1123.300048828125,1100.25,1106.300048828125,1076.5738525390625,1515282
2023-08-28,Sun_Pharma,1110.050048828125,1124.1500244140625,1105.1500244140625,1117.0,1086.9864501953125,1959645
2023-08-29,Sun_Pharma,1125.050048828125,1125.050048828125,1106.449951171875,1111.5999755859375,1081.7313232421875,1749707
2023-08-30,Sun_Pharma,1117.5,1119.1500244140625,1110.5,1114.9000244140625,1084.942626953125,1543173
2023-08-31,Sun_Pharma,1118.8499755859375,1118.8499755859375,1101.699951171875,1111.5999755859375,1081.7313232421875,4782404
2023-09-01,Sun_Pharma,1112.0,1117.5,1105.75,1109.0,1079.201171875,2715249
2023-09-04,Sun_Pharma,1114.0,1114.0,1102.0,1108.9000244140625,1079.1038818359375,1205294
2023-09-05,Sun_Pharma,1110.0,1136.0,1107.199951171875,1131.9000244140625,1101.48583984375,1698118
2023-09-06,Sun_Pharma,1137.0,1149.0,1129.050048828125,1142.3499755859375,1111.6551513671875,2960249
2023-09-07,Sun_Pharma,1140.0,1141.449951171875,1128.5999755859375,1133.050048828125,1102.60498046875,1863837
2023-09-08,Sun_Pharma,1133.0,1138.050048828125,1128.5,1130.449951171875,1100.0745849609375,1789037
2023-09-11,Sun_Pharma,1130.449951171875,1140.0,1125.699951171875,1136.9000244140625,1106.3516845703125,2032253
2023-09-12,Sun_Pharma,1142.050048828125,1153.800048828125,1137.0999755859375,1145.25,1114.4771728515625,3989578
2023-09-13,Sun_Pharma,1149.0,1156.699951171875,1142.300048828125,1148.75,1117.88330078125,2115524
2023-09-14,Sun_Pharma,1148.75,1150.9000244140625,1138.75,1143.800048828125,1113.0662841796875,2065163
2023-09-15,Sun_Pharma,1144.0,1153.800048828125,1144.0,1149.800048828125,1118.905029296875,2404169
2023-09-18,Sun_Pharma,1149.0,1157.0,1142.550048828125,1147.6500244140625,1116.812744140625,962842
2023-09-20,Sun_Pharma,1148.0,1156.0,1139.0,1153.1500244140625,1122.1649169921875,2303191
2023-09-21,Sun_Pharma,1149.0,1156.949951171875,1141.1500244140625,1146.1500244140625,1115.35302734375,2088934
2023-09-22,Sun_Pharma,1142.5,1148.0,1128.300048828125,1132.3499755859375,1101.9237060546875,1585418
2023-09-25,Sun_Pharma,1126.199951171875,1136.800048828125,1121.6500244140625,1124.050048828125,1093.846923828125,1009279
2023-09-26,Sun_Pharma,1125.0,1130.0,1118.5,1125.8499755859375,1095.5985107421875,1966198
2023-09-27,Sun_Pharma,1126.1500244140625,1145.9000244140625,1123.199951171875,1139.949951171875,1109.3194580078125,2332018
2023-09-28,Sun_Pharma,1142.949951171875,1152.0,1128.8499755859375,1132.300048828125,1101.8751220703125,2685663
2023-09-29,Sun_Pharma,1134.300048828125,1167.4000244140625,1134.300048828125,1158.6500244140625,1127.5172119140625,2288577
2023-10-03,Sun_Pharma,1159.550048828125,1161.949951171875,1139.25,1141.449951171875,1110.7794189453125,1946966
2023-10-04,Sun_Pharma,1138.0999755859375,1139.0,1113.0,1123.800048828125,1093.603759765625,1803871
2023-10-05,Sun_Pharma,1124.6500244140625,1128.6500244140625,1111.800048828125,1119.0999755859375,1089.02978515625,2348562
2023-10-06,Sun_Pharma,1128.0,1132.1500244140625,1123.0999755859375,1127.300048828125,1097.0096435546875,1056281
2023-10-09,Sun_Pharma,1111.0,1133.800048828125,1109.0,1123.050048828125,1092.8739013671875,1080276
2023-10-10,Sun_Pharma,1122.0,1130.4000244140625,1119.800048828125,1126.5,1096.23095703125,1092093
2023-10-11,Sun_Pharma,1128.0,1134.449951171875,1122.3499755859375,1128.75,1098.4205322265625,1456045
2023-10-12,Sun_Pharma,1129.0,1132.550048828125,1121.199951171875,1130.4000244140625,1100.0262451171875,1221965
2023-10-13,Sun_Pharma,1126.0999755859375,1147.199951171875,1122.0,1145.300048828125,1114.52587890625,1934884
2023-10-16,Sun_Pharma,1141.5,1147.25,1133.050048828125,1135.300048828125,1104.7945556640625,1144308
2023-10-17,Sun_Pharma,1138.6500244140625,1144.0,1134.0,1136.800048828125,1106.2542724609375,798807
2023-10-18,Sun_Pharma,1137.0,1161.800048828125,1134.050048828125,1153.4000244140625,1122.4080810546875,2178517
2023-10-19,Sun_Pharma,1147.4000244140625,1150.0,1135.0,1141.5,1110.827880859375,1765065
2023-10-20,Sun_Pharma,1138.0,1145.0,1133.0999755859375,1142.199951171875,1111.509033203125,957910
2023-10-23,Sun_Pharma,1135.0,1149.199951171875,1118.0,1122.449951171875,1092.2899169921875,702730
2023-10-25,Sun_Pharma,1125.0,1129.699951171875,1112.800048828125,1120.300048828125,1090.1976318359375,1800673
2023-10-26,Sun_Pharma,1115.949951171875,1117.949951171875,1097.5,1103.699951171875,1074.0435791015625,2223975
2023-10-27,Sun_Pharma,1112.0,1119.800048828125,1107.6500244140625,1111.300048828125,1081.4393310546875,1250965
2023-10-30,Sun_Pharma,1115.699951171875,1119.949951171875,1103.8499755859375,1115.199951171875,1085.2344970703125,1078813
2023-10-31,Sun_Pharma,1119.449951171875,1119.5999755859375,1068.3499755859375,1088.5999755859375,1059.3492431640625,6475786
2023-11-01,Sun_Pharma,1092.0,1132.550048828125,1082.5999755859375,1116.199951171875,1086.2076416015625,3973264
2023-11-02,Sun_Pharma,1127.8499755859375,1137.550048828125,1110.5999755859375,1132.8499755859375,1102.4102783203125,3454692
2023-11-03,Sun_Pharma,1138.5,1145.699951171875,1131.5,1141.0999755859375,1110.4385986328125,1741756
2023-11-06,Sun_Pharma,1140.0999755859375,1151.0,1140.0,1150.0,1119.0994873046875,1428537
2023-11-07,Sun_Pharma,1149.0,1173.550048828125,1146.550048828125,1170.949951171875,1139.486572265625,1811831
2023-11-08,Sun_Pharma,1175.0,1182.9000244140625,1171.0,1176.699951171875,1145.08203125,1702301
2023-11-09,Sun_Pharma,1181.0,1183.25,1166.8499755859375,1176.199951171875,1144.5955810546875,1849169
2023-11-10,Sun_Pharma,1174.050048828125,1181.5,1170.0999755859375,1179.3499755859375,1147.660888671875,957539
2023-11-13,Sun_Pharma,1180.0999755859375,1187.550048828125,1173.75,1177.800048828125,1146.152587890625,816825
2023-11-15,Sun_Pharma,1179.5,1184.4000244140625,1171.0,1180.9000244140625,1149.1693115234375,2246320
2023-11-16,Sun_Pharma,1182.0,1194.9000244140625,1179.5999755859375,1189.550048828125,1157.5869140625,2205723
2023-11-17,Sun_Pharma,1189.800048828125,1198.4000244140625,1187.949951171875,1194.5999755859375,1162.5010986328125,891965
2023-11-20,Sun_Pharma,1196.0,1198.25,1185.25,1188.0,1156.078369140625,1054810
2023-11-21,Sun_Pharma,1189.0,1205.0,1186.25,1201.4000244140625,1169.1182861328125,999135
2023-11-22,Sun_Pharma,1205.0,1214.800048828125,1199.0,1204.0999755859375,1171.745849609375,1401782
2023-11-23,Sun_Pharma,1203.550048828125,1209.9000244140625,1194.75,1198.800048828125,1166.5882568359375,1177434
2023-11-24,Sun_Pharma,1200.0,1209.5999755859375,1192.800048828125,1195.449951171875,1163.3282470703125,1376695
2023-11-28,Sun_Pharma,1197.1500244140625,1200.3499755859375,1189.75,1191.3499755859375,1159.33837890625,886708
2023-11-29,Sun_Pharma,1191.949951171875,1209.5,1184.5,1202.199951171875,1169.896728515625,1813462
2023-11-30,Sun_Pharma,1192.3499755859375,1231.1500244140625,1192.3499755859375,1225.8499755859375,1192.911376953125,4672807
2023-12-01,Sun_Pharma,1233.050048828125,1241.8499755859375,1225.0,1231.25,1198.1663818359375,1749751
2023-12-04,Sun_Pharma,1237.25,1240.0,1220.5,1231.1500244140625,1198.069091796875,1615837
2023-12-05,Sun_Pharma,1225.9000244140625,1243.5999755859375,1220.550048828125,1239.550048828125,1206.243408203125,930042
2023-12-06,Sun_Pharma,1248.550048828125,1258.0,1233.300048828125,1240.3499755859375,1207.0218505859375,1704590
2023-12-07,Sun_Pharma,1231.0,1241.9000244140625,1228.9000244140625,1239.300048828125,1206.0001220703125,1478355
2023-12-08,Sun_Pharma,1236.050048828125,1247.5999755859375,1230.6500244140625,1235.800048828125,1202.593994140625,1612113
2023-12-11,Sun_Pharma,1236.0,1246.3499755859375,1215.0999755859375,1241.4000244140625,1208.0435791015625,1172972
2023-12-12,Sun_Pharma,1249.0,1250.0,1212.6500244140625,1218.0,1185.2724609375,2832873
2023-12-13,Sun_Pharma,1218.300048828125,1239.5999755859375,1212.6500244140625,1233.0999755859375,1199.966552734375,2448178
2023-12-14,Sun_Pharma,1239.0,1239.9000244140625,1224.25,1231.300048828125,1198.2149658203125,2341190
2023-12-15,Sun_Pharma,1241.0,1246.5,1233.0,1235.75,1202.5455322265625,3474624
2023-12-18,Sun_Pharma,1235.75,1267.9000244140625,1234.0,1252.75,1219.088623046875,2135393
2023-12-19,Sun_Pharma,1264.800048828125,1267.949951171875,1236.5,1244.949951171875,1211.498046875,2187458
2023-12-20,Sun_Pharma,1255.0,1255.0,1228.449951171875,1232.1500244140625,1199.0421142578125,1837031
2023-12-21,Sun_Pharma,1224.0999755859375,1237.949951171875,1208.550048828125,1233.5,1200.3558349609375,1916222
2023-12-22,Sun_Pharma,1240.0,1251.0,1236.050048828125,1243.6500244140625,1210.233154296875,2058127
2023-12-26,Sun_Pharma,1243.6500244140625,1250.0,1239.300048828125,1247.5,1213.979736328125,1796483
2023-12-27,Sun_Pharma,1250.0,1255.4000244140625,1241.25,1252.449951171875,1218.7967529296875,2005268
2023-12-28,Sun_Pharma,1254.949951171875,1264.6500244140625,1249.550048828125,1262.1500244140625,1228.236083984375,2043365
2023-12-29,Sun_Pharma,1262.0999755859375,1271.949951171875,1252.550048828125,1259.449951171875,1225.608642578125,1840160
2024-01-01,Sun_Pharma,1261.0,1263.949951171875,1252.5,1260.25,1226.38720703125,733452
2024-01-02,Sun_Pharma,1261.0,1299.0,1257.1500244140625,1296.199951171875,1261.3709716796875,3174447
2024-01-03,Sun_Pharma,1296.199951171875,1304.6500244140625,1291.1500244140625,1298.5999755859375,1263.70654296875,1699057
2024-01-04,Sun_Pharma,1304.0,1328.5,1297.050048828125,1312.949951171875,1277.6710205078125,2851729
2024-01-05,Sun_Pharma,1318.0,1318.0,1287.0,1300.199951171875,1265.2635498046875,2960339
2024-01-08,Sun_Pharma,1305.4000244140625,1309.949951171875,1299.300048828125,1305.300048828125,1270.226806640625,1678133
2024-01-09,Sun_Pharma,1314.949951171875,1333.449951171875,1306.8499755859375,1324.0,1288.424072265625,1712486
2024-01-10,Sun_Pharma,1330.050048828125,1333.5,1313.1500244140625,1324.8499755859375,1289.251220703125,1278475
2024-01-11,Sun_Pharma,1328.0,1331.9000244140625,1310.199951171875,1316.25,1280.88232421875,1320281
2024-01-12,Sun_Pharma,1319.0,1330.0,1305.550048828125,1325.949951171875,1290.3216552734375,1538242
2024-01-15,Sun_Pharma,1329.199951171875,1340.0,1321.5999755859375,1329.3499755859375,1293.63037109375,1475983
2024-01-16,Sun_Pharma,1330.050048828125,1331.550048828125,1307.550048828125,1313.449951171875,1278.1575927734375,824502
2024-01-17,Sun_Pharma,1312.0,1320.449951171875,1294.3499755859375,1299.0,1264.095947265625,2544642
2024-01-18,Sun_Pharma,1298.949951171875,1343.4000244140625,1290.0,1335.75,1299.8583984375,2842572
2024-01-19,Sun_Pharma,1340.0,1344.4000244140625,1329.1500244140625,1335.5999755859375,1299.7125244140625,1605745
2024-01-23,Sun_Pharma,1316.0,1394.5999755859375,1316.0,1378.300048828125,1341.26513671875,4129729
2024-01-24,Sun_Pharma,1380.0,1390.0,1360.3499755859375,1382.0999755859375,1344.9630126953125,1719845
2024-01-25,Sun_Pharma,1383.550048828125,1390.0999755859375,1348.5,1368.300048828125,1331.533935546875,1870910
2024-01-29,Sun_Pharma,1365.0,1420.8499755859375,1355.199951171875,1400.8499755859375,1363.208984375,3413149
2024-01-30,Sun_Pharma,1401.9000244140625,1409.199951171875,1369.1500244140625,1371.75,1334.89111328125,1935332
2024-01-31,Sun_Pharma,1371.699951171875,1438.9000244140625,1366.9000244140625,1418.449951171875,1380.33642578125,5796356
2024-02-01,Sun_Pharma,1427.0,1430.449951171875,1398.9000244140625,1407.949951171875,1370.1182861328125,2442481
2024-02-02,Sun_Pharma,1409.0,1433.8499755859375,1405.1500244140625,1416.6500244140625,1378.58447265625,1775449
2024-02-05,Sun_Pharma,1426.800048828125,1466.0,1423.5999755859375,1463.800048828125,1424.4677734375,3481964
2024-02-06,Sun_Pharma,1450.0,1478.0,1446.550048828125,1475.0999755859375,1435.464111328125,1893995
2024-02-07,Sun_Pharma,1483.0,1500.449951171875,1480.4000244140625,1496.199951171875,1455.9971923828125,2259235
2024-02-08,Sun_Pharma,1501.050048828125,1507.5,1485.3499755859375,1499.5999755859375,1459.305908203125,2213750
2024-02-09,Sun_Pharma,1500.9000244140625,1539.0,1492.25,1534.800048828125,1502.0740966796875,6343881
2024-02-12,Sun_Pharma,1539.8499755859375,1555.0999755859375,1521.0999755859375,1534.449951171875,1501.7314453125,4059288
2024-02-13,Sun_Pharma,1537.5,1551.0,1525.449951171875,1542.199951171875,1509.3160400390625,4687838
2024-02-14,Sun_Pharma,1545.800048828125,1545.800048828125,1508.050048828125,1520.4000244140625,1487.98095703125,2105672
2024-02-15,Sun_Pharma,1529.050048828125,1529.050048828125,1505.550048828125,1509.9000244140625,1477.7049560546875,2161691
2024-02-16,Sun_Pharma,1515.0,1522.0,1504.8499755859375,1509.949951171875,1477.753662109375,3480879
2024-02-19,Sun_Pharma,1514.8499755859375,1532.75,1507.4000244140625,1530.0999755859375,1497.47412109375,777823
2024-02-20,Sun_Pharma,1532.0,1542.0,1512.25,1538.699951171875,1505.890869140625,2230669
2024-02-21,Sun_Pharma,1540.050048828125,1549.5,1533.0,1543.4000244140625,1510.4906005859375,1993748
2024-02-22,Sun_Pharma,1549.5999755859375,1561.0,1535.0,1558.050048828125,1524.8282470703125,1981678
2024-02-23,Sun_Pharma,1558.0,1568.449951171875,1550.4000244140625,1561.25,1527.9599609375,1340283
2024-02-26,Sun_Pharma,1562.0,1566.9000244140625,1548.699951171875,1556.949951171875,1523.751708984375,974892
2024-02-27,Sun_Pharma,1556.75,1585.449951171875,1549.050048828125,1582.75,1549.0015869140625,2140963
2024-02-28,Sun_Pharma,1586.5,1587.449951171875,1562.6500244140625,1573.8499755859375,1540.291259765625,578316
2024-02-29,Sun_Pharma,1575.0,1587.800048828125,1556.5,1577.949951171875,1544.3037109375,2350244
2024-03-01,Sun_Pharma,1580.0,1581.9000244140625,1548.050048828125,1559.25,1526.00244140625,4069161
2024-03-04,Sun_Pharma,1550.550048828125,1569.0999755859375,1548.9000244140625,1552.0999755859375,1519.0050048828125,2298105
2024-03-05,Sun_Pharma,1553.800048828125,1576.4000244140625,1535.4000244140625,1574.199951171875,1540.6337890625,1408172
2024-03-06,Sun_Pharma,1575.0,1606.75,1566.4000244140625,1604.0,1569.7984619140625,1761032
2024-03-07,Sun_Pharma,1610.75,1619.949951171875,1600.4000244140625,1605.699951171875,1571.462158203125,2440999
2024-03-11,Sun_Pharma,1615.1500244140625,1627.0,1586.4000244140625,1593.5999755859375,1559.6201171875,2994345
2024-03-12,Sun_Pharma,1592.199951171875,1603.800048828125,1580.1500244140625,1584.300048828125,1550.5186767578125,1294598
2024-03-13,Sun_Pharma,1581.199951171875,1592.199951171875,1544.0,1558.5999755859375,1525.3665771484375,2881503
2024-03-14,Sun_Pharma,1567.25,1574.300048828125,1546.25,1570.199951171875,1536.7191162109375,3062556
2024-03-15,Sun_Pharma,1568.75,1573.5,1541.199951171875,1548.199951171875,1515.1881103515625,3421374
2024-03-18,Sun_Pharma,1548.25,1576.25,1543.449951171875,1571.25,1537.746826171875,2281873
2024-03-19,Sun_Pharma,1574.0,1579.75,1540.4000244140625,1548.449951171875,1515.432861328125,3692624
2024-03-20,Sun_Pharma,1559.949951171875,1559.949951171875,1520.5,1549.3499755859375,1516.3138427734375,3412218
2024-03-21,Sun_Pharma,1564.800048828125,1570.8499755859375,1542.550048828125,1565.199951171875,1531.82568359375,2567975
2024-03-22,Sun_Pharma,1568.9000244140625,1621.0,1566.0999755859375,1608.9000244140625,1574.593994140625,4941447
2024-03-26,Sun_Pharma,1595.050048828125,1614.699951171875,1593.0999755859375,1598.0999755859375,1564.024169921875,3649049
2024-03-27,Sun_Pharma,1602.0,1626.1500244140625,1592.0999755859375,1604.1500244140625,1569.9453125,2530169
2024-03-28,Sun_Pharma,1609.949951171875,1634.0,1607.949951171875,1620.550048828125,1585.9954833984375,4427587
2024-04-01,Sun_Pharma,1631.5999755859375,1633.75,1618.5,1629.25,1594.510009765625,1148498
2024-04-02,Sun_Pharma,1629.25,1633.0,1609.9000244140625,1622.25,1587.6591796875,1921533
2024-04-03,Sun_Pharma,1609.0,1628.949951171875,1594.199951171875,1619.8499755859375,1585.3104248046875,2098379
2024-04-04,Sun_Pharma,1620.9000244140625,1628.0,1587.1500244140625,1619.3499755859375,1584.821044921875,2439461
2024-04-05,Sun_Pharma,1611.0,1638.8499755859375,1606.0999755859375,1609.0,1574.6917724609375,1548980
2024-04-08,Sun_Pharma,1611.0,1618.9000244140625,1597.0,1599.699951171875,1565.5902099609375,1170390
2024-04-09,Sun_Pharma,1601.0,1608.8499755859375,1591.949951171875,1602.550048828125,1568.3792724609375,1389391
2024-04-10,Sun_Pharma,1603.050048828125,1608.5,1583.75,1604.050048828125,1569.847412109375,1928878
2024-04-12,Sun_Pharma,1595.0,1595.0,1534.0,1540.0,1507.1632080078125,8258068
2024-04-15,Sun_Pharma,1517.5999755859375,1544.0999755859375,1503.800048828125,1540.050048828125,1507.212158203125,2474028
2024-04-16,Sun_Pharma,1535.0,1543.300048828125,1525.1500244140625,1537.550048828125,1504.7652587890625,2058697
2024-04-18,Sun_Pharma,1545.550048828125,1545.550048828125,1506.449951171875,1516.4000244140625,1484.0662841796875,3266796
2024-04-19,Sun_Pharma,1505.0,1528.300048828125,1503.699951171875,1522.800048828125,1490.329833984375,2536516
2024-04-22,Sun_Pharma,1528.449951171875,1548.0,1521.949951171875,1540.0999755859375,1507.2608642578125,1680307
2024-04-23,Sun_Pharma,1562.0,1562.449951171875,1477.699951171875,1484.6500244140625,1452.9932861328125,9160422
2024-04-24,Sun_Pharma,1484.6500244140625,1503.0,1479.3499755859375,1485.75,1454.0699462890625,4652803
2024-04-25,Sun_Pharma,1490.0,1527.300048828125,1488.6500244140625,1520.1500244140625,1487.736328125,3846327
2024-04-26,Sun_Pharma,1531.0,1532.0,1500.050048828125,1506.550048828125,1474.4263916015625,1794350
2024-04-29,Sun_Pharma,1516.0,1527.800048828125,1510.050048828125,1521.5999755859375,1489.1552734375,1091667
2024-04-30,Sun_Pharma,1527.0,1529.1500244140625,1497.0,1502.0999755859375,1470.0712890625,1991646
2024-05-02,Sun_Pharma,1503.0,1530.0,1502.0,1519.0,1486.6109619140625,2494925
2024-05-03,Sun_Pharma,1527.0,1537.0,1501.5,1511.1500244140625,1478.92822265625,3183226
2024-05-06,Sun_Pharma,1518.0,1534.0,1508.75,1529.1500244140625,1496.5445556640625,1240626
2024-05-07,Sun_Pharma,1535.949951171875,1543.1500244140625,1510.0999755859375,1515.3499755859375,1483.038818359375,1532550
2024-05-08,Sun_Pharma,1510.0,1525.800048828125,1502.25,1521.75,1489.30224609375,1026357
2024-05-09,Sun_Pharma,1521.199951171875,1529.949951171875,1489.800048828125,1494.6500244140625,1462.7801513671875,1477007
2024-05-10,Sun_Pharma,1494.6500244140625,1526.449951171875,1491.0,1506.550048828125,1474.4263916015625,1528487
2024-05-13,Sun_Pharma,1513.0,1530.0,1502.0,1525.050048828125,1492.531982421875,1628326
2024-05-14,Sun_Pharma,1525.0,1547.949951171875,1516.050048828125,1545.25,1512.301025390625,2206236
2024-05-15,Sun_Pharma,1545.25,1550.25,1520.3499755859375,1527.4000244140625,1494.831787109375,1207536
2024-05-16,Sun_Pharma,1529.0,1541.1500244140625,1508.300048828125,1536.300048828125,1503.5419921875,2684392
2024-05-17,Sun_Pharma,1536.0,1537.300048828125,1520.1500244140625,1531.4000244140625,1498.7464599609375,1341676
2024-05-21,Sun_Pharma,1530.0,1558.300048828125,1524.0,1540.949951171875,1508.0928955078125,1791791
2024-05-22,Sun_Pharma,1547.0,1564.0,1505.4000244140625,1539.300048828125,1506.47802734375,3948239
2024-05-23,Sun_Pharma,1510.0,1510.0,1467.0,1495.0999755859375,1463.220458984375,11618479
2024-05-24,Sun_Pharma,1504.0,1505.699951171875,1477.0999755859375,1486.699951171875,1454.9996337890625,5307322
2024-05-27,Sun_Pharma,1486.699951171875,1501.0,1460.550048828125,1466.050048828125,1434.789794921875,3474806
2024-05-28,Sun_Pharma,1468.949951171875,1479.0999755859375,1455.949951171875,1464.9000244140625,1433.66455078125,2616438
2024-05-29,Sun_Pharma,1468.0999755859375,1495.0,1465.6500244140625,1478.949951171875,1447.414794921875,2843365
2024-05-30,Sun_Pharma,1476.0,1477.4000244140625,1449.5,1459.0999755859375,1427.9881591796875,3133423
2024-05-31,Sun_Pharma,1465.0,1479.4000244140625,1440.0,1459.800048828125,1428.67333984375,5503924
2024-06-03,Sun_Pharma,1496.5,1498.0,1451.0,1453.050048828125,1422.0672607421875,1855318
2024-06-04,Sun_Pharma,1461.5999755859375,1476.300048828125,1377.199951171875,1429.8499755859375,1399.3616943359375,5055952
2024-06-05,Sun_Pharma,1449.699951171875,1490.0,1432.0,1487.300048828125,1455.5869140625,2487724
2024-06-06,Sun_Pharma,1494.0,1494.0,1455.050048828125,1472.699951171875,1441.298095703125,3004955
2024-06-07,Sun_Pharma,1479.9000244140625,1510.0999755859375,1472.1500244140625,1506.8499755859375,1474.7198486328125,3404664
2024-06-10,Sun_Pharma,1519.0,1521.699951171875,1505.0999755859375,1513.0999755859375,1480.8367919921875,1433942
2024-06-11,Sun_Pharma,1524.0,1525.0,1497.3499755859375,1499.75,1467.7713623046875,1441589
2024-06-12,Sun_Pharma,1500.0,1514.550048828125,1495.8499755859375,1506.8499755859375,1474.7198486328125,994784
2024-06-13,Sun_Pharma,1514.5999755859375,1514.5999755859375,1498.0,1510.800048828125,1478.585693359375,1412477
2024-06-14,Sun_Pharma,1513.8499755859375,1518.0,1505.550048828125,1516.0,1483.6746826171875,937490
2024-06-18,Sun_Pharma,1522.5999755859375,1522.8499755859375,1510.199951171875,1520.949951171875,1488.5191650390625,1478241
2024-06-19,Sun_Pharma,1524.949951171875,1529.8499755859375,1500.0,1504.0,1471.9307861328125,1537367
2024-06-20,Sun_Pharma,1487.949951171875,1487.949951171875,1467.0,1471.0,1439.63427734375,4168375
2024-06-21,Sun_Pharma,1480.0999755859375,1488.0,1460.9000244140625,1467.25,1435.9642333984375,4426556
2024-06-24,Sun_Pharma,1475.050048828125,1502.9000244140625,1475.050048828125,1494.5,1462.63330078125,3726155
2024-06-25,Sun_Pharma,1498.050048828125,1508.0,1492.300048828125,1505.199951171875,1473.1051025390625,1833311
2024-06-26,Sun_Pharma,1502.0,1528.9000244140625,1495.25,1521.1500244140625,1488.715087890625,2563493
2024-06-27,Sun_Pharma,1525.0,1528.050048828125,1505.0,1516.25,1483.91943359375,3881458
2024-06-28,Sun_Pharma,1520.0,1538.949951171875,1515.5999755859375,1520.8499755859375,1488.42138671875,2634599
2024-07-01,Sun_Pharma,1520.8499755859375,1530.0,1503.8499755859375,1520.0999755859375,1487.6873779296875,1451094
2024-07-02,Sun_Pharma,1514.0,1534.9000244140625,1508.25,1524.050048828125,1491.55322265625,1336816
2024-07-03,Sun_Pharma,1519.3499755859375,1536.25,1498.300048828125,1533.949951171875,1501.2421875,1061099
2024-07-04,Sun_Pharma,1535.0,1571.0,1526.0,1557.9000244140625,1524.6812744140625,2630823
2024-07-05,Sun_Pharma,1562.0,1574.75,1557.0,1568.4000244140625,1534.95751953125,2481046
2024-07-08,Sun_Pharma,1570.5999755859375,1574.800048828125,1550.949951171875,1556.4000244140625,1523.21337890625,1120204
2024-07-09,Sun_Pharma,1564.800048828125,1589.9000244140625,1549.800048828125,1585.4000244140625,1551.5950927734375,1492840
2024-07-10,Sun_Pharma,1592.800048828125,1601.1500244140625,1567.5999755859375,1598.550048828125,1564.464599609375,1899956
2024-07-11,Sun_Pharma,1601.0,1602.5,1572.300048828125,1581.75,1548.0228271484375,1707500
2024-07-12,Sun_Pharma,1582.0,1587.3499755859375,1550.0,1577.300048828125,1548.56298828125,1426598
2024-07-15,Sun_Pharma,1579.949951171875,1594.699951171875,1577.300048828125,1586.199951171875,1557.3006591796875,832804
2024-07-16,Sun_Pharma,1589.0,1595.0,1574.949951171875,1579.300048828125,1550.5264892578125,688481
2024-07-18,Sun_Pharma,1575.0,1596.5999755859375,1570.25,1594.25,1565.2041015625,1665636
2024-07-19,Sun_Pharma,1584.699951171875,1589.75,1565.1500244140625,1568.6500244140625,1540.0704345703125,1649335
2024-07-22,Sun_Pharma,1555.050048828125,1589.5,1555.050048828125,1587.3499755859375,1558.4298095703125,826636
2024-07-23,Sun_Pharma,1587.0,1605.6500244140625,1574.300048828125,1601.5999755859375,1572.420166015625,1502677
2024-07-24,Sun_Pharma,1602.0,1624.949951171875,1592.0,1619.449951171875,1589.94482421875,2923358
2024-07-25,Sun_Pharma,1614.8499755859375,1681.300048828125,1602.199951171875,1665.800048828125,1635.450439453125,5329712
2024-07-26,Sun_Pharma,1670.449951171875,1723.800048828125,1665.0,1714.25,1683.017822265625,4591049
2024-07-29,Sun_Pharma,1715.25,1728.75,1692.75,1723.25,1691.853759765625,3187339
2024-07-30,Sun_Pharma,1716.0999755859375,1725.449951171875,1697.0,1701.5999755859375,1670.5982666015625,1525840
2024-07-31,Sun_Pharma,1702.0999755859375,1730.949951171875,1695.199951171875,1719.3499755859375,1688.02490234375,1594881
2024-08-01,Sun_Pharma,1725.5,1746.449951171875,1681.300048828125,1715.199951171875,1683.950439453125,5258291
2024-08-02,Sun_Pharma,1700.0,1741.800048828125,1683.8499755859375,1731.6500244140625,1700.1007080078125,2992406
2024-08-05,Sun_Pharma,1725.0,1758.0,1715.0,1720.3499755859375,1689.006591796875,5165558
2024-08-06,Sun_Pharma,1725.0,1734.0,1703.949951171875,1707.550048828125,1676.4398193359375,1710278
2024-08-07,Sun_Pharma,1720.0,1736.8499755859375,1709.4000244140625,1734.449951171875,1702.849609375,1922313
2024-08-08,Sun_Pharma,1735.0,1748.6500244140625,1728.3499755859375,1737.050048828125,1705.4024658203125,2480113
2024-08-09,Sun_Pharma,1749.800048828125,1749.800048828125,1730.050048828125,1735.300048828125,1703.684326171875,751683
2024-08-12,Sun_Pharma,1735.0,1748.5,1730.050048828125,1733.8499755859375,1702.2606201171875,1526788
2024-08-13,Sun_Pharma,1740.0,1751.8499755859375,1725.5999755859375,1740.0999755859375,1708.3968505859375,2076963
2024-08-14,Sun_Pharma,1747.5,1753.0,1732.5999755859375,1741.6500244140625,1709.9185791015625,2207250
2024-08-16,Sun_Pharma,1749.5999755859375,1751.1500244140625,1728.6500244140625,1742.75,1710.99853515625,2180718
2024-08-19,Sun_Pharma,1752.8499755859375,1752.8499755859375,1740.6500244140625,1747.800048828125,1715.95654296875,1363446
2024-08-20,Sun_Pharma,1751.800048828125,1770.800048828125,1745.1500244140625,1766.3499755859375,1734.16845703125,1766597
2024-08-21,Sun_Pharma,1770.0,1771.949951171875,1757.300048828125,1764.6500244140625,1732.4996337890625,1184193
2024-08-22,Sun_Pharma,1769.5,1769.5,1748.4000244140625,1750.6500244140625,1718.754638671875,1369554
2024-08-23,Sun_Pharma,1753.75,1781.449951171875,1751.9000244140625,1775.75,1743.3973388671875,3515492
2024-08-26,Sun_Pharma,1780.0,1780.0,1764.5,1772.449951171875,1740.1572265625,933372
2024-08-27,Sun_Pharma,1778.0,1792.5999755859375,1767.1500244140625,1789.4000244140625,1756.7987060546875,1231023
2024-08-28,Sun_Pharma,1796.9000244140625,1823.0,1786.3499755859375,1811.8499755859375,1778.839599609375,1768949
2024-08-29,Sun_Pharma,1809.9000244140625,1826.8499755859375,1790.25,1799.199951171875,1766.419921875,3205924
2024-08-30,Sun_Pharma,1798.1500244140625,1828.1500244140625,1791.300048828125,1821.6500244140625,1788.4609375,3036374
2024-09-02,Sun_Pharma,1829.949951171875,1837.0,1805.199951171875,1815.949951171875,1782.86474609375,1617946
2024-09-03,Sun_Pharma,1820.0,1839.550048828125,1805.0999755859375,1811.5,1778.4959716796875,2148689
2024-09-04,Sun_Pharma,1811.5,1835.0,1801.300048828125,1832.8499755859375,1799.4569091796875,2473477
2024-09-05,Sun_Pharma,1833.199951171875,1843.9000244140625,1820.0,1826.5,1793.2227783203125,1902919
2024-09-06,Sun_Pharma,1819.550048828125,1850.0,1805.0,1824.550048828125,1791.3082275390625,1701134
2024-09-09,Sun_Pharma,1824.550048828125,1835.4000244140625,1812.8499755859375,1821.8499755859375,1788.657470703125,1544883
2024-09-10,Sun_Pharma,1830.0,1842.25,1825.699951171875,1836.3499755859375,1802.8931884765625,1460472
2024-09-11,Sun_Pharma,1836.4000244140625,1857.5,1831.0999755859375,1845.699951171875,1812.0728759765625,1701900
2024-09-12,Sun_Pharma,1855.1500244140625,1871.5,1840.4000244140625,1865.4000244140625,1831.4139404296875,2744070
2024-09-13,Sun_Pharma,1865.0,1865.0,1851.4000244140625,1853.75,1819.9761962890625,1322430
2024-09-16,Sun_Pharma,1862.0,1873.3499755859375,1850.9000244140625,1862.949951171875,1829.008544921875,1284085
2024-09-17,Sun_Pharma,1863.0,1869.6500244140625,1859.25,1866.0999755859375,1832.10107421875,738265
2024-09-18,Sun_Pharma,1868.0,1868.0,1829.5999755859375,1836.0,1802.549560546875,1202676
2024-09-19,Sun_Pharma,1845.199951171875,1856.0,1835.0,1846.050048828125,1812.41650390625,1675819
2024-09-20,Sun_Pharma,1851.0999755859375,1871.0,1841.9000244140625,1865.75,1831.757568359375,4229991
2024-09-23,Sun_Pharma,1867.0,1875.0,1857.5,1862.699951171875,1828.7630615234375,812520
2024-09-24,Sun_Pharma,1856.0,1880.6500244140625,1856.0,1868.0999755859375,1834.0645751953125,2528953
2024-09-25,Sun_Pharma,1874.0,1876.0,1858.550048828125,1870.550048828125,1836.47021484375,956893
2024-09-26,Sun_Pharma,1870.550048828125,1905.0,1867.050048828125,1898.4000244140625,1863.8128662109375,2452807
2024-09-27,Sun_Pharma,1917.949951171875,1959.300048828125,1915.25,1948.699951171875,1913.1961669921875,3809008
2024-09-30,Sun_Pharma,1949.0,1960.3499755859375,1921.050048828125,1926.699951171875,1891.596923828125,2608461
2024-10-01,Sun_Pharma,1924.8499755859375,1934.75,1902.3499755859375,1919.949951171875,1884.969970703125,1275678
2024-10-03,Sun_Pharma,1900.800048828125,1936.300048828125,1896.050048828125,1910.8499755859375,1876.0357666015625,2492195
2024-10-04,Sun_Pharma,1910.8499755859375,1952.25,1903.6500244140625,1910.050048828125,1875.25048828125,2798189
2024-10-07,Sun_Pharma,1910.050048828125,1917.949951171875,1888.050048828125,1905.25,1870.5379638671875,1691999
2024-10-08,Sun_Pharma,1904.0,1921.449951171875,1901.550048828125,1917.1500244140625,1882.2210693359375,2309881
2024-10-09,Sun_Pharma,1894.550048828125,1947.0,1894.5,1930.8499755859375,1895.671630859375,1597182
2024-10-10,Sun_Pharma,1929.5999755859375,1937.949951171875,1883.9000244140625,1887.75,1853.356689453125,2383012
2024-10-11,Sun_Pharma,1899.0,1909.3499755859375,1890.5,1901.949951171875,1867.298095703125,1019117
2024-10-14,Sun_Pharma,1903.0,1915.75,1895.0999755859375,1909.75,1874.9559326171875,676879
2024-10-15,Sun_Pharma,1918.0,1920.4000244140625,1894.6500244140625,1898.449951171875,1863.8616943359375,1383203
2024-10-16,Sun_Pharma,1908.949951171875,1914.699951171875,1887.0,1898.5,1863.9107666015625,1401914
2024-10-17,Sun_Pharma,1923.550048828125,1923.6500244140625,1879.6500244140625,1889.550048828125,1855.1240234375,1447059
2024-10-18,Sun_Pharma,1900.0,1917.9000244140625,1872.699951171875,1910.3499755859375,1875.5450439453125,1203693
2024-10-21,Sun_Pharma,1918.800048828125,1920.550048828125,1890.550048828125,1897.0,1862.438232421875,660583
2024-10-22,Sun_Pharma,1892.0,1906.0,1881.0,1887.550048828125,1853.160400390625,1192915
2024-10-23,Sun_Pharma,1880.050048828125,1889.550048828125,1832.0,1839.3499755859375,1805.83837890625,1673366
2024-10-24,Sun_Pharma,1830.0,1859.550048828125,1829.449951171875,1848.9000244140625,1815.2144775390625,1739776
2024-10-25,Sun_Pharma,1856.800048828125,1875.5999755859375,1850.0999755859375,1860.4000244140625,1826.5048828125,2148004
2024-10-28,Sun_Pharma,1863.199951171875,1916.0,1835.0,1902.9000244140625,1868.2308349609375,2445724
2024-10-29,Sun_Pharma,1922.0,1922.699951171875,1862.0,1871.5999755859375,1837.5008544921875,2295542
2024-10-30,Sun_Pharma,1868.5,1880.9000244140625,1820.0,1852.0999755859375,1818.356201171875,1900203
2024-10-31,Sun_Pharma,1860.0,1872.5,1842.0999755859375,1848.9000244140625,1815.2144775390625,2572932
2024-11-01,Sun_Pharma,1860.0,1864.949951171875,1831.550048828125,1858.4000244140625,1824.54150390625,107596
2024-11-04,Sun_Pharma,1845.0,1845.0,1760.0999755859375,1808.9000244140625,1775.943359375,5031861
2024-11-05,Sun_Pharma,1805.0,1833.0,1799.449951171875,1803.5999755859375,1770.7398681640625,1658010
2024-11-06,Sun_Pharma,1815.550048828125,1840.0,1802.199951171875,1827.449951171875,1794.1553955078125,2060619
2024-11-07,Sun_Pharma,1845.0,1845.0,1778.800048828125,1790.949951171875,1758.3201904296875,1909269
2024-11-08,Sun_Pharma,1799.800048828125,1815.050048828125,1790.949951171875,1809.5999755859375,1776.6304931640625,1644075
2024-11-11,Sun_Pharma,1817.4000244140625,1817.6500244140625,1791.949951171875,1794.5999755859375,1761.90380859375,1069649
2024-11-12,Sun_Pharma,1801.9000244140625,1825.0,1795.0999755859375,1800.8499755859375,1768.0399169921875,2471888
2024-11-13,Sun_Pharma,1791.0,1797.300048828125,1770.449951171875,1779.0,1746.5880126953125,1810332
2024-11-14,Sun_Pharma,1779.699951171875,1796.0,1763.1500244140625,1768.199951171875,1735.98486328125,1473358
2024-11-18,Sun_Pharma,1799.0,1799.0,1743.199951171875,1747.75,1715.9073486328125,1533025
2024-11-19,Sun_Pharma,1730.050048828125,1806.75,1730.0,1777.25,1744.869873046875,1933316
2024-11-21,Sun_Pharma,1772.0,1791.449951171875,1758.050048828125,1780.0,1747.56982421875,2014349
2024-11-22,Sun_Pharma,1785.0,1814.949951171875,1768.050048828125,1795.300048828125,1762.5911865234375,1420813
2024-11-25,Sun_Pharma,1806.0,1830.0,1784.1500244140625,1798.9000244140625,1766.12548828125,3137448
2024-11-26,Sun_Pharma,1806.75,1806.75,1753.199951171875,1761.5999755859375,1729.505126953125,1589883
2024-11-27,Sun_Pharma,1760.0999755859375,1778.5999755859375,1740.25,1749.449951171875,1717.576416015625,1982546
2024-11-28,Sun_Pharma,1749.449951171875,1760.699951171875,1723.4000244140625,1734.25,1702.6534423828125,3071758
2024-11-29,Sun_Pharma,1742.9000244140625,1795.800048828125,1739.199951171875,1780.9000244140625,1748.4534912109375,2427677
2024-12-02,Sun_Pharma,1800.0,1814.0,1792.1500244140625,1808.550048828125,1775.599609375,1948045
2024-12-03,Sun_Pharma,1831.25,1832.0,1788.3499755859375,1800.050048828125,1767.254638671875,1543970
2024-12-04,Sun_Pharma,1810.5,1814.8499755859375,1785.0,1800.199951171875,1767.4017333984375,2320116
2024-12-05,Sun_Pharma,1808.699951171875,1825.949951171875,1775.4000244140625,1813.449951171875,1780.4102783203125,2742263
2024-12-06,Sun_Pharma,1815.8499755859375,1823.949951171875,1801.0,1804.8499755859375,1771.9669189453125,1590478
2024-12-09,Sun_Pharma,1814.800048828125,1819.949951171875,1796.699951171875,1806.6500244140625,1773.7342529296875,1528215
2024-12-10,Sun_Pharma,1821.0,1823.0,1796.0,1809.949951171875,1776.97412109375,2043634
2024-12-11,Sun_Pharma,1824.300048828125,1826.3499755859375,1805.050048828125,1814.0,1780.950439453125,1745911
2024-12-12,Sun_Pharma,1819.0,1820.0,1798.050048828125,1805.449951171875,1772.55615234375,1082394
2024-12-13,Sun_Pharma,1804.75,1816.800048828125,1774.050048828125,1813.449951171875,1780.4102783203125,1391111
2024-12-16,Sun_Pharma,1818.699951171875,1822.5,1792.3499755859375,1809.800048828125,1776.826904296875,1483330
2024-12-17,Sun_Pharma,1810.0,1815.75,1783.0999755859375,1789.050048828125,1756.4549560546875,1608164
2024-12-18,Sun_Pharma,1798.0,1822.449951171875,1792.800048828125,1801.050048828125,1768.236572265625,1732860
2024-12-19,Sun_Pharma,1801.0,1829.4000244140625,1790.800048828125,1823.300048828125,1790.0810546875,1924091
2024-12-20,Sun_Pharma,1823.300048828125,1825.949951171875,1794.0999755859375,1808.8499755859375,1775.8941650390625,2513418
2024-12-23,Sun_Pharma,1811.0,1828.0,1796.6500244140625,1814.5999755859375,1781.5394287109375,1299181
2024-12-24,Sun_Pharma,1814.9000244140625,1831.75,1803.1500244140625,1819.0,1785.8592529296875,1121058
2024-12-26,Sun_Pharma,1820.0,1845.050048828125,1814.4000244140625,1841.3499755859375,1807.802001953125,1402706
2024-12-27,Sun_Pharma,1845.5,1866.0,1836.75,1861.25,1827.339599609375,1668898
2024-12-30,Sun_Pharma,1862.050048828125,1895.75,1855.0,1883.9000244140625,1849.576904296875,6021550
2024-12-31,Sun_Pharma,1876.800048828125,1910.0,1868.800048828125,1886.3499755859375,1851.9822998046875,1844944
2025-01-01,Sun_Pharma,1889.9000244140625,1902.949951171875,1878.6500244140625,1889.949951171875,1855.5166015625,1338092
2025-01-02,Sun_Pharma,1892.0,1896.0,1864.949951171875,1878.0,1843.784423828125,2507223
2025-01-03,Sun_Pharma,1878.0,1884.0,1844.0,1849.6500244140625,1815.950927734375,1515825
2025-01-06,Sun_Pharma,1850.5,1856.5,1825.6500244140625,1847.4000244140625,1813.741943359375,1397724
2025-01-07,Sun_Pharma,1848.550048828125,1865.0,1845.6500244140625,1853.4000244140625,1819.632568359375,1615649
2025-01-08,Sun_Pharma,1862.5999755859375,1862.5999755859375,1829.199951171875,1837.75,1804.2677001953125,1298188
2025-01-09,Sun_Pharma,1841.0,1841.0,1814.0,1826.3499755859375,1793.0753173828125,1199181
2025-01-10,Sun_Pharma,1825.449951171875,1834.5999755859375,1772.75,1784.800048828125,1752.2823486328125,857827
2025-01-13,Sun_Pharma,1784.5999755859375,1785.550048828125,1742.449951171875,1746.9000244140625,1715.0728759765625,1645287
2025-01-14,Sun_Pharma,1755.0,1784.050048828125,1742.0999755859375,1770.8499755859375,1738.58642578125,1962645
2025-01-15,Sun_Pharma,1772.800048828125,1775.0,1747.699951171875,1756.8499755859375,1724.8416748046875,857867
2025-01-16,Sun_Pharma,1775.050048828125,1775.5999755859375,1740.800048828125,1763.300048828125,1731.174072265625,2180496
2025-01-17,Sun_Pharma,1779.0,1791.949951171875,1767.5999755859375,1786.550048828125,1754.00048828125,1163986
2025-01-20,Sun_Pharma,1789.3499755859375,1800.449951171875,1768.300048828125,1778.25,1745.8516845703125,1341246
2025-01-21,Sun_Pharma,1772.0999755859375,1805.75,1759.5,1762.699951171875,1730.5849609375,2489267
2025-01-22,Sun_Pharma,1777.0,1803.5999755859375,1773.8499755859375,1798.949951171875,1766.174560546875,2262270
2025-01-23,Sun_Pharma,1788.0999755859375,1839.75,1786.050048828125,1833.5999755859375,1800.1932373046875,1974760
2025-01-24,Sun_Pharma,1829.0,1843.0999755859375,1808.199951171875,1822.199951171875,1789.0009765625,1277935
2025-01-27,Sun_Pharma,1818.0999755859375,1824.25,1774.300048828125,1786.8499755859375,1754.2950439453125,1452975
2025-01-28,Sun_Pharma,1779.800048828125,1780.0,1693.0999755859375,1705.5,1674.42724609375,5972497
2025-01-29,Sun_Pharma,1705.5,1744.0,1696.0,1735.3499755859375,1703.7332763671875,1433336
2025-01-30,Sun_Pharma,1740.449951171875,1760.300048828125,1725.300048828125,1739.0999755859375,1707.4149169921875,2017991
2025-01-31,Sun_Pharma,1742.0,1769.8499755859375,1706.050048828125,1743.949951171875,1712.1766357421875,4275269
2025-02-01,Sun_Pharma,1740.0,1789.0,1733.300048828125,1742.199951171875,1710.45849609375,1477972
2025-02-03,Sun_Pharma,1781.449951171875,1785.9000244140625,1710.550048828125,1740.5999755859375,1708.8875732421875,2210231
2025-02-04,Sun_Pharma,1749.300048828125,1776.25,1740.6500244140625,1765.25,1733.0885009765625,2796294
2025-02-05,Sun_Pharma,1773.800048828125,1773.800048828125,1735.199951171875,1752.75,1720.81640625,1787905
2025-02-06,Sun_Pharma,1753.0,1768.3499755859375,1736.300048828125,1742.0,1720.5693359375,3421791
2025-02-07,Sun_Pharma,1751.4000244140625,1753.0,1727.300048828125,1749.800048828125,1728.2733154296875,1371545
2025-02-10,Sun_Pharma,1741.25,1750.0,1723.699951171875,1732.0999755859375,1710.7911376953125,1237839
2025-02-11,Sun_Pharma,1725.199951171875,1734.199951171875,1695.050048828125,1699.75,1678.839111328125,2779274
2025-02-12,Sun_Pharma,1706.449951171875,1714.949951171875,1688.050048828125,1693.8499755859375,1673.01171875,1757284
2025-02-13,Sun_Pharma,1700.0,1752.75,1699.949951171875,1746.3499755859375,1724.8658447265625,2750390
2025-02-14,Sun_Pharma,1747.3499755859375,1748.949951171875,1685.0,1700.5,1679.579833984375,2123774
2025-02-17,Sun_Pharma,1700.5,1735.3499755859375,1696.050048828125,1714.199951171875,1693.1112060546875,2277889
2025-02-18,Sun_Pharma,1714.199951171875,1729.75,1698.4000244140625,1701.5999755859375,1680.6663818359375,2163972
2025-02-19,Sun_Pharma,1665.0999755859375,1699.0,1647.0999755859375,1676.5999755859375,1655.9739990234375,2576319
2025-02-20,Sun_Pharma,1667.1500244140625,1677.949951171875,1663.0,1669.300048828125,1648.7637939453125,1670915
2025-02-21,Sun_Pharma,1678.050048828125,1684.4000244140625,1632.0,1643.75,1623.528076171875,2244190
2025-02-24,Sun_Pharma,1629.75,1669.9000244140625,1627.050048828125,1639.5,1619.330322265625,2357441
2025-02-25,Sun_Pharma,1639.5,1647.800048828125,1606.25,1613.5999755859375,1593.7490234375,2836717
2025-02-27,Sun_Pharma,1628.949951171875,1653.0999755859375,1605.050048828125,1647.5,1627.23193359375,2744489
2025-02-28,Sun_Pharma,1671.0,1671.0,1586.4000244140625,1593.25,1573.6492919921875,3549979
2025-03-03,Sun_Pharma,1585.300048828125,1607.4000244140625,1582.199951171875,1585.0999755859375,1565.599609375,1425492
2025-03-04,Sun_Pharma,1585.0,1590.0,1556.0,1566.5,1547.2283935546875,1717135
2025-03-05,Sun_Pharma,1564.5999755859375,1586.300048828125,1553.050048828125,1582.449951171875,1562.9820556640625,2428171
2025-03-06,Sun_Pharma,1598.25,1617.9000244140625,1572.550048828125,1614.0,1594.14404296875,2458676
2025-03-07,Sun_Pharma,1624.0,1628.75,1605.6500244140625,1609.300048828125,1589.501953125,980890
2025-03-10,Sun_Pharma,1621.949951171875,1641.449951171875,1602.75,1611.5,1591.6746826171875,1600589
2025-03-11,Sun_Pharma,1616.0999755859375,1663.5999755859375,1605.3499755859375,1655.300048828125,1634.9359130859375,3325416
2025-03-12,Sun_Pharma,1662.0,1680.25,1658.050048828125,1676.8499755859375,1656.2208251953125,2389362
2025-03-13,Sun_Pharma,1672.0,1687.1500244140625,1663.449951171875,1683.449951171875,1662.7396240234375,1666929
2025-03-17,Sun_Pharma,1694.050048828125,1720.1500244140625,1688.3499755859375,1704.300048828125,1683.3331298828125,2588408
2025-03-18,Sun_Pharma,1704.300048828125,1704.300048828125,1704.300048828125,1704.300048828125,1683.3331298828125,0
2025-03-19,Sun_Pharma,1747.800048828125,1748.0,1726.300048828125,1732.3499755859375,1711.0380859375,2167448
2025-03-20,Sun_Pharma,1735.6500244140625,1757.1500244140625,1722.9000244140625,1750.25,1728.7178955078125,1602232
2025-03-21,Sun_Pharma,1759.0,1792.800048828125,1750.25,1784.5,1762.5465087890625,2483162
2025-03-24,Sun_Pharma,1794.5,1820.0,1777.5999755859375,1784.800048828125,1762.8427734375,1182084
2025-03-25,Sun_Pharma,1784.800048828125,1795.949951171875,1758.5,1764.75,1743.0394287109375,1471028
2025-03-26,Sun_Pharma,1767.949951171875,1770.800048828125,1746.0999755859375,1758.949951171875,1737.3106689453125,1762361
2025-03-27,Sun_Pharma,1751.0,1752.300048828125,1720.0,1731.449951171875,1710.1490478515625,3279881
2025-03-28,Sun_Pharma,1731.449951171875,1741.3499755859375,1705.199951171875,1734.699951171875,1713.359130859375,1956781
2025-04-01,Sun_Pharma,1731.0,1733.949951171875,1681.5999755859375,1698.3499755859375,1677.4564208984375,4142445
2025-04-02,Sun_Pharma,1695.0,1718.449951171875,1685.9000244140625,1713.6500244140625,1692.568115234375,3369489
2025-04-03,Sun_Pharma,1755.0,1812.699951171875,1750.0,1770.0,1748.224853515625,5715573
2025-04-04,Sun_Pharma,1778.8499755859375,1778.8499755859375,1658.050048828125,1709.3499755859375,1688.3209228515625,5345276
2025-04-07,Sun_Pharma,1620.0999755859375,1692.0,1620.0999755859375,1666.3499755859375,1645.8499755859375,5715334
2025-04-08,Sun_Pharma,1645.0,1709.8499755859375,1645.0,1688.3499755859375,1667.5794677734375,2807382
2025-04-09,Sun_Pharma,1650.0,1679.75,1640.0,1652.199951171875,1631.8740234375,3481864
2025-04-11,Sun_Pharma,1710.0,1737.0,1682.0999755859375,1687.550048828125,1666.789306640625,3801939
2025-04-15,Sun_Pharma,1720.0,1724.5,1696.800048828125,1705.0,1684.0245361328125,1993085
2025-04-16,Sun_Pharma,1691.0999755859375,1702.699951171875,1682.0999755859375,1693.0999755859375,1672.2708740234375,2205374
2025-04-17,Sun_Pharma,1695.0,1758.0,1687.4000244140625,1751.5,1729.952392578125,2683908
2025-04-21,Sun_Pharma,1761.0,1761.0,1731.300048828125,1744.9000244140625,1723.4337158203125,1539511
2025-04-22,Sun_Pharma,1751.0,1755.0,1734.5,1747.4000244140625,1725.9029541015625,961907
2025-04-23,Sun_Pharma,1754.199951171875,1791.300048828125,1742.0999755859375,1788.800048828125,1766.7935791015625,1471029
2025-04-24,Sun_Pharma,1790.0,1807.9000244140625,1773.9000244140625,1803.9000244140625,1781.7078857421875,2101177
2025-04-25,Sun_Pharma,1806.0,1815.5,1764.199951171875,1787.4000244140625,1765.410888671875,2036801
2025-04-28,Sun_Pharma,1787.4000244140625,1846.0,1781.199951171875,1841.5999755859375,1818.944091796875,3216482
2025-04-29,Sun_Pharma,1845.0,1846.0,1797.0,1805.5,1783.2880859375,2886160
2025-04-30,Sun_Pharma,1810.0,1838.9000244140625,1803.300048828125,1832.300048828125,1809.758544921875,2667314
2025-05-02,Sun_Pharma,1832.300048828125,1851.199951171875,1813.800048828125,1824.5999755859375,1802.1531982421875,1885257
2025-05-05,Sun_Pharma,1827.800048828125,1843.300048828125,1821.4000244140625,1836.5999755859375,1814.0054931640625,1219830
2025-05-06,Sun_Pharma,1820.0,1827.9000244140625,1799.0,1819.0999755859375,1796.7208251953125,1414772
2025-05-07,Sun_Pharma,1817.9000244140625,1826.4000244140625,1778.699951171875,1781.300048828125,1759.3858642578125,2015237
2025-05-08,Sun_Pharma,1781.300048828125,1788.9000244140625,1755.0,1767.199951171875,1745.459228515625,2647871
2025-05-09,Sun_Pharma,1751.9000244140625,1766.300048828125,1731.699951171875,1744.800048828125,1723.3350830078125,1148956
2025-05-12,Sun_Pharma,1695.699951171875,1712.4000244140625,1623.5999755859375,1686.199951171875,1665.455810546875,9221075
2025-05-13,Sun_Pharma,1711.0,1748.5,1691.300048828125,1700.0,1679.086181640625,6988329
2025-05-14,Sun_Pharma,1702.0,1711.4000244140625,1692.0999755859375,1708.199951171875,1687.1851806640625,1639324
2025-05-15,Sun_Pharma,1701.0999755859375,1744.4000244140625,1684.0999755859375,1740.0999755859375,1718.6927490234375,3880385
2025-05-16,Sun_Pharma,1740.0,1741.5999755859375,1719.0,1734.9000244140625,1713.5567626953125,1448249
2025-05-19,Sun_Pharma,1745.0,1765.0,1726.5999755859375,1730.199951171875,1708.9144287109375,2074023
2025-05-20,Sun_Pharma,1743.800048828125,1748.0,1703.300048828125,1707.800048828125,1686.7901611328125,2706777
2025-05-21,Sun_Pharma,1716.4000244140625,1758.699951171875,1707.800048828125,1731.800048828125,1710.494873046875,2754306
2025-05-22,Sun_Pharma,1734.199951171875,1740.0,1707.199951171875,1718.699951171875,1697.555908203125,2670554
2025-05-23,Sun_Pharma,1658.0,1689.5,1636.5999755859375,1683.5999755859375,1662.8876953125,8339783
2025-05-26,Sun_Pharma,1693.0999755859375,1702.4000244140625,1667.0,1676.0999755859375,1655.47998046875,2282131
2025-05-27,Sun_Pharma,1676.0999755859375,1692.0,1661.0999755859375,1683.4000244140625,1662.6903076171875,2800622
2025-05-28,Sun_Pharma,1683.4000244140625,1686.9000244140625,1663.0,1666.4000244140625,1645.8994140625,2657712
2025-05-29,Sun_Pharma,1675.0,1703.300048828125,1670.4000244140625,1699.800048828125,1678.8885498046875,2377583
2025-05-30,Sun_Pharma,1702.0,1713.5999755859375,1669.0999755859375,1677.5999755859375,1656.961669921875,3640641
2025-06-02,Sun_Pharma,1679.0,1683.5,1660.5,1674.5999755859375,1653.9984130859375,1819538
2025-06-03,Sun_Pharma,1695.0,1695.0,1657.5999755859375,1667.5,1646.98583984375,2556920
2025-06-04,Sun_Pharma,1656.0,1669.0,1649.0,1664.9000244140625,1644.4178466796875,1700482
2025-06-05,Sun_Pharma,1662.0,1694.300048828125,1662.0,1683.0999755859375,1662.3939208984375,2037073
2025-06-06,Sun_Pharma,1685.0,1689.0,1669.0,1679.199951171875,1658.5419921875,2500047
2025-06-09,Sun_Pharma,1679.9000244140625,1698.800048828125,1673.300048828125,1694.4000244140625,1673.554931640625,2589656
2025-06-10,Sun_Pharma,1701.800048828125,1706.9000244140625,1677.699951171875,1688.800048828125,1668.02392578125,2369135
2025-06-11,Sun_Pharma,1694.800048828125,1695.0,1679.300048828125,1690.5999755859375,1669.8016357421875,1999978
2025-06-12,Sun_Pharma,1694.9000244140625,1727.5,1681.0999755859375,1687.4000244140625,1666.64111328125,3588365
2025-06-13,Sun_Pharma,1666.800048828125,1700.0,1661.0999755859375,1687.800048828125,1667.0362548828125,2404272
2025-06-16,Sun_Pharma,1665.0,1689.800048828125,1655.699951171875,1685.300048828125,1664.56689453125,2249326
2025-06-17,Sun_Pharma,1680.0,1681.699951171875,1641.0999755859375,1650.199951171875,1629.898681640625,5408285
2025-06-18,Sun_Pharma,1645.0,1661.300048828125,1638.5,1648.0,1627.7257080078125,1455885
2025-06-19,Sun_Pharma,1648.0999755859375,1655.300048828125,1636.0,1647.5999755859375,1627.3306884765625,1696525
2025-06-20,Sun_Pharma,1647.5999755859375,1670.0,1645.5999755859375,1665.0999755859375,1644.615478515625,2567882
2025-06-23,Sun_Pharma,1663.199951171875,1667.0,1647.199951171875,1662.5,1642.0474853515625,840643
2025-06-24,Sun_Pharma,1670.5,1686.4000244140625,1658.800048828125,1661.699951171875,1641.2572021484375,2066326
2025-06-25,Sun_Pharma,1661.699951171875,1678.800048828125,1658.0999755859375,1669.5999755859375,1649.06005859375,1372945
2025-06-26,Sun_Pharma,1674.800048828125,1678.9000244140625,1650.4000244140625,1669.800048828125,1649.257568359375,2102627
2025-06-27,Sun_Pharma,1670.199951171875,1695.699951171875,1668.199951171875,1687.5999755859375,1666.8385009765625,5313904
2025-06-30,Sun_Pharma,1696.0,1704.5,1671.5999755859375,1675.699951171875,1655.0849609375,2160184
2025-07-01,Sun_Pharma,1675.699951171875,1684.300048828125,1657.5,1667.199951171875,1646.689453125,3298070
2025-07-02,Sun_Pharma,1656.0,1682.0,1656.0,1677.5,1656.86279296875,1611046
2025-07-03,Sun_Pharma,1677.5,1692.800048828125,1674.5,1679.699951171875,1659.03564453125,1553777
2025-07-04,Sun_Pharma,1686.699951171875,1686.699951171875,1671.5999755859375,1676.300048828125,1655.677734375,1264399
2025-07-07,Sun_Pharma,1674.699951171875,1682.4000244140625,1663.0,1679.9000244140625,1664.6953125,1550620
2025-07-08,Sun_Pharma,1680.0,1682.0,1649.0999755859375,1672.5,1657.3623046875,1860328
2025-07-09,Sun_Pharma,1660.0,1680.800048828125,1647.0,1669.4000244140625,1654.2904052734375,2178705
2025-07-10,Sun_Pharma,1662.0,1670.5999755859375,1647.199951171875,1662.5,1647.4527587890625,1741718
2025-07-11,Sun_Pharma,1665.800048828125,1679.9000244140625,1662.199951171875,1672.0,1656.8668212890625,1298302
2025-07-14,Sun_Pharma,1680.4000244140625,1696.9000244140625,1675.5,1682.5999755859375,1667.370849609375,1309704
2025-07-15,Sun_Pharma,1705.0,1730.9000244140625,1687.9000244140625,1727.5,1711.864501953125,3332578
2025-07-16,Sun_Pharma,1730.0,1731.300048828125,1698.0,1701.0,1685.6043701171875,2285143
2025-07-17,Sun_Pharma,1704.0,1717.0,1696.0,1703.4000244140625,1687.982666015625,1461039
2025-07-18,Sun_Pharma,1709.0,1709.4000244140625,1686.699951171875,1693.5999755859375,1678.271240234375,1253929
2025-07-21,Sun_Pharma,1681.0999755859375,1701.4000244140625,1677.5,1692.300048828125,1676.983154296875,2390289
2025-07-22,Sun_Pharma,1686.0999755859375,1693.0999755859375,1672.800048828125,1678.0,1662.8125,1244491
2025-07-23,Sun_Pharma,1678.5,1689.5999755859375,1671.4000244140625,1682.5,1667.271728515625,1229173
2025-07-24,Sun_Pharma,1682.5,1696.0,1680.0999755859375,1692.0,1676.685791015625,1079045
2025-07-25,Sun_Pharma,1690.0,1702.0,1682.199951171875,1699.0,1683.6224365234375,1088592
2025-07-28,Sun_Pharma,1702.0999755859375,1710.0999755859375,1693.9000244140625,1702.199951171875,1686.7933349609375,2168507
2025-07-29,Sun_Pharma,1698.0,1718.0,1697.0999755859375,1710.5,1695.018310546875,1325544
2025-07-30,Sun_Pharma,1720.0,1740.5,1712.0999755859375,1733.800048828125,1718.1075439453125,2318723
2025-07-31,Sun_Pharma,1715.5,1748.0,1694.0,1706.699951171875,1691.252685546875,3233087
2025-08-01,Sun_Pharma,1690.0,1695.0,1608.0,1629.699951171875,1614.94970703125,8774548
2025-08-04,Sun_Pharma,1629.800048828125,1647.4000244140625,1613.5999755859375,1641.5999755859375,1626.7418212890625,1898762
2025-08-05,Sun_Pharma,1640.9000244140625,1644.5999755859375,1620.0999755859375,1632.0999755859375,1617.327880859375,1622897
2025-08-06,Sun_Pharma,1629.699951171875,1629.699951171875,1591.0,1595.199951171875,1580.761962890625,2376257
2025-08-07,Sun_Pharma,1581.0,1605.4000244140625,1571.0,1598.4000244140625,1583.932861328125,3435674
2025-08-08,Sun_Pharma,1590.0,1602.0,1580.9000244140625,1586.9000244140625,1572.5369873046875,1654424
2025-08-11,Sun_Pharma,1586.9000244140625,1660.0,1584.199951171875,1608.4000244140625,1593.842529296875,1140902
2025-08-12,Sun_Pharma,1611.699951171875,1636.699951171875,1610.0999755859375,1622.199951171875,1607.5174560546875,1679088
2025-08-13,Sun_Pharma,1624.199951171875,1643.5,1617.300048828125,1639.800048828125,1624.9583740234375,1313668
2025-08-14,Sun_Pharma,1639.800048828125,1651.0999755859375,1632.199951171875,1641.4000244140625,1626.5438232421875,1738094
2025-08-18,Sun_Pharma,1649.5999755859375,1649.5999755859375,1625.4000244140625,1632.699951171875,1617.9224853515625,3080173
2025-08-19,Sun_Pharma,1632.800048828125,1638.0,1619.0999755859375,1626.5999755859375,1611.8775634765625,2656391
2025-08-20,Sun_Pharma,1634.0,1636.5,1616.0,1633.0999755859375,1618.31884765625,1831706
2025-08-21,Sun_Pharma,1630.800048828125,1652.5,1623.9000244140625,1640.199951171875,1625.3544921875,1727099
2025-08-22,Sun_Pharma,1642.0,1651.4000244140625,1635.0999755859375,1641.800048828125,1626.940185546875,2098310
2025-08-25,Sun_Pharma,1649.199951171875,1660.5,1634.0,1656.699951171875,1641.7052001953125,1904984
2025-08-26,Sun_Pharma,1645.0,1647.4000244140625,1596.199951171875,1600.300048828125,1585.8157958984375,4502371
2025-08-28,Sun_Pharma,1593.0999755859375,1600.0,1567.5999755859375,1585.699951171875,1571.347900390625,4993739
2025-08-29,Sun_Pharma,1581.0,1601.699951171875,1575.800048828125,1594.5,1580.0682373046875,3176534
2025-09-01,Sun_Pharma,1599.0,1600.199951171875,1556.199951171875,1563.300048828125,1549.150634765625,9366820
2025-09-02,Sun_Pharma,1566.0,1570.300048828125,1558.0,1565.199951171875,1551.033447265625,2855840
2025-09-03,Sun_Pharma,1562.0999755859375,1581.0999755859375,1558.300048828125,1578.699951171875,1564.4112548828125,2091370
2025-09-04,Sun_Pharma,1597.0,1597.0,1561.0,1582.300048828125,1567.978759765625,2298657
2025-09-05,Sun_Pharma,1582.4000244140625,1599.300048828125,1575.5,1593.5999755859375,1579.1763916015625,1814479
2025-09-08,Sun_Pharma,1597.5999755859375,1604.5,1578.199951171875,1581.0,1566.6904296875,1369139
2025-09-09,Sun_Pharma,1580.0,1597.0,1577.5,1591.699951171875,1577.2935791015625,1709406
2025-09-10,Sun_Pharma,1592.0999755859375,1601.5999755859375,1582.4000244140625,1593.4000244140625,1578.978271484375,2408379
2025-09-11,Sun_Pharma,1592.5,1617.0,1591.0,1609.699951171875,1595.130615234375,1762484
2025-09-12,Sun_Pharma,1610.0,1622.5,1603.0999755859375,1616.5999755859375,1601.9681396484375,1878894
2025-09-15,Sun_Pharma,1616.5999755859375,1617.0999755859375,1595.4000244140625,1602.0,1587.5003662109375,2005917
2025-09-16,Sun_Pharma,1602.5,1615.0,1600.0,1610.5,1595.9234619140625,1480567
2025-09-17,Sun_Pharma,1612.5999755859375,1622.0999755859375,1607.4000244140625,1620.199951171875,1605.53564453125,2128406
2025-09-18,Sun_Pharma,1635.0999755859375,1651.300048828125,1627.699951171875,1648.5999755859375,1633.678466796875,1832386
2025-09-19,Sun_Pharma,1648.5999755859375,1668.0999755859375,1643.0999755859375,1656.0,1641.0115966796875,3191406
2025-09-22,Sun_Pharma,1650.0,1657.9000244140625,1635.300048828125,1644.0,1629.1202392578125,1785320
2025-09-23,Sun_Pharma,1643.199951171875,1644.0,1625.0999755859375,1631.199951171875,1616.43603515625,1967731
2025-09-24,Sun_Pharma,1630.0,1635.9000244140625,1625.0,1627.0999755859375,1612.3731689453125,1131058
2025-09-25,Sun_Pharma,1627.9000244140625,1642.800048828125,1622.699951171875,1627.4000244140625,1612.67041015625,2762750
2025-09-26,Sun_Pharma,1585.0,1602.9000244140625,1548.0,1586.699951171875,1572.3387451171875,7256759
2025-09-29,Sun_Pharma,1581.0,1618.9000244140625,1580.0,1589.300048828125,1574.9154052734375,4180922
2025-09-30,Sun_Pharma,1589.0999755859375,1604.300048828125,1586.0,1594.300048828125,1579.8701171875,2257443
2025-10-01,Sun_Pharma,1611.9000244140625,1651.5,1611.9000244140625,1636.199951171875,1621.3907470703125,3109095
2025-10-03,Sun_Pharma,1600.0,1645.5,1600.0,1631.199951171875,1616.43603515625,4041865
2025-10-06,Sun_Pharma,1630.0,1659.699951171875,1620.0,1654.699951171875,1639.723388671875,1756916
2025-10-07,Sun_Pharma,1649.4000244140625,1663.0,1647.0,1653.0999755859375,1638.1378173828125,2174852
2025-10-08,Sun_Pharma,1645.0,1655.0,1629.0,1631.5999755859375,1616.8323974609375,1846507
2025-10-09,Sun_Pharma,1645.0,1662.300048828125,1632.4000244140625,1658.5,1643.489013671875,2197566
2025-10-10,Sun_Pharma,1655.0,1676.5999755859375,1649.0,1670.9000244140625,1655.7767333984375,1454056
2025-10-13,Sun_Pharma,1662.5,1675.0,1655.800048828125,1668.4000244140625,1653.29931640625,1375179
2025-10-14,Sun_Pharma,1667.5999755859375,1669.9000244140625,1646.199951171875,1654.4000244140625,1639.4261474609375,2108287
2025-10-15,Sun_Pharma,1652.5,1668.699951171875,1650.0999755859375,1655.0999755859375,1640.1197509765625,2088737
2025-10-16,Sun_Pharma,1654.0,1662.9000244140625,1643.199951171875,1659.0,1643.984375,2895957
2025-10-17,Sun_Pharma,1658.199951171875,1692.0,1656.699951171875,1679.0999755859375,1663.902587890625,1594147
2025-10-20,Sun_Pharma,1684.9000244140625,1696.9000244140625,1682.800048828125,1688.5999755859375,1673.3165283203125,1647622
2025-10-21,Sun_Pharma,1690.0,1696.0,1684.0,1690.5,1675.1993408203125,74296
2025-10-23,Sun_Pharma,1705.0,1712.0,1682.199951171875,1689.9000244140625,1674.6048583984375,2687094
2025-10-24,Sun_Pharma,1690.0,1701.9000244140625,1686.0,1699.0,1683.6224365234375,994307
2025-10-27,Sun_Pharma,1701.0,1708.5,1690.0,1693.5999755859375,1678.271240234375,2067904
2025-10-28,Sun_Pharma,1692.0,1702.699951171875,1679.199951171875,1687.0,1671.73095703125,2440939
2025-10-29,Sun_Pharma,1690.0,1722.0,1687.300048828125,1715.9000244140625,1700.3695068359375,1016738
2025-10-30,Sun_Pharma,1715.800048828125,1716.9000244140625,1680.0999755859375,1703.4000244140625,1687.982666015625,1986233
2025-10-31,Sun_Pharma,1700.0,1705.0,1686.800048828125,1690.699951171875,1675.3974609375,1560918
2025-11-03,Sun_Pharma,1688.199951171875,1712.800048828125,1681.199951171875,1706.4000244140625,1690.9554443359375,1099955
2025-11-04,Sun_Pharma,1707.0,1711.199951171875,1682.199951171875,1690.0,1674.7039794921875,1597993
2025-11-06,Sun_Pharma,1699.0,1723.9000244140625,1667.0,1685.9000244140625,1670.6409912109375,3389867
2025-11-07,Sun_Pharma,1694.0,1710.0,1683.0999755859375,1691.4000244140625,1676.0911865234375,1512908
2025-11-10,Sun_Pharma,1697.5,1703.0999755859375,1685.800048828125,1697.800048828125,1682.433349609375,1235665
2025-11-11,Sun_Pharma,1701.5999755859375,1719.0,1695.0,1716.0999755859375,1700.567626953125,1315353
2025-11-12,Sun_Pharma,1721.4000244140625,1744.0999755859375,1710.199951171875,1732.0999755859375,1716.4228515625,1833097
2025-11-13,Sun_Pharma,1734.5,1747.800048828125,1725.4000244140625,1737.4000244140625,1721.6748046875,1727602
2025-11-14,Sun_Pharma,1737.4000244140625,1760.0999755859375,1734.699951171875,1757.0999755859375,1741.196533203125,1667322
2025-11-17,Sun_Pharma,1765.800048828125,1768.0,1747.699951171875,1763.9000244140625,1747.9349365234375,1430618
2025-11-18,Sun_Pharma,1764.0,1764.5,1750.0,1758.800048828125,1742.8812255859375,1429522
2025-11-19,Sun_Pharma,1762.0,1790.300048828125,1751.0999755859375,1784.0999755859375,1767.9521484375,2131124
2025-11-20,Sun_Pharma,1790.0,1792.0,1773.0999755859375,1777.4000244140625,1761.3128662109375,1513894
2025-11-21,Sun_Pharma,1778.0,1787.4000244140625,1773.699951171875,1779.699951171875,1763.5919189453125,2199311
2025-11-24,Sun_Pharma,1785.9000244140625,1785.9000244140625,1771.800048828125,1780.800048828125,1764.68212890625,3434492
2025-11-25,Sun_Pharma,1785.0,1792.0999755859375,1766.0999755859375,1776.800048828125,1760.71826171875,1848114
2025-11-26,Sun_Pharma,1775.5,1806.9000244140625,1773.5999755859375,1804.9000244140625,1788.56396484375,1158948
2025-11-27,Sun_Pharma,1802.0999755859375,1814.9000244140625,1802.0999755859375,1810.300048828125,1793.9150390625,2902053
2025-11-28,Sun_Pharma,1810.300048828125,1833.0,1807.5,1831.5999755859375,1815.022216796875,1623103
2025-12-01,Sun_Pharma,1841.0,1849.0,1801.0,1807.4000244140625,1791.0413818359375,1869293
2025-12-02,Sun_Pharma,1804.0,1814.9000244140625,1788.5999755859375,1799.5,1783.2127685546875,2948688
2025-12-03,Sun_Pharma,1805.0,1816.0,1782.5,1806.699951171875,1790.34765625,2114510
2025-12-04,Sun_Pharma,1808.4000244140625,1823.199951171875,1798.300048828125,1818.300048828125,1801.8426513671875,1713961
2025-12-05,Sun_Pharma,1819.0,1820.199951171875,1800.199951171875,1805.300048828125,1788.96044921875,1777401
2025-12-08,Sun_Pharma,1805.300048828125,1806.0,1785.699951171875,1796.199951171875,1779.942626953125,2410074
2025-12-09,Sun_Pharma,1796.0,1801.199951171875,1772.0,1776.0,1759.925537109375,2401728
2025-12-10,Sun_Pharma,1787.9000244140625,1791.699951171875,1767.9000244140625,1785.5,1769.3394775390625,2321746
2025-12-11,Sun_Pharma,1778.0,1810.5,1775.0999755859375,1807.199951171875,1790.843017578125,1280916
2025-12-12,Sun_Pharma,1808.0,1811.800048828125,1791.0,1793.5,1777.26708984375,1442309
2025-12-15,Sun_Pharma,1779.0,1804.5999755859375,1777.5999755859375,1797.0999755859375,1780.83447265625,1396948
2025-12-16,Sun_Pharma,1790.0,1791.9000244140625,1778.300048828125,1781.300048828125,1765.177490234375,1533979
2025-12-17,Sun_Pharma,1781.0,1797.5999755859375,1771.5,1792.9000244140625,1776.6724853515625,1910628
2025-12-18,Sun_Pharma,1785.0,1785.0,1736.0,1745.9000244140625,1730.097900390625,3461351
2025-12-19,Sun_Pharma,1747.0,1760.0,1741.199951171875,1744.9000244140625,1729.1070556640625,2768986
2025-12-22,Sun_Pharma,1744.9000244140625,1773.199951171875,1743.0999755859375,1769.800048828125,1753.7816162109375,1467257
2025-12-23,Sun_Pharma,1772.0,1774.5999755859375,1751.699951171875,1755.9000244140625,1740.0074462890625,1124853
2025-12-24,Sun_Pharma,1755.9000244140625,1759.0,1719.0,1737.0,1721.278564453125,2224786
2025-12-26,Sun_Pharma,1737.0,1737.0,1708.0,1719.5,1703.9368896484375,2507337
2025-12-29,Sun_Pharma,1719.5,1727.5,1710.300048828125,1717.199951171875,1701.6575927734375,1800816
2025-12-30,Sun_Pharma,1723.0999755859375,1723.0999755859375,1707.0,1720.199951171875,1704.6304931640625,2639497
2025-12-31,Sun_Pharma,1720.199951171875,1725.5999755859375,1715.5,1719.699951171875,1704.135009765625,1428439
2026-01-01,Sun_Pharma,1720.0,1726.0,1708.9000244140625,1721.0999755859375,1705.5223388671875,877515
2026-01-02,Sun_Pharma,1721.0999755859375,1732.0,1719.4000244140625,1728.0,1712.35986328125,974123
2026-01-05,Sun_Pharma,1728.0,1746.0,1723.4000244140625,1728.9000244140625,1713.2518310546875,1416698
2026-01-06,Sun_Pharma,1725.699951171875,1762.5999755859375,1725.699951171875,1760.199951171875,1744.2684326171875,1658801
2026-01-07,Sun_Pharma,1755.0,1806.5999755859375,1748.5,1782.5999755859375,1766.4658203125,3059500
2026-01-08,Sun_Pharma,1766.0,1778.5999755859375,1757.699951171875,1760.699951171875,1744.763916015625,1910656
2026-01-09,Sun_Pharma,1765.199951171875,1765.199951171875,1727.0,1729.9000244140625,1714.2427978515625,1585689
2026-01-12,Sun_Pharma,1732.0999755859375,1744.300048828125,1714.0999755859375,1736.0,1720.2874755859375,2327272
2026-01-13,Sun_Pharma,1743.0,1743.800048828125,1712.0999755859375,1728.699951171875,1713.053466796875,1770082
2026-01-14,Sun_Pharma,1737.0999755859375,1737.0999755859375,1689.199951171875,1700.699951171875,1685.3070068359375,2479677
2026-01-15,Sun_Pharma,1700.699951171875,1700.699951171875,1700.699951171875,1700.699951171875,1685.3070068359375,0
2026-01-16,Sun_Pharma,1708.0,1708.0,1659.300048828125,1668.9000244140625,1653.794921875,3697596
2026-01-19,Sun_Pharma,1650.0,1687.300048828125,1600.0,1675.4000244140625,1660.2359619140625,2975272
2026-01-20,Sun_Pharma,1674.0999755859375,1674.0999755859375,1602.800048828125,1613.800048828125,1599.193603515625,5019166
2026-01-21,Sun_Pharma,1637.0,1645.0,1607.699951171875,1612.9000244140625,1598.3017578125,3947877
2026-01-22,Sun_Pharma,1614.0999755859375,1646.5,1613.199951171875,1634.199951171875,1619.408935546875,2279862
2026-01-23,Sun_Pharma,1640.0,1648.9000244140625,1625.4000244140625,1631.9000244140625,1617.1297607421875,1678658
2026-01-27,Sun_Pharma,1658.199951171875,1658.199951171875,1622.300048828125,1638.9000244140625,1624.06640625,2666522
2026-01-28,Sun_Pharma,1639.9000244140625,1649.300048828125,1600.0,1610.5999755859375,1596.0224609375,4124391
2026-01-29,Sun_Pharma,1625.0,1625.0,1583.699951171875,1589.300048828125,1574.9154052734375,5796513
2026-01-30,Sun_Pharma,1589.300048828125,1606.5,1585.0999755859375,1595.300048828125,1580.8609619140625,3962196
2026-02-02,Sun_Pharma,1634.0,1634.0,1598.199951171875,1627.9000244140625,1613.166015625,2721280
2026-02-03,Sun_Pharma,1709.9000244140625,1725.0,1671.0,1702.0999755859375,1686.6943359375,8520586
2026-02-04,Sun_Pharma,1714.9000244140625,1729.0,1695.300048828125,1704.4000244140625,1688.9735107421875,3952775
2026-02-05,Sun_Pharma,1699.0,1710.0,1684.300048828125,1702.5999755859375,1698.1494140625,3074842
2026-02-06,Sun_Pharma,1709.0,1709.0,1689.5999755859375,1695.0999755859375,1690.6690673828125,1277116
2026-02-09,Sun_Pharma,1706.699951171875,1713.4000244140625,1696.0,1704.5999755859375,1700.1441650390625,2647031
2026-02-10,Sun_Pharma,1709.5999755859375,1719.800048828125,1702.0999755859375,1707.800048828125,1703.3359375,1869988
2026-02-11,Sun_Pharma,1715.0,1716.699951171875,1702.5,1711.0999755859375,1706.627197265625,1175501
2026-02-12,Sun_Pharma,1714.800048828125,1719.0,1701.199951171875,1714.9000244140625,1710.4173583984375,1359444
2026-02-13,Sun_Pharma,1714.9000244140625,1719.0,1694.5999755859375,1697.5,1693.062744140625,1148165
2026-02-16,Sun_Pharma,1697.5,1715.0,1693.4000244140625,1700.5,1696.054931640625,1247403
2026-02-17,Sun_Pharma,1696.0,1719.0,1693.9000244140625,1717.0999755859375,1712.611572265625,1053855
2026-02-18,Sun_Pharma,1720.4000244140625,1730.5999755859375,1717.0999755859375,1724.4000244140625,1719.8924560546875,1262429
2026-02-19,Sun_Pharma,1722.199951171875,1727.0,1710.0,1713.4000244140625,1708.9212646484375,1143429
2026-02-20,Sun_Pharma,1710.0999755859375,1727.0,1708.0999755859375,1724.4000244140625,1719.8924560546875,1203988
2026-02-23,Sun_Pharma,1732.9000244140625,1735.800048828125,1720.199951171875,1732.300048828125,1727.7718505859375,1550400
2026-02-24,Sun_Pharma,1732.0,1745.9000244140625,1723.699951171875,1731.800048828125,1727.273193359375,2769363
2026-02-25,Sun_Pharma,1742.0,1770.4000244140625,1733.4000244140625,1764.199951171875,1759.58837890625,1200997
2026-02-26,Sun_Pharma,1764.199951171875,1792.199951171875,1760.300048828125,1785.699951171875,1781.0322265625,2076586
2026-02-27,Sun_Pharma,1779.0,1788.0999755859375,1730.9000244140625,1737.0,1732.4595947265625,3041489
2026-03-02,Sun_Pharma,1712.0,1759.9000244140625,1712.0,1752.5,1747.9190673828125,3919270
2026-03-04,Sun_Pharma,1721.199951171875,1757.199951171875,1721.0,1750.5,1745.92431640625,4914857
2026-03-05,Sun_Pharma,1750.0,1794.9000244140625,1748.0,1784.5,1779.8353271484375,3600895
2026-03-06,Sun_Pharma,1784.5,1805.5999755859375,1771.800048828125,1799.4000244140625,1794.6964111328125,3669921
2026-03-09,Sun_Pharma,1772.9000244140625,1815.0,1770.0,1807.4000244140625,1802.675537109375,4112775
2026-03-10,Sun_Pharma,1810.0,1825.0999755859375,1803.300048828125,1812.800048828125,1808.0614013671875,3298680
2026-03-11,Sun_Pharma,1823.0,1843.0,1818.0999755859375,1825.9000244140625,1821.127197265625,2510495
2026-03-12,Sun_Pharma,1828.0,1833.5999755859375,1808.4000244140625,1825.300048828125,1820.52880859375,2606057
2026-03-13,Sun_Pharma,1822.0,1833.300048828125,1797.0,1801.5999755859375,1796.890625,2554627
2026-03-16,Sun_Pharma,1801.5999755859375,1818.0,1768.800048828125,1783.199951171875,1778.5386962890625,2452391
2026-03-17,Sun_Pharma,1794.0999755859375,1806.0999755859375,1781.0999755859375,1794.4000244140625,1789.70947265625,1979497
2026-03-18,Sun_Pharma,1799.5999755859375,1805.0,1773.199951171875,1778.300048828125,1773.651611328125,2436459
2026-03-19,Sun_Pharma,1760.5,1784.0,1737.9000244140625,1744.4000244140625,1739.8402099609375,2301164
2026-03-20,Sun_Pharma,1755.0999755859375,1781.300048828125,1754.300048828125,1777.0999755859375,1772.4547119140625,3591446
2026-03-23,Sun_Pharma,1774.800048828125,1775.0,1741.0999755859375,1758.4000244140625,1753.8035888671875,2783613
2026-03-24,Sun_Pharma,1775.0,1779.9000244140625,1745.0999755859375,1753.300048828125,1748.717041015625,2040152
2026-03-25,Sun_Pharma,1766.699951171875,1809.5,1755.5,1795.4000244140625,1790.7069091796875,1900794
2026-03-27,Sun_Pharma,1785.0,1819.0,1785.0,1793.5999755859375,1788.91162109375,2975423
2026-03-30,Sun_Pharma,1786.800048828125,1790.0,1750.0999755859375,1757.199951171875,1752.606689453125,4182503
2026-04-01,Sun_Pharma,1762.0999755859375,1788.0,1713.199951171875,1728.5,1723.9818115234375,3245628
2026-04-02,Sun_Pharma,1665.0,1700.0,1620.0,1693.5999755859375,1689.1729736328125,3937824
2026-04-06,Sun_Pharma,1684.300048828125,1699.0,1654.9000244140625,1694.5999755859375,1690.17041015625,3533715
2026-04-07,Sun_Pharma,1689.800048828125,1723.9000244140625,1681.300048828125,1718.0,1713.5091552734375,2471378
2026-04-08,Sun_Pharma,1730.0,1749.199951171875,1685.5,1714.5999755859375,1710.1180419921875,4859877
2026-04-09,Sun_Pharma,1702.699951171875,1730.9000244140625,1702.699951171875,1717.0999755859375,1712.611572265625,3276165
2026-04-10,Sun_Pharma,1699.199951171875,1700.0,1630.4000244140625,1654.9000244140625,1650.57421875,8089531
2026-04-13,Sun_Pharma,1654.9000244140625,1668.699951171875,1640.0999755859375,1652.199951171875,1647.881103515625,3751005
2026-04-15,Sun_Pharma,1675.0,1699.199951171875,1657.699951171875,1696.5999755859375,1692.1651611328125,3760449
2026-04-16,Sun_Pharma,1713.9000244140625,1713.9000244140625,1666.5999755859375,1693.0999755859375,1688.67431640625,4512633
2026-04-17,Sun_Pharma,1696.9000244140625,1696.9000244140625,1670.5,1675.5,1671.120361328125,3146482
2026-04-20,Sun_Pharma,1680.0,1680.0,1665.0,1668.5999755859375,1664.23828125,1834532
2026-04-21,Sun_Pharma,1667.199951171875,1682.9000244140625,1659.9000244140625,1665.199951171875,1660.84716796875,3631490
2026-04-22,Sun_Pharma,1665.199951171875,1673.9000244140625,1652.4000244140625,1669.800048828125,1665.435302734375,2169514
2026-04-23,Sun_Pharma,1669.0,1713.0,1661.199951171875,1680.0999755859375,1675.708251953125,3245164
2026-04-24,Sun_Pharma,1670.4000244140625,1673.300048828125,1613.5999755859375,1620.4000244140625,1616.164306640625,9606128
2026-04-27,Sun_Pharma,1625.0,1766.9000244140625,1621.9000244140625,1733.5,1728.96875,26995361
2026-04-28,Sun_Pharma,1724.0,1763.9000244140625,1714.300048828125,1747.300048828125,1742.732666015625,16599167
2026-04-29,Sun_Pharma,1756.0,1789.800048828125,1750.0,1778.699951171875,1774.050537109375,9809449
2026-04-30,Sun_Pharma,1771.0,1815.0,1761.4000244140625,1808.300048828125,1803.5732421875,4749798
2026-05-01,Sun_Pharma,1808.300048828125,1808.300048828125,1808.300048828125,1808.300048828125,1803.5732421875,0
2026-05-04,Sun_Pharma,1820.0,1841.0,1810.0,1823.5,1818.7333984375,4206373
2026-05-05,Sun_Pharma,1828.5,1831.699951171875,1798.5999755859375,1820.800048828125,1816.04052734375,3011421
2026-05-06,Sun_Pharma,1837.0,1857.800048828125,1818.4000244140625,1850.199951171875,1845.3636474609375,3247156
2026-05-07,Sun_Pharma,1850.199951171875,1857.0999755859375,1826.300048828125,1834.4000244140625,1829.60498046875,2201070
2026-05-08,Sun_Pharma,1822.0,1857.5,1819.199951171875,1847.9000244140625,1843.0697021484375,2837885
2026-05-11,Sun_Pharma,1827.199951171875,1885.800048828125,1825.0,1872.699951171875,1867.8048095703125,2564978
2026-05-12,Sun_Pharma,1875.0,1879.4000244140625,1840.0,1845.699951171875,1840.8753662109375,3263351
2026-05-13,Sun_Pharma,1845.699951171875,1860.0,1820.0,1824.800048828125,1820.0301513671875,1972365
2026-05-14,Sun_Pharma,1852.0,1867.5,1829.699951171875,1863.199951171875,1858.32958984375,2429220
2026-05-15,Sun_Pharma,1874.0,1887.9000244140625,1863.199951171875,1878.199951171875,1873.2904052734375,2756465
2026-05-18,Sun_Pharma,1878.199951171875,1911.0,1865.0,1905.800048828125,1900.818359375,3456331
2026-05-19,Sun_Pharma,1900.5,1916.5999755859375,1880.0,1882.300048828125,1877.3797607421875,2200951
2026-05-20,Sun_Pharma,1880.0,1892.9000244140625,1872.0,1880.300048828125,1875.385009765625,1376695
2026-05-21,Sun_Pharma,1892.0,1899.5999755859375,1868.0999755859375,1891.300048828125,1886.3563232421875,1605806
2026-05-22,Sun_Pharma,1903.0,1903.0,1833.0999755859375,1844.5999755859375,1839.7783203125,3610732
2026-05-25,Sun_Pharma,1840.0,1849.0,1825.0,1840.5999755859375,1835.7886962890625,3049028
2026-05-26,Sun_Pharma,1830.0,1844.9000244140625,1815.9000244140625,1840.800048828125,1835.98828125,2337759
2026-05-27,Sun_Pharma,1865.0,1882.0,1830.0,1844.300048828125,1839.4791259765625,1385752
2026-05-28,Sun_Pharma,1844.300048828125,1844.300048828125,1844.300048828125,1844.300048828125,1839.4791259765625,0
2026-05-29,Sun_Pharma,1844.300048828125,1852.800048828125,1785.300048828125,1799.199951171875,1794.4969482421875,10058572
2026-06-01,Sun_Pharma,1812.0,1812.0999755859375,1777.0999755859375,1796.5,1791.8040771484375,2051152
2026-06-02,Sun_Pharma,1794.199951171875,1800.0,1766.5,1789.9000244140625,1785.2213134765625,2885899
2026-06-03,Sun_Pharma,1781.0,1796.300048828125,1756.800048828125,1788.5,1783.824951171875,4209769
2026-06-04,Sun_Pharma,1787.0,1793.4000244140625,1768.5999755859375,1780.0999755859375,1775.4468994140625,2343536
2026-06-05,Sun_Pharma,1789.0,1802.9000244140625,1779.0,1782.199951171875,1777.5413818359375,2495159
2026-06-08,Sun_Pharma,1780.699951171875,1803.5,1773.5,1788.800048828125,1784.1241455078125,3098542
2026-06-09,Sun_Pharma,1787.699951171875,1796.5999755859375,1766.0999755859375,1779.0,1774.3497314453125,3756570
2026-06-10,Sun_Pharma,1779.5999755859375,1797.5999755859375,1771.0,1786.4000244140625,1781.73046875,1882009
2026-06-11,Sun_Pharma,1780.0,1805.0,1778.699951171875,1794.199951171875,1789.510009765625,1858093
2026-06-12,Sun_Pharma,1807.0,1814.5,1792.5,1807.699951171875,1802.9747314453125,1243362
2026-06-15,Sun_Pharma,1818.0,1818.0,1797.800048828125,1806.0,1801.2791748046875,2188933
2026-06-16,Sun_Pharma,1808.0,1809.9000244140625,1792.5999755859375,1800.699951171875,1795.9930419921875,1373638
2026-06-17,Sun_Pharma,1814.0,1823.4000244140625,1802.5999755859375,1820.4000244140625,1815.6416015625,1771990
2026-06-18,Sun_Pharma,1817.5,1830.0,1812.5,1824.800048828125,1820.0301513671875,2054738
2026-06-19,Sun_Pharma,1824.0,1842.699951171875,1820.9000244140625,1838.300048828125,1833.4947509765625,2126703
2026-06-22,Sun_Pharma,1845.0,1865.199951171875,1834.0,1862.9000244140625,1858.030517578125,1588758
2026-06-23,Sun_Pharma,1870.0,1902.4000244140625,1861.199951171875,1868.0,1863.1170654296875,2812236
2026-06-24,Sun_Pharma,1868.0,1882.0999755859375,1864.9000244140625,1874.4000244140625,1869.5003662109375,1406231
2026-06-25,Sun_Pharma,1870.0,1887.0,1858.0,1862.800048828125,1857.9307861328125,1816438
2026-06-26,Sun_Pharma,1862.800048828125,1862.800048828125,1862.800048828125,1862.800048828125,1857.9307861328125,0
2026-06-29,Sun_Pharma,1876.800048828125,1897.0999755859375,1855.9000244140625,1874.800048828125,1869.8994140625,1655869
2026-06-30,Sun_Pharma,1885.0,1892.9000244140625,1859.4000244140625,1862.5,1857.6314697265625,2352774
2026-07-01,Sun_Pharma,1877.9000244140625,1887.4000244140625,1860.199951171875,1866.199951171875,1861.32177734375,1230360
2026-07-02,Sun_Pharma,1876.0,1882.0,1868.300048828125,1871.0,1866.1092529296875,1485296
2026-07-03,Sun_Pharma,1880.0,1925.0999755859375,1871.5999755859375,1904.800048828125,1899.8209228515625,2168491
2026-07-06,Sun_Pharma,1904.0,1917.0,1900.0,1912.800048828125,1907.800048828125,1213635
2026-07-07,Sun_Pharma,1900.5999755859375,1924.9000244140625,1898.5999755859375,1903.4000244140625,1903.4000244140625,2060613
